{"texture_size":[128,128],"textures":{"1":"item/adg/401"},"elements":[{"from":[-1.05528,0.12052,14.27263],"to":[5.06184,1.59316,19.48351],"rotation":{"angle":-22.5,"axis":"y","origin":[3.13608,0.8002,16.42495]},"faces":{"north":{"uv":[9,0.25,9.75,0.4375],"texture":"#1"},"east":{"uv":[9,5,9.625,5.1875],"texture":"#1"},"south":{"uv":[0.75,9,1.5,9.1875],"texture":"#1"},"west":{"uv":[9,6.375,9.625,6.5625],"texture":"#1"},"up":{"uv":[7.125,0.625,6.375,0],"texture":"#1"},"down":{"uv":[7.125,3.5,6.375,4.125],"texture":"#1"}}},{"from":[-2.41464,0.91348,12.23359],"to":[2.34312,2.95252,25.82719],"rotation":{"angle":22.5,"axis":"z","origin":[0.64392,2.15956,21.74911]},"faces":{"north":{"uv":[8.375,6.625,9,6.875],"texture":"#1"},"east":{"uv":[4.375,0.75,6.0625,1],"texture":"#1"},"south":{"uv":[6.375,8.5,7,8.75],"texture":"#1"},"west":{"uv":[4.375,1,6.0625,1.25],"texture":"#1"},"up":{"uv":[2.75,3.8125,2.125,2.125],"texture":"#1"},"down":{"uv":[3.375,2.125,2.75,3.8125],"texture":"#1"}}},{"from":[12.53832,1.14004,-4.75841],"to":[15.93672,2.72596,9.51487],"rotation":{"angle":-22.5,"axis":"z","origin":[14.23752,2.15956,4.75711]},"faces":{"north":{"uv":[9.25,6,9.6875,6.1875],"texture":"#1"},"east":{"uv":[7.125,0,8.9375,0.1875],"texture":"#1"},"south":{"uv":[9.25,7.75,9.6875,7.9375],"texture":"#1"},"west":{"uv":[7.125,0.25,8.9375,0.4375],"texture":"#1"},"up":{"uv":[4.1875,6.5625,3.75,4.75],"texture":"#1"},"down":{"uv":[5.3125,2.25,4.875,4.0625],"texture":"#1"}}},{"from":[12.53832,-1.12556,-4.07873],"to":[15.93672,0.46036,8.83519],"rotation":{"angle":22.5,"axis":"z","origin":[14.23752,-0.55916,4.75711]},"faces":{"north":{"uv":[9.25,4.75,9.6875,4.9375],"texture":"#1"},"east":{"uv":[5.625,7.5,7.25,7.6875],"texture":"#1"},"south":{"uv":[9.25,5.75,9.6875,5.9375],"texture":"#1"},"west":{"uv":[7.25,7.5,8.875,7.6875],"texture":"#1"},"up":{"uv":[0.9375,7.375,0.5,5.75],"texture":"#1"},"down":{"uv":[1.4375,5.75,1,7.375],"texture":"#1"}}},{"from":[0.06328,1.14004,-4.75841],"to":[3.46168,2.72596,9.51487],"rotation":{"angle":22.5,"axis":"z","origin":[1.76248,2.15956,4.75711]},"faces":{"north":{"uv":[9.375,2,9.8125,2.1875],"texture":"#1"},"east":{"uv":[7.125,5,8.9375,5.1875],"texture":"#1"},"south":{"uv":[9.375,3.25,9.8125,3.4375],"texture":"#1"},"west":{"uv":[5.875,7.25,7.6875,7.4375],"texture":"#1"},"up":{"uv":[5.3125,5.9375,4.875,4.125],"texture":"#1"},"down":{"uv":[4.6875,5.25,4.25,7.0625],"texture":"#1"}}},{"from":[0.06328,-1.12556,-4.07873],"to":[3.46168,0.46036,8.83519],"rotation":{"angle":-22.5,"axis":"z","origin":[1.76248,-0.55916,4.75711]},"faces":{"north":{"uv":[9.375,1.75,9.8125,1.9375],"texture":"#1"},"east":{"uv":[7.625,4,9.25,4.1875],"texture":"#1"},"south":{"uv":[2,9.375,2.4375,9.5625],"texture":"#1"},"west":{"uv":[7.625,4.25,9.25,4.4375],"texture":"#1"},"up":{"uv":[2.9375,7.375,2.5,5.75],"texture":"#1"},"down":{"uv":[6.3125,2.25,5.875,3.875],"texture":"#1"}}},{"from":[3.0228,-1.12556,-14.04737],"to":[6.4212,0.46036,-1.13345],"rotation":{"angle":-22.5,"axis":"z","origin":[4.722,-0.55916,-5.21153]},"faces":{"north":{"uv":[9.375,0.5,9.8125,0.6875],"texture":"#1"},"east":{"uv":[7.625,3.5,9.25,3.6875],"texture":"#1"},"south":{"uv":[9.375,0.75,9.8125,0.9375],"texture":"#1"},"west":{"uv":[7.625,3.75,9.25,3.9375],"texture":"#1"},"up":{"uv":[1.9375,7.375,1.5,5.75],"texture":"#1"},"down":{"uv":[2.4375,5.75,2,7.375],"texture":"#1"}}},{"from":[10.9524,0.00724,3.49151],"to":[14.80392,1.59316,7.70239],"rotation":{"angle":-22.5,"axis":"y","origin":[12.87816,0.8002,5.55007]},"faces":{"north":{"uv":[7.625,9.125,8.125,9.3125],"texture":"#1"},"east":{"uv":[8.125,9.125,8.625,9.3125],"texture":"#1"},"south":{"uv":[9.125,8.125,9.625,8.3125],"texture":"#1"},"west":{"uv":[9.125,8.375,9.625,8.5625],"texture":"#1"},"up":{"uv":[6.25,1.75,5.75,1.25],"texture":"#1"},"down":{"uv":[1.625,7.75,1.125,8.25],"texture":"#1"}}},{"from":[1.19608,0.00724,3.49151],"to":[5.0476,1.59316,7.70239],"rotation":{"angle":22.5,"axis":"y","origin":[3.12184,0.8002,5.55007]},"faces":{"north":{"uv":[1,9.25,1.5,9.4375],"texture":"#1"},"east":{"uv":[1.5,9.25,2,9.4375],"texture":"#1"},"south":{"uv":[2.75,9.25,3.25,9.4375],"texture":"#1"},"west":{"uv":[9.25,3.5,9.75,3.6875],"texture":"#1"},"up":{"uv":[2.125,8.25,1.625,7.75],"texture":"#1"},"down":{"uv":[4,7.75,3.5,8.25],"texture":"#1"}}},{"from":[1.21032,0.00724,-13.36769],"to":[5.06184,1.59316,-2.03969],"rotation":{"angle":-22.5,"axis":"y","origin":[3.13608,0.8002,-5.09825]},"faces":{"north":{"uv":[0,9.25,0.5,9.4375],"texture":"#1"},"east":{"uv":[4.625,7.75,6.0625,7.9375],"texture":"#1"},"south":{"uv":[0.5,9.25,1,9.4375],"texture":"#1"},"west":{"uv":[7.75,5.875,9.1875,6.0625],"texture":"#1"},"up":{"uv":[5.875,3.6875,5.375,2.25],"texture":"#1"},"down":{"uv":[5.875,3.75,5.375,5.1875],"texture":"#1"}}},{"from":[10.93816,0.00724,-13.36769],"to":[14.78968,1.59316,-2.03969],"rotation":{"angle":22.5,"axis":"y","origin":[12.86392,0.8002,-5.09825]},"faces":{"north":{"uv":[9.25,3.75,9.75,3.9375],"texture":"#1"},"east":{"uv":[6.125,7.75,7.5625,7.9375],"texture":"#1"},"south":{"uv":[9.25,4,9.75,4.1875],"texture":"#1"},"west":{"uv":[7.75,6.125,9.1875,6.3125],"texture":"#1"},"up":{"uv":[5.875,6.6875,5.375,5.25],"texture":"#1"},"down":{"uv":[0.5,5.625,0,7.0625],"texture":"#1"}}},{"from":[9.5788,-1.12556,-14.04737],"to":[12.9772,0.46036,-1.13345],"rotation":{"angle":22.5,"axis":"z","origin":[11.278,-0.55916,-5.21153]},"faces":{"north":{"uv":[3.75,9.375,4.1875,9.5625],"texture":"#1"},"east":{"uv":[7.625,4.5,9.25,4.6875],"texture":"#1"},"south":{"uv":[9.375,5.25,9.8125,5.4375],"texture":"#1"},"west":{"uv":[7.625,4.75,9.25,4.9375],"texture":"#1"},"up":{"uv":[6.3125,5.5,5.875,3.875],"texture":"#1"},"down":{"uv":[6.3125,5.5,5.875,7.125],"texture":"#1"}}},{"from":[4.29134,-0.44588,-7.73193],"to":[11.76782,2.4994,7.67415],"rotation":{"angle":0,"axis":"y","origin":[9.6155,0.8002,-12.48969]},"faces":{"north":{"uv":[6.875,2.5,7.8125,2.875],"texture":"#1"},"east":{"uv":[4.375,0,6.3125,0.375],"texture":"#1"},"south":{"uv":[6.875,2.875,7.8125,3.25],"texture":"#1"},"west":{"uv":[4.375,0.375,6.3125,0.75],"texture":"#1"},"up":{"uv":[0.9375,1.9375,0,0],"texture":"#1"},"down":{"uv":[1.9375,0,1,1.9375],"texture":"#1"}}},{"from":[5.42414,-0.44588,-15.20841],"to":[10.63502,2.95252,2.23671],"rotation":{"angle":0,"axis":"x","origin":[8.02958,1.25332,-6.48585]},"faces":{"north":{"uv":[3.5,7.25,4.125,7.6875],"texture":"#1"},"east":{"uv":[3.5,1.25,5.6875,1.6875],"texture":"#1"},"south":{"uv":[0.5,7.75,1.125,8.1875],"texture":"#1"},"west":{"uv":[4,1.75,6.1875,2.1875],"texture":"#1"},"up":{"uv":[1.5,4.1875,0.875,2],"texture":"#1"},"down":{"uv":[2.125,2.125,1.5,4.3125],"texture":"#1"}}},{"from":[10.9524,-0.21932,-4.30529],"to":[14.80392,2.04628,6.11647],"rotation":{"angle":0,"axis":"y","origin":[12.87816,0.8002,3.51103]},"faces":{"north":{"uv":[1.375,8.625,1.875,8.9375],"texture":"#1"},"east":{"uv":[6.375,5.875,7.6875,6.1875],"texture":"#1"},"south":{"uv":[3.375,8.625,3.875,8.9375],"texture":"#1"},"west":{"uv":[6.375,6.25,7.6875,6.5625],"texture":"#1"},"up":{"uv":[5.25,7.3125,4.75,6],"texture":"#1"},"down":{"uv":[3.5,6.125,3,7.4375],"texture":"#1"}}},{"from":[1.19608,-0.21932,-4.30529],"to":[5.0476,2.04628,6.11647],"rotation":{"angle":0,"axis":"y","origin":[3.12184,0.8002,3.51103]},"faces":{"north":{"uv":[6.375,8.75,6.875,9.0625],"texture":"#1"},"east":{"uv":[6.375,6.625,7.6875,6.9375],"texture":"#1"},"south":{"uv":[8.75,7.75,9.25,8.0625],"texture":"#1"},"west":{"uv":[6.75,0.625,8.0625,0.9375],"texture":"#1"},"up":{"uv":[6.75,2.0625,6.25,0.75],"texture":"#1"},"down":{"uv":[6.875,2.125,6.375,3.4375],"texture":"#1"}}},{"from":[-2.41464,-1.35212,13.59295],"to":[2.34312,0.68692,25.14751],"rotation":{"angle":-22.5,"axis":"z","origin":[0.64392,-0.55916,21.74911]},"faces":{"north":{"uv":[8.5,8.125,9.125,8.375],"texture":"#1"},"east":{"uv":[6.75,1.5,8.1875,1.75],"texture":"#1"},"south":{"uv":[8.5,8.375,9.125,8.625],"texture":"#1"},"west":{"uv":[6.75,1.75,8.1875,2],"texture":"#1"},"up":{"uv":[0.625,5.5625,0,4.125],"texture":"#1"},"down":{"uv":[1.25,4.25,0.625,5.6875],"texture":"#1"}}},{"from":[-1.5084,-0.44588,21.97567],"to":[2.34312,2.04628,27.41311],"rotation":{"angle":0,"axis":"y","origin":[0.64392,0.57364,21.06943]},"faces":{"north":{"uv":[0.375,8.625,0.875,8.9375],"texture":"#1"},"east":{"uv":[0.5,8.25,1.1875,8.5625],"texture":"#1"},"south":{"uv":[0.875,8.625,1.375,8.9375],"texture":"#1"},"west":{"uv":[1.25,8.25,1.9375,8.5625],"texture":"#1"},"up":{"uv":[0.5,7.8125,0,7.125],"texture":"#1"},"down":{"uv":[7.625,3.5,7.125,4.1875],"texture":"#1"}}},{"from":[-0.60216,0.91348,21.06943],"to":[1.43688,3.40564,26.50687],"rotation":{"angle":-22.5,"axis":"x","origin":[0.30408,2.15956,23.78815]},"faces":{"north":{"uv":[4,3,4.25,3.3125],"texture":"#1"},"east":{"uv":[8.25,1.5,8.9375,1.8125],"texture":"#1"},"south":{"uv":[1.875,5.125,2.125,5.4375],"texture":"#1"},"west":{"uv":[3.375,8.25,4.0625,8.5625],"texture":"#1"},"up":{"uv":[3.375,4.5625,3.125,3.875],"texture":"#1"},"down":{"uv":[4.25,2.25,4,2.9375],"texture":"#1"}}},{"from":[1.66344,-0.21932,27.86623],"to":[2.11656,1.81972,28.31935],"rotation":{"angle":0,"axis":"y","origin":[0.64392,0.57364,26.95999]},"faces":{"north":{"uv":[4.625,7.125,4.6875,7.375],"texture":"#1"},"east":{"uv":[6.375,8.25,6.4375,8.5],"texture":"#1"},"south":{"uv":[0.375,8.375,0.4375,8.625],"texture":"#1"},"west":{"uv":[5.875,8.625,5.9375,8.875],"texture":"#1"},"up":{"uv":[10.1875,7.5625,10.125,7.5],"texture":"#1"},"down":{"uv":[10.1875,7.625,10.125,7.6875],"texture":"#1"}}},{"from":[-0.82872,1.3666,27.86623],"to":[1.66344,1.81972,28.31935],"rotation":{"angle":0,"axis":"y","origin":[0.1908,0.57364,26.95999]},"faces":{"north":{"uv":[7.75,5.25,8.0625,5.3125],"texture":"#1"},"east":{"uv":[10.125,8,10.1875,8.0625],"texture":"#1"},"south":{"uv":[9,1.75,9.3125,1.8125],"texture":"#1"},"west":{"uv":[10.125,8.125,10.1875,8.1875],"texture":"#1"},"up":{"uv":[6.1875,9.3125,5.875,9.25],"texture":"#1"},"down":{"uv":[9.8125,3,9.5,3.0625],"texture":"#1"}}},{"from":[-0.82872,-0.21932,27.86623],"to":[1.66344,0.2338,28.31935],"rotation":{"angle":0,"axis":"y","origin":[0.1908,-1.01228,26.95999]},"faces":{"north":{"uv":[9.5,3.125,9.8125,3.1875],"texture":"#1"},"east":{"uv":[10.125,8.25,10.1875,8.3125],"texture":"#1"},"south":{"uv":[9.5,8.875,9.8125,8.9375],"texture":"#1"},"west":{"uv":[10.125,8.375,10.1875,8.4375],"texture":"#1"},"up":{"uv":[9.8125,9.0625,9.5,9],"texture":"#1"},"down":{"uv":[4.0625,9.625,3.75,9.6875],"texture":"#1"}}},{"from":[-1.28184,-0.21932,27.86623],"to":[-0.82872,1.81972,28.31935],"rotation":{"angle":0,"axis":"y","origin":[0.64392,0.57364,26.95999]},"faces":{"north":{"uv":[6.25,8.875,6.3125,9.125],"texture":"#1"},"east":{"uv":[7.625,9.75,7.6875,10],"texture":"#1"},"south":{"uv":[9.75,7.625,9.8125,7.875],"texture":"#1"},"west":{"uv":[7.75,9.75,7.8125,10],"texture":"#1"},"up":{"uv":[10.1875,7.8125,10.125,7.75],"texture":"#1"},"down":{"uv":[10.1875,7.875,10.125,7.9375],"texture":"#1"}}},{"from":[-0.82872,-0.21932,28.77247],"to":[1.66344,0.2338,29.22559],"rotation":{"angle":0,"axis":"y","origin":[0.1908,-1.01228,27.86623]},"faces":{"north":{"uv":[9.625,6.375,9.9375,6.4375],"texture":"#1"},"east":{"uv":[9.125,10.125,9.1875,10.1875],"texture":"#1"},"south":{"uv":[9.625,6.5,9.9375,6.5625],"texture":"#1"},"west":{"uv":[10.125,9.125,10.1875,9.1875],"texture":"#1"},"up":{"uv":[9.9375,6.6875,9.625,6.625],"texture":"#1"},"down":{"uv":[9.9375,6.75,9.625,6.8125],"texture":"#1"}}},{"from":[-0.82872,1.3666,28.77247],"to":[1.66344,1.81972,29.22559],"rotation":{"angle":0,"axis":"y","origin":[0.1908,0.57364,27.86623]},"faces":{"north":{"uv":[9.625,5,9.9375,5.0625],"texture":"#1"},"east":{"uv":[9,10.125,9.0625,10.1875],"texture":"#1"},"south":{"uv":[9.625,5.125,9.9375,5.1875],"texture":"#1"},"west":{"uv":[10.125,9,10.1875,9.0625],"texture":"#1"},"up":{"uv":[6.1875,9.6875,5.875,9.625],"texture":"#1"},"down":{"uv":[6.5625,9.625,6.25,9.6875],"texture":"#1"}}},{"from":[-1.28184,-0.21932,28.77247],"to":[-0.82872,1.81972,29.22559],"rotation":{"angle":0,"axis":"y","origin":[0.64392,0.57364,27.86623]},"faces":{"north":{"uv":[8.25,9.75,8.3125,10],"texture":"#1"},"east":{"uv":[9.75,8.625,9.8125,8.875],"texture":"#1"},"south":{"uv":[9,9.75,9.0625,10],"texture":"#1"},"west":{"uv":[9.125,9.75,9.1875,10],"texture":"#1"},"up":{"uv":[10.1875,8.8125,10.125,8.75],"texture":"#1"},"down":{"uv":[10.1875,8.875,10.125,8.9375],"texture":"#1"}}},{"from":[1.66344,-0.21932,28.77247],"to":[2.11656,1.81972,29.22559],"rotation":{"angle":0,"axis":"y","origin":[0.64392,0.57364,27.86623]},"faces":{"north":{"uv":[7.875,9.75,7.9375,10],"texture":"#1"},"east":{"uv":[9.75,7.875,9.8125,8.125],"texture":"#1"},"south":{"uv":[8,9.75,8.0625,10],"texture":"#1"},"west":{"uv":[8.125,9.75,8.1875,10],"texture":"#1"},"up":{"uv":[10.1875,8.5625,10.125,8.5],"texture":"#1"},"down":{"uv":[10.1875,8.625,10.125,8.6875],"texture":"#1"}}},{"from":[-0.82872,-0.21932,29.67871],"to":[1.66344,0.2338,30.13183],"rotation":{"angle":0,"axis":"y","origin":[0.1908,-1.01228,28.77247]},"faces":{"north":{"uv":[9.625,7.375,9.9375,7.4375],"texture":"#1"},"east":{"uv":[9.625,10.125,9.6875,10.1875],"texture":"#1"},"south":{"uv":[7.625,9.625,7.9375,9.6875],"texture":"#1"},"west":{"uv":[10.125,9.625,10.1875,9.6875],"texture":"#1"},"up":{"uv":[8.3125,9.6875,8,9.625],"texture":"#1"},"down":{"uv":[9.9375,8.125,9.625,8.1875],"texture":"#1"}}},{"from":[-0.82872,1.3666,29.67871],"to":[1.66344,1.81972,30.13183],"rotation":{"angle":0,"axis":"y","origin":[0.1908,0.57364,28.77247]},"faces":{"north":{"uv":[9.625,6.875,9.9375,6.9375],"texture":"#1"},"east":{"uv":[9.5,10.125,9.5625,10.1875],"texture":"#1"},"south":{"uv":[9.625,7,9.9375,7.0625],"texture":"#1"},"west":{"uv":[10.125,9.5,10.1875,9.5625],"texture":"#1"},"up":{"uv":[9.9375,7.1875,9.625,7.125],"texture":"#1"},"down":{"uv":[9.9375,7.25,9.625,7.3125],"texture":"#1"}}},{"from":[-1.28184,-0.21932,29.67871],"to":[-0.82872,1.81972,30.13183],"rotation":{"angle":0,"axis":"y","origin":[0.64392,0.57364,28.77247]},"faces":{"north":{"uv":[9.625,9.75,9.6875,10],"texture":"#1"},"east":{"uv":[9.75,9.625,9.8125,9.875],"texture":"#1"},"south":{"uv":[0,9.875,0.0625,10.125],"texture":"#1"},"west":{"uv":[0.125,9.875,0.1875,10.125],"texture":"#1"},"up":{"uv":[9.4375,10.1875,9.375,10.125],"texture":"#1"},"down":{"uv":[10.1875,9.375,10.125,9.4375],"texture":"#1"}}},{"from":[1.66344,-0.21932,29.67871],"to":[2.11656,1.81972,30.13183],"rotation":{"angle":0,"axis":"y","origin":[0.64392,0.57364,28.77247]},"faces":{"north":{"uv":[9.25,9.75,9.3125,10],"texture":"#1"},"east":{"uv":[9.375,9.75,9.4375,10],"texture":"#1"},"south":{"uv":[9.75,9.375,9.8125,9.625],"texture":"#1"},"west":{"uv":[9.5,9.75,9.5625,10],"texture":"#1"},"up":{"uv":[9.3125,10.1875,9.25,10.125],"texture":"#1"},"down":{"uv":[10.1875,9.25,10.125,9.3125],"texture":"#1"}}},{"from":[13.65688,0.91348,12.23359],"to":[18.41464,2.95252,25.82719],"rotation":{"angle":-22.5,"axis":"z","origin":[15.35608,2.15956,21.74911]},"faces":{"north":{"uv":[8.25,8.625,8.875,8.875],"texture":"#1"},"east":{"uv":[6.375,5.375,8.0625,5.625],"texture":"#1"},"south":{"uv":[8.75,1.875,9.375,2.125],"texture":"#1"},"west":{"uv":[6.375,5.625,8.0625,5.875],"texture":"#1"},"up":{"uv":[3.5,1.6875,2.875,0],"texture":"#1"},"down":{"uv":[4,1.75,3.375,3.4375],"texture":"#1"}}},{"from":[13.65688,-1.35212,13.59295],"to":[18.41464,0.68692,25.14751],"rotation":{"angle":22.5,"axis":"z","origin":[15.35608,-0.55916,21.74911]},"faces":{"north":{"uv":[7,8.625,7.625,8.875],"texture":"#1"},"east":{"uv":[6.875,2,8.3125,2.25],"texture":"#1"},"south":{"uv":[7.625,8.625,8.25,8.875],"texture":"#1"},"west":{"uv":[6.875,2.25,8.3125,2.5],"texture":"#1"},"up":{"uv":[4.875,3.6875,4.25,2.25],"texture":"#1"},"down":{"uv":[4.875,3.75,4.25,5.1875],"texture":"#1"}}},{"from":[13.65688,-0.44588,21.97567],"to":[17.5084,2.04628,27.41311],"rotation":{"angle":0,"axis":"y","origin":[15.35608,0.57364,21.06943]},"faces":{"north":{"uv":[4.875,8.625,5.375,8.9375],"texture":"#1"},"east":{"uv":[7,8.25,7.6875,8.5625],"texture":"#1"},"south":{"uv":[5.375,8.625,5.875,8.9375],"texture":"#1"},"west":{"uv":[7.75,8.25,8.4375,8.5625],"texture":"#1"},"up":{"uv":[4.625,7.8125,4.125,7.125],"texture":"#1"},"down":{"uv":[7.625,4.25,7.125,4.9375],"texture":"#1"}}},{"from":[13.88344,-0.21932,27.86623],"to":[14.33656,1.81972,28.31935],"rotation":{"angle":0,"axis":"y","origin":[15.35608,0.57364,26.95999]},"faces":{"north":{"uv":[5,9.875,5.0625,10.125],"texture":"#1"},"east":{"uv":[5.125,9.875,5.1875,10.125],"texture":"#1"},"south":{"uv":[5.25,9.875,5.3125,10.125],"texture":"#1"},"west":{"uv":[9.875,5.25,9.9375,5.5],"texture":"#1"},"up":{"uv":[10.3125,1.1875,10.25,1.125],"texture":"#1"},"down":{"uv":[1.3125,10.25,1.25,10.3125],"texture":"#1"}}},{"from":[16.82872,-0.21932,27.86623],"to":[17.28184,1.81972,28.31935],"rotation":{"angle":0,"axis":"y","origin":[15.35608,0.57364,26.95999]},"faces":{"north":{"uv":[4.5,9.875,4.5625,10.125],"texture":"#1"},"east":{"uv":[4.625,9.875,4.6875,10.125],"texture":"#1"},"south":{"uv":[4.75,9.875,4.8125,10.125],"texture":"#1"},"west":{"uv":[4.875,9.875,4.9375,10.125],"texture":"#1"},"up":{"uv":[10.3125,0.9375,10.25,0.875],"texture":"#1"},"down":{"uv":[10.3125,1,10.25,1.0625],"texture":"#1"}}},{"from":[14.33656,1.3666,27.86623],"to":[16.82872,1.81972,28.31935],"rotation":{"angle":0,"axis":"y","origin":[15.8092,0.57364,26.95999]},"faces":{"north":{"uv":[9.75,2.5,10.0625,2.5625],"texture":"#1"},"east":{"uv":[10.25,0.625,10.3125,0.6875],"texture":"#1"},"south":{"uv":[9.75,2.625,10.0625,2.6875],"texture":"#1"},"west":{"uv":[10.25,0.75,10.3125,0.8125],"texture":"#1"},"up":{"uv":[10.0625,2.8125,9.75,2.75],"texture":"#1"},"down":{"uv":[10.0625,3.5,9.75,3.5625],"texture":"#1"}}},{"from":[14.33656,-0.21932,27.86623],"to":[16.82872,0.2338,28.31935],"rotation":{"angle":0,"axis":"y","origin":[15.8092,-1.01228,26.95999]},"faces":{"north":{"uv":[9.75,1.375,10.0625,1.4375],"texture":"#1"},"east":{"uv":[10.25,0.5,10.3125,0.5625],"texture":"#1"},"south":{"uv":[9.75,1.5,10.0625,1.5625],"texture":"#1"},"west":{"uv":[0.625,10.25,0.6875,10.3125],"texture":"#1"},"up":{"uv":[10.0625,1.6875,9.75,1.625],"texture":"#1"},"down":{"uv":[10.0625,2.375,9.75,2.4375],"texture":"#1"}}},{"from":[13.88344,-0.21932,28.77247],"to":[14.33656,1.81972,29.22559],"rotation":{"angle":0,"axis":"y","origin":[15.35608,0.57364,27.86623]},"faces":{"north":{"uv":[3.5,9.875,3.5625,10.125],"texture":"#1"},"east":{"uv":[3.625,9.875,3.6875,10.125],"texture":"#1"},"south":{"uv":[9.875,3.625,9.9375,3.875],"texture":"#1"},"west":{"uv":[4.375,9.875,4.4375,10.125],"texture":"#1"},"up":{"uv":[10.3125,0.4375,10.25,0.375],"texture":"#1"},"down":{"uv":[0.5625,10.25,0.5,10.3125],"texture":"#1"}}},{"from":[16.82872,-0.21932,28.77247],"to":[17.28184,1.81972,29.22559],"rotation":{"angle":0,"axis":"y","origin":[15.35608,0.57364,27.86623]},"faces":{"north":{"uv":[9.875,2,9.9375,2.25],"texture":"#1"},"east":{"uv":[9.875,3,9.9375,3.25],"texture":"#1"},"south":{"uv":[9.875,3.25,9.9375,3.5],"texture":"#1"},"west":{"uv":[3.375,9.875,3.4375,10.125],"texture":"#1"},"up":{"uv":[10.3125,0.3125,10.25,0.25],"texture":"#1"},"down":{"uv":[0.4375,10.25,0.375,10.3125],"texture":"#1"}}},{"from":[14.33656,1.3666,28.77247],"to":[16.82872,1.81972,29.22559],"rotation":{"angle":0,"axis":"y","origin":[15.8092,0.57364,27.86623]},"faces":{"north":{"uv":[9.75,0.375,10.0625,0.4375],"texture":"#1"},"east":{"uv":[10.25,0.125,10.3125,0.1875],"texture":"#1"},"south":{"uv":[9.75,1,10.0625,1.0625],"texture":"#1"},"west":{"uv":[0.25,10.25,0.3125,10.3125],"texture":"#1"},"up":{"uv":[10.0625,1.1875,9.75,1.125],"texture":"#1"},"down":{"uv":[10.0625,1.25,9.75,1.3125],"texture":"#1"}}},{"from":[14.33656,-0.21932,28.77247],"to":[16.82872,0.2338,29.22559],"rotation":{"angle":0,"axis":"y","origin":[15.8092,-1.01228,27.86623]},"faces":{"north":{"uv":[9.75,0,10.0625,0.0625],"texture":"#1"},"east":{"uv":[10.25,0,10.3125,0.0625],"texture":"#1"},"south":{"uv":[9.75,0.125,10.0625,0.1875],"texture":"#1"},"west":{"uv":[0.125,10.25,0.1875,10.3125],"texture":"#1"},"up":{"uv":[10.0625,0.3125,9.75,0.25],"texture":"#1"},"down":{"uv":[0.6875,9.75,0.375,9.8125],"texture":"#1"}}},{"from":[13.88344,-0.21932,29.67871],"to":[14.33656,1.81972,30.13183],"rotation":{"angle":0,"axis":"y","origin":[15.35608,0.57364,28.77247]},"faces":{"north":{"uv":[0.625,9.875,0.6875,10.125],"texture":"#1"},"east":{"uv":[9.875,0.75,9.9375,1],"texture":"#1"},"south":{"uv":[9.875,1.75,9.9375,2],"texture":"#1"},"west":{"uv":[1.875,9.875,1.9375,10.125],"texture":"#1"},"up":{"uv":[10.1875,10.1875,10.125,10.125],"texture":"#1"},"down":{"uv":[0.0625,10.25,0,10.3125],"texture":"#1"}}},{"from":[16.82872,-0.21932,29.67871],"to":[17.28184,1.81972,30.13183],"rotation":{"angle":0,"axis":"y","origin":[15.35608,0.57364,28.77247]},"faces":{"north":{"uv":[0.25,9.875,0.3125,10.125],"texture":"#1"},"east":{"uv":[0.375,9.875,0.4375,10.125],"texture":"#1"},"south":{"uv":[0.5,9.875,0.5625,10.125],"texture":"#1"},"west":{"uv":[9.875,0.5,9.9375,0.75],"texture":"#1"},"up":{"uv":[10.0625,10.1875,10,10.125],"texture":"#1"},"down":{"uv":[10.1875,10,10.125,10.0625],"texture":"#1"}}},{"from":[14.33656,1.3666,29.67871],"to":[16.82872,1.81972,30.13183],"rotation":{"angle":0,"axis":"y","origin":[15.8092,0.57364,28.77247]},"faces":{"north":{"uv":[9.625,9.125,9.9375,9.1875],"texture":"#1"},"east":{"uv":[9.875,10.125,9.9375,10.1875],"texture":"#1"},"south":{"uv":[9.625,9.25,9.9375,9.3125],"texture":"#1"},"west":{"uv":[10.125,9.875,10.1875,9.9375],"texture":"#1"},"up":{"uv":[9.6875,9.6875,9.375,9.625],"texture":"#1"},"down":{"uv":[0.3125,9.75,0,9.8125],"texture":"#1"}}},{"from":[14.33656,-0.21932,29.67871],"to":[16.82872,0.2338,30.13183],"rotation":{"angle":0,"axis":"y","origin":[15.8092,-1.01228,28.77247]},"faces":{"north":{"uv":[9.625,8.25,9.9375,8.3125],"texture":"#1"},"east":{"uv":[9.75,10.125,9.8125,10.1875],"texture":"#1"},"south":{"uv":[9.625,8.375,9.9375,8.4375],"texture":"#1"},"west":{"uv":[10.125,9.75,10.1875,9.8125],"texture":"#1"},"up":{"uv":[9.9375,8.5625,9.625,8.5],"texture":"#1"},"down":{"uv":[9.3125,9.625,9,9.6875],"texture":"#1"}}},{"from":[14.56312,0.91348,21.06943],"to":[16.60216,3.40564,26.50687],"rotation":{"angle":-22.5,"axis":"x","origin":[15.69592,2.15956,23.78815]},"faces":{"north":{"uv":[3.5,6.125,3.75,6.4375],"texture":"#1"},"east":{"uv":[5.25,8.25,5.9375,8.5625],"texture":"#1"},"south":{"uv":[2.5,9.375,2.75,9.6875],"texture":"#1"},"west":{"uv":[8.25,6.875,8.9375,7.1875],"texture":"#1"},"up":{"uv":[2.125,5.0625,1.875,4.375],"texture":"#1"},"down":{"uv":[3,8.375,2.75,9.0625],"texture":"#1"}}},{"from":[10.93816,0.12052,14.27263],"to":[17.05528,1.59316,19.48351],"rotation":{"angle":22.5,"axis":"y","origin":[12.86392,0.8002,16.42495]},"faces":{"north":{"uv":[1.5,9,2.25,9.1875],"texture":"#1"},"east":{"uv":[3.75,9.125,4.375,9.3125],"texture":"#1"},"south":{"uv":[9,1.5,9.75,1.6875],"texture":"#1"},"west":{"uv":[6.25,9.125,6.875,9.3125],"texture":"#1"},"up":{"uv":[7.125,4.75,6.375,4.125],"texture":"#1"},"down":{"uv":[7.125,4.75,6.375,5.375],"texture":"#1"}}},{"from":[4.83528,0.00724,6.79615],"to":[5.51496,2.4994,14.72575],"rotation":{"angle":-22.5,"axis":"z","origin":[5.74152,0.00724,11.55391]},"faces":{"north":{"uv":[2.25,9.625,2.3125,9.9375],"texture":"#1"},"east":{"uv":[0.5,7.375,1.5,7.6875],"texture":"#1"},"south":{"uv":[2.375,9.625,2.4375,9.9375],"texture":"#1"},"west":{"uv":[1.5,7.375,2.5,7.6875],"texture":"#1"},"up":{"uv":[8.5625,10.375,8.5,9.375],"texture":"#1"},"down":{"uv":[8.6875,9.375,8.625,10.375],"texture":"#1"}}},{"from":[10.48504,0.00724,6.79615],"to":[11.16472,2.4994,14.72575],"rotation":{"angle":22.5,"axis":"z","origin":[10.25848,0.00724,11.55391]},"faces":{"north":{"uv":[9.75,3.625,9.8125,3.9375],"texture":"#1"},"east":{"uv":[4.625,7.375,5.625,7.6875],"texture":"#1"},"south":{"uv":[3.75,9.75,3.8125,10.0625],"texture":"#1"},"west":{"uv":[2.5,7.5,3.5,7.8125],"texture":"#1"},"up":{"uv":[8.8125,10.375,8.75,9.375],"texture":"#1"},"down":{"uv":[8.9375,9.375,8.875,10.375],"texture":"#1"}}},{"from":[4.38216,-0.899,5.88991],"to":[5.06184,0.46036,15.17887],"rotation":{"angle":22.5,"axis":"z","origin":[5.2884,0.46036,10.64767]},"faces":{"north":{"uv":[5.625,9.875,5.6875,10.0625],"texture":"#1"},"east":{"uv":[8.125,0.75,9.3125,0.9375],"texture":"#1"},"south":{"uv":[5.75,9.875,5.8125,10.0625],"texture":"#1"},"west":{"uv":[2.125,8.125,3.3125,8.3125],"texture":"#1"},"up":{"uv":[3.3125,10.4375,3.25,9.25],"texture":"#1"},"down":{"uv":[4.3125,9.375,4.25,10.5625],"texture":"#1"}}},{"from":[4.1556,0.46036,10.19455],"to":[4.83528,1.81972,16.53823],"rotation":{"angle":-45,"axis":"z","origin":[5.06184,0.46036,14.95231]},"faces":{"north":{"uv":[5.875,9.875,5.9375,10.0625],"texture":"#1"},"east":{"uv":[3.875,8.875,4.6875,9.0625],"texture":"#1"},"south":{"uv":[6,9.875,6.0625,10.0625],"texture":"#1"},"west":{"uv":[6.875,8.875,7.6875,9.0625],"texture":"#1"},"up":{"uv":[0.8125,10.3125,0.75,9.5],"texture":"#1"},"down":{"uv":[0.9375,9.5,0.875,10.3125],"texture":"#1"}}},{"from":[10.93816,-0.899,5.88991],"to":[11.61784,0.46036,15.17887],"rotation":{"angle":-22.5,"axis":"z","origin":[10.7116,0.46036,10.64767]},"faces":{"north":{"uv":[10,7.375,10.0625,7.5625],"texture":"#1"},"east":{"uv":[8.125,5.25,9.3125,5.4375],"texture":"#1"},"south":{"uv":[7.625,10,7.6875,10.1875],"texture":"#1"},"west":{"uv":[8.125,5.5,9.3125,5.6875],"texture":"#1"},"up":{"uv":[6.8125,10.5625,6.75,9.375],"texture":"#1"},"down":{"uv":[8.4375,9.375,8.375,10.5625],"texture":"#1"}}},{"from":[11.16472,0.46036,10.19455],"to":[11.8444,1.81972,16.53823],"rotation":{"angle":45,"axis":"z","origin":[10.93816,0.46036,14.95231]},"faces":{"north":{"uv":[10,6.875,10.0625,7.0625],"texture":"#1"},"east":{"uv":[8.625,8.875,9.4375,9.0625],"texture":"#1"},"south":{"uv":[10,7.125,10.0625,7.3125],"texture":"#1"},"west":{"uv":[8.875,8.625,9.6875,8.8125],"texture":"#1"},"up":{"uv":[1.0625,10.3125,1,9.5],"texture":"#1"},"down":{"uv":[1.1875,9.5,1.125,10.3125],"texture":"#1"}}},{"from":[11.17896,0.2338,3.85087],"to":[11.85864,1.59316,9.96799],"rotation":{"angle":45,"axis":"z","origin":[10.9524,0.2338,10.64767]},"faces":{"north":{"uv":[6.125,9.875,6.1875,10.0625],"texture":"#1"},"east":{"uv":[0,9,0.75,9.1875],"texture":"#1"},"south":{"uv":[6.25,9.875,6.3125,10.0625],"texture":"#1"},"west":{"uv":[9,0,9.75,0.1875],"texture":"#1"},"up":{"uv":[4.8125,6,4.75,5.25],"texture":"#1"},"down":{"uv":[5.3125,6,5.25,6.75],"texture":"#1"}}},{"from":[4.14136,0.2338,3.85087],"to":[4.82104,1.59316,9.96799],"rotation":{"angle":-45,"axis":"z","origin":[5.0476,0.2338,10.64767]},"faces":{"north":{"uv":[10,7.625,10.0625,7.8125],"texture":"#1"},"east":{"uv":[9,2.375,9.75,2.5625],"texture":"#1"},"south":{"uv":[7.75,10,7.8125,10.1875],"texture":"#1"},"west":{"uv":[9,2.625,9.75,2.8125],"texture":"#1"},"up":{"uv":[1.3125,10.25,1.25,9.5],"texture":"#1"},"down":{"uv":[1.4375,9.5,1.375,10.25],"texture":"#1"}}},{"from":[9.8196,2.38278,14.48309],"to":[10.27272,4.87494,14.93621],"rotation":{"angle":-22.5,"axis":"x","origin":[10.04616,3.51558,14.70965]},"faces":{"north":{"uv":[2.75,9.625,2.8125,9.9375],"texture":"#1"},"east":{"uv":[2.875,9.625,2.9375,9.9375],"texture":"#1"},"south":{"uv":[3,9.625,3.0625,9.9375],"texture":"#1"},"west":{"uv":[3.125,9.625,3.1875,9.9375],"texture":"#1"},"up":{"uv":[10.1875,2.3125,10.125,2.25],"texture":"#1"},"down":{"uv":[10.1875,2.375,10.125,2.4375],"texture":"#1"}}},{"from":[5.68488,4.47679,9.90635],"to":[10.32936,4.92991,14.66411],"rotation":{"angle":0,"axis":"y","origin":[8.23368,4.70335,10.13291]},"faces":{"north":{"uv":[8.125,5.75,8.6875,5.8125],"texture":"#1"},"east":{"uv":[7.125,0.5,7.75,0.5625],"texture":"#1"},"south":{"uv":[9.25,6.25,9.8125,6.3125],"texture":"#1"},"west":{"uv":[7.125,5.25,7.75,5.3125],"texture":"#1"},"up":{"uv":[4.0625,7.25,3.5,6.625],"texture":"#1"},"down":{"uv":[5.8125,6.75,5.25,7.375],"texture":"#1"}}},{"from":[9.8196,3.28902,6.58569],"to":[10.27272,3.74214,10.66377],"rotation":{"angle":-45,"axis":"x","origin":[10.04616,3.51558,9.07785]},"faces":{"north":{"uv":[10.125,2,10.1875,2.0625],"texture":"#1"},"east":{"uv":[7.75,6.875,8.25,6.9375],"texture":"#1"},"south":{"uv":[10.125,2.125,10.1875,2.1875],"texture":"#1"},"west":{"uv":[8.75,5.75,9.25,5.8125],"texture":"#1"},"up":{"uv":[4.1875,7.125,4.125,6.625],"texture":"#1"},"down":{"uv":[1.5625,9.5,1.5,10],"texture":"#1"}}},{"from":[5.72728,3.28902,6.58569],"to":[6.1804,3.74214,10.66377],"rotation":{"angle":-45,"axis":"x","origin":[5.95384,3.51558,9.07785]},"faces":{"north":{"uv":[10.25,1.375,10.3125,1.4375],"texture":"#1"},"east":{"uv":[2.75,9.5,3.25,9.5625],"texture":"#1"},"south":{"uv":[1.5,10.25,1.5625,10.3125],"texture":"#1"},"west":{"uv":[9.5,2.875,10,2.9375],"texture":"#1"},"up":{"uv":[1.6875,10,1.625,9.5],"texture":"#1"},"down":{"uv":[1.8125,9.5,1.75,10],"texture":"#1"}}},{"from":[5.72728,2.38278,14.48309],"to":[6.1804,4.87494,14.93621],"rotation":{"angle":-22.5,"axis":"x","origin":[5.95384,3.51558,14.70965]},"faces":{"north":{"uv":[4.125,9.625,4.1875,9.9375],"texture":"#1"},"east":{"uv":[6.625,9.625,6.6875,9.9375],"texture":"#1"},"south":{"uv":[2.5,9.75,2.5625,10.0625],"texture":"#1"},"west":{"uv":[2.625,9.75,2.6875,10.0625],"texture":"#1"},"up":{"uv":[10.3125,1.3125,10.25,1.25],"texture":"#1"},"down":{"uv":[1.4375,10.25,1.375,10.3125],"texture":"#1"}}},{"from":[6.4212,-0.67244,14.49919],"to":[9.36648,2.95252,19.03039],"rotation":{"angle":0,"axis":"y","origin":[6.19464,-0.44588,14.95231]},"faces":{"north":{"uv":[3,8.375,3.375,8.8125],"texture":"#1"},"east":{"uv":[7.75,6.375,8.3125,6.8125],"texture":"#1"},"south":{"uv":[4.5,8.375,4.875,8.8125],"texture":"#1"},"west":{"uv":[7.625,7.75,8.1875,8.1875],"texture":"#1"},"up":{"uv":[4.5,8.8125,4.125,8.25],"texture":"#1"},"down":{"uv":[6.375,8.25,6,8.8125],"texture":"#1"}}},{"from":[6.19464,1.3666,14.49919],"to":[9.59304,3.6322,18.57727],"rotation":{"angle":22.5,"axis":"x","origin":[7.89384,4.08532,17.67103]},"faces":{"north":{"uv":[2.25,9,2.6875,9.3125],"texture":"#1"},"east":{"uv":[8.5,2.5,9,2.8125],"texture":"#1"},"south":{"uv":[9,2.875,9.4375,3.1875],"texture":"#1"},"west":{"uv":[8.5,2.875,9,3.1875],"texture":"#1"},"up":{"uv":[0.4375,8.375,0,7.875],"texture":"#1"},"down":{"uv":[6.9375,8,6.5,8.5],"texture":"#1"}}},{"from":[4.38216,0.2338,12.91327],"to":[6.87432,1.81972,16.31167],"rotation":{"angle":-22.5,"axis":"y","origin":[5.62824,1.02676,14.61247]},"faces":{"north":{"uv":[9,9.375,9.3125,9.5625],"texture":"#1"},"east":{"uv":[9.25,4.25,9.6875,4.4375],"texture":"#1"},"south":{"uv":[9.375,9.375,9.6875,9.5625],"texture":"#1"},"west":{"uv":[9.25,4.5,9.6875,4.6875],"texture":"#1"},"up":{"uv":[3.6875,9.4375,3.375,9],"texture":"#1"},"down":{"uv":[5.0625,9,4.75,9.4375],"texture":"#1"}}},{"from":[9.12568,0.2338,12.91327],"to":[11.61784,1.81972,16.31167],"rotation":{"angle":22.5,"axis":"y","origin":[10.37176,1.02676,14.61247]},"faces":{"north":{"uv":[0,9.5,0.3125,9.6875],"texture":"#1"},"east":{"uv":[9.375,5.5,9.8125,5.6875],"texture":"#1"},"south":{"uv":[0.375,9.5,0.6875,9.6875],"texture":"#1"},"west":{"uv":[5.875,9.375,6.3125,9.5625],"texture":"#1"},"up":{"uv":[5.4375,9.4375,5.125,9],"texture":"#1"},"down":{"uv":[5.8125,9,5.5,9.4375],"texture":"#1"}}},{"from":[3.70248,0.2338,20.84287],"to":[4.1556,1.81972,21.29599],"rotation":{"angle":0,"axis":"y","origin":[2.79624,-1.35212,21.29599]},"faces":{"north":{"uv":[6.375,9.875,6.4375,10.0625],"texture":"#1"},"east":{"uv":[6.5,9.875,6.5625,10.0625],"texture":"#1"},"south":{"uv":[6.875,9.875,6.9375,10.0625],"texture":"#1"},"west":{"uv":[7,9.875,7.0625,10.0625],"texture":"#1"},"up":{"uv":[10.1875,4.3125,10.125,4.25],"texture":"#1"},"down":{"uv":[4.4375,10.125,4.375,10.1875],"texture":"#1"}}},{"from":[5.2884,0.2338,20.84287],"to":[5.74152,1.81972,21.29599],"rotation":{"angle":0,"axis":"y","origin":[4.38216,-1.35212,21.29599]},"faces":{"north":{"uv":[7.125,9.875,7.1875,10.0625],"texture":"#1"},"east":{"uv":[7.25,9.875,7.3125,10.0625],"texture":"#1"},"south":{"uv":[7.375,9.875,7.4375,10.0625],"texture":"#1"},"west":{"uv":[7.5,9.875,7.5625,10.0625],"texture":"#1"},"up":{"uv":[10.1875,4.4375,10.125,4.375],"texture":"#1"},"down":{"uv":[4.5625,10.125,4.5,10.1875],"texture":"#1"}}},{"from":[4.1556,0.2338,20.84287],"to":[5.2884,0.68692,21.29599],"rotation":{"angle":0,"axis":"y","origin":[3.92904,-2.48492,21.29599]},"faces":{"north":{"uv":[6.75,2,6.875,2.0625],"texture":"#1"},"east":{"uv":[10.125,4.5,10.1875,4.5625],"texture":"#1"},"south":{"uv":[6.25,7.125,6.375,7.1875],"texture":"#1"},"west":{"uv":[4.625,10.125,4.6875,10.1875],"texture":"#1"},"up":{"uv":[3,7.4375,2.875,7.375],"texture":"#1"},"down":{"uv":[4.125,7.75,4,7.8125],"texture":"#1"}}},{"from":[4.1556,1.3666,20.84287],"to":[5.2884,1.81972,21.29599],"rotation":{"angle":0,"axis":"y","origin":[3.92904,-1.35212,21.29599]},"faces":{"north":{"uv":[3.375,8.125,3.5,8.1875],"texture":"#1"},"east":{"uv":[10.125,4.625,10.1875,4.6875],"texture":"#1"},"south":{"uv":[8.25,1.875,8.375,1.9375],"texture":"#1"},"west":{"uv":[4.75,10.125,4.8125,10.1875],"texture":"#1"},"up":{"uv":[2.125,8.3125,2,8.25],"texture":"#1"},"down":{"uv":[4.625,8.25,4.5,8.3125],"texture":"#1"}}},{"from":[3.70248,0.2338,21.97567],"to":[4.1556,1.81972,22.42879],"rotation":{"angle":0,"axis":"y","origin":[2.79624,-1.35212,22.42879]},"faces":{"north":{"uv":[9.875,9.375,9.9375,9.5625],"texture":"#1"},"east":{"uv":[9.875,9.625,9.9375,9.8125],"texture":"#1"},"south":{"uv":[9.75,9.875,9.8125,10.0625],"texture":"#1"},"west":{"uv":[9.875,9.875,9.9375,10.0625],"texture":"#1"},"up":{"uv":[10.1875,5.1875,10.125,5.125],"texture":"#1"},"down":{"uv":[5.3125,10.125,5.25,10.1875],"texture":"#1"}}},{"from":[4.1556,1.3666,21.97567],"to":[5.2884,1.81972,22.42879],"rotation":{"angle":0,"axis":"y","origin":[3.92904,-1.35212,22.42879]},"faces":{"north":{"uv":[9.875,5.625,10,5.6875],"texture":"#1"},"east":{"uv":[10.125,5,10.1875,5.0625],"texture":"#1"},"south":{"uv":[9.875,6.25,10,6.3125],"texture":"#1"},"west":{"uv":[5.125,10.125,5.1875,10.1875],"texture":"#1"},"up":{"uv":[10.125,3.4375,10,3.375],"texture":"#1"},"down":{"uv":[10.125,8.875,10,8.9375],"texture":"#1"}}},{"from":[5.2884,0.2338,21.97567],"to":[5.74152,1.81972,22.42879],"rotation":{"angle":0,"axis":"y","origin":[4.38216,-1.35212,22.42879]},"faces":{"north":{"uv":[9.875,7.625,9.9375,7.8125],"texture":"#1"},"east":{"uv":[9.875,7.875,9.9375,8.0625],"texture":"#1"},"south":{"uv":[9.875,8.625,9.9375,8.8125],"texture":"#1"},"west":{"uv":[9.875,8.875,9.9375,9.0625],"texture":"#1"},"up":{"uv":[10.1875,4.9375,10.125,4.875],"texture":"#1"},"down":{"uv":[5.0625,10.125,5,10.1875],"texture":"#1"}}},{"from":[4.1556,0.2338,21.97567],"to":[5.2884,0.68692,22.42879],"rotation":{"angle":0,"axis":"y","origin":[3.92904,-2.48492,22.42879]},"faces":{"north":{"uv":[6.875,8.75,7,8.8125],"texture":"#1"},"east":{"uv":[10.125,4.75,10.1875,4.8125],"texture":"#1"},"south":{"uv":[4.75,8.875,4.875,8.9375],"texture":"#1"},"west":{"uv":[4.875,10.125,4.9375,10.1875],"texture":"#1"},"up":{"uv":[3.875,9.0625,3.75,9],"texture":"#1"},"down":{"uv":[9.125,7.125,9,7.1875],"texture":"#1"}}},{"from":[3.70248,0.2338,23.10847],"to":[4.1556,1.81972,23.56159],"rotation":{"angle":0,"axis":"y","origin":[2.79624,-1.35212,23.56159]},"faces":{"north":{"uv":[1.75,10,1.8125,10.1875],"texture":"#1"},"east":{"uv":[10,1.75,10.0625,1.9375],"texture":"#1"},"south":{"uv":[2,10,2.0625,10.1875],"texture":"#1"},"west":{"uv":[10,2,10.0625,2.1875],"texture":"#1"},"up":{"uv":[10.1875,5.8125,10.125,5.75],"texture":"#1"},"down":{"uv":[5.9375,10.125,5.875,10.1875],"texture":"#1"}}},{"from":[4.1556,1.3666,23.10847],"to":[5.2884,1.81972,23.56159],"rotation":{"angle":0,"axis":"y","origin":[3.92904,-1.35212,23.56159]},"faces":{"north":{"uv":[9.25,10,9.375,10.0625],"texture":"#1"},"east":{"uv":[10.125,5.625,10.1875,5.6875],"texture":"#1"},"south":{"uv":[10,9.25,10.125,9.3125],"texture":"#1"},"west":{"uv":[5.75,10.125,5.8125,10.1875],"texture":"#1"},"up":{"uv":[9.5,10.0625,9.375,10],"texture":"#1"},"down":{"uv":[10.125,9.375,10,9.4375],"texture":"#1"}}},{"from":[5.2884,0.2338,23.10847],"to":[5.74152,1.81972,23.56159],"rotation":{"angle":0,"axis":"y","origin":[4.38216,-1.35212,23.56159]},"faces":{"north":{"uv":[10,0.5,10.0625,0.6875],"texture":"#1"},"east":{"uv":[10,0.75,10.0625,0.9375],"texture":"#1"},"south":{"uv":[1.5,10,1.5625,10.1875],"texture":"#1"},"west":{"uv":[1.625,10,1.6875,10.1875],"texture":"#1"},"up":{"uv":[10.1875,5.5625,10.125,5.5],"texture":"#1"},"down":{"uv":[5.6875,10.125,5.625,10.1875],"texture":"#1"}}},{"from":[4.1556,0.2338,23.10847],"to":[5.2884,0.68692,23.56159],"rotation":{"angle":0,"axis":"y","origin":[3.92904,-2.48492,23.56159]},"faces":{"north":{"uv":[9,10,9.125,10.0625],"texture":"#1"},"east":{"uv":[10.125,5.25,10.1875,5.3125],"texture":"#1"},"south":{"uv":[10,9,10.125,9.0625],"texture":"#1"},"west":{"uv":[10.125,5.375,10.1875,5.4375],"texture":"#1"},"up":{"uv":[9.25,10.0625,9.125,10],"texture":"#1"},"down":{"uv":[10.125,9.125,10,9.1875],"texture":"#1"}}},{"from":[11.85864,0.2338,20.84287],"to":[12.31176,1.81972,21.29599],"rotation":{"angle":0,"axis":"y","origin":[13.218,-1.35212,21.29599]},"faces":{"north":{"uv":[10,6.125,10.0625,6.3125],"texture":"#1"},"east":{"uv":[10,6.375,10.0625,6.5625],"texture":"#1"},"south":{"uv":[6.625,10,6.6875,10.1875],"texture":"#1"},"west":{"uv":[10,6.625,10.0625,6.8125],"texture":"#1"},"up":{"uv":[10.1875,7.4375,10.125,7.375],"texture":"#1"},"down":{"uv":[7.5625,10.125,7.5,10.1875],"texture":"#1"}}},{"from":[10.27272,0.2338,20.84287],"to":[10.72584,1.81972,21.29599],"rotation":{"angle":0,"axis":"y","origin":[11.63208,-1.35212,21.29599]},"faces":{"north":{"uv":[5.375,10,5.4375,10.1875],"texture":"#1"},"east":{"uv":[5.5,10,5.5625,10.1875],"texture":"#1"},"south":{"uv":[10,5.625,10.0625,5.8125],"texture":"#1"},"west":{"uv":[10,5.875,10.0625,6.0625],"texture":"#1"},"up":{"uv":[10.1875,7.3125,10.125,7.25],"texture":"#1"},"down":{"uv":[7.4375,10.125,7.375,10.1875],"texture":"#1"}}},{"from":[10.72584,0.2338,20.84287],"to":[11.85864,0.68692,21.29599],"rotation":{"angle":0,"axis":"y","origin":[12.0852,-2.48492,21.29599]},"faces":{"north":{"uv":[10.125,0.875,10.25,0.9375],"texture":"#1"},"east":{"uv":[10.125,7.125,10.1875,7.1875],"texture":"#1"},"south":{"uv":[10.125,1,10.25,1.0625],"texture":"#1"},"west":{"uv":[7.25,10.125,7.3125,10.1875],"texture":"#1"},"up":{"uv":[10.25,1.1875,10.125,1.125],"texture":"#1"},"down":{"uv":[10.25,1.25,10.125,1.3125],"texture":"#1"}}},{"from":[10.72584,1.3666,20.84287],"to":[11.85864,1.81972,21.29599],"rotation":{"angle":0,"axis":"y","origin":[12.0852,-1.35212,21.29599]},"faces":{"north":{"uv":[10.125,0.5,10.25,0.5625],"texture":"#1"},"east":{"uv":[10.125,7,10.1875,7.0625],"texture":"#1"},"south":{"uv":[0.625,10.125,0.75,10.1875],"texture":"#1"},"west":{"uv":[7.125,10.125,7.1875,10.1875],"texture":"#1"},"up":{"uv":[10.25,0.6875,10.125,0.625],"texture":"#1"},"down":{"uv":[10.25,0.75,10.125,0.8125],"texture":"#1"}}},{"from":[10.72584,0.2338,21.97567],"to":[11.85864,0.68692,22.42879],"rotation":{"angle":0,"axis":"y","origin":[12.0852,-2.48492,22.42879]},"faces":{"north":{"uv":[10.125,0.25,10.25,0.3125],"texture":"#1"},"east":{"uv":[10.125,6.875,10.1875,6.9375],"texture":"#1"},"south":{"uv":[0.375,10.125,0.5,10.1875],"texture":"#1"},"west":{"uv":[7,10.125,7.0625,10.1875],"texture":"#1"},"up":{"uv":[10.25,0.4375,10.125,0.375],"texture":"#1"},"down":{"uv":[0.625,10.125,0.5,10.1875],"texture":"#1"}}},{"from":[10.27272,0.2338,21.97567],"to":[10.72584,1.81972,22.42879],"rotation":{"angle":0,"axis":"y","origin":[11.63208,-1.35212,22.42879]},"faces":{"north":{"uv":[10,4.5,10.0625,4.6875],"texture":"#1"},"east":{"uv":[10,4.75,10.0625,4.9375],"texture":"#1"},"south":{"uv":[10,5,10.0625,5.1875],"texture":"#1"},"west":{"uv":[10,5.25,10.0625,5.4375],"texture":"#1"},"up":{"uv":[10.1875,6.8125,10.125,6.75],"texture":"#1"},"down":{"uv":[6.9375,10.125,6.875,10.1875],"texture":"#1"}}},{"from":[10.72584,1.3666,21.97567],"to":[11.85864,1.81972,22.42879],"rotation":{"angle":0,"axis":"y","origin":[12.0852,-1.35212,22.42879]},"faces":{"north":{"uv":[10.125,0,10.25,0.0625],"texture":"#1"},"east":{"uv":[10.125,6.5,10.1875,6.5625],"texture":"#1"},"south":{"uv":[0.125,10.125,0.25,10.1875],"texture":"#1"},"west":{"uv":[10.125,6.625,10.1875,6.6875],"texture":"#1"},"up":{"uv":[10.25,0.1875,10.125,0.125],"texture":"#1"},"down":{"uv":[0.375,10.125,0.25,10.1875],"texture":"#1"}}},{"from":[11.85864,0.2338,21.97567],"to":[12.31176,1.81972,22.42879],"rotation":{"angle":0,"axis":"y","origin":[13.218,-1.35212,22.42879]},"faces":{"north":{"uv":[10,3.125,10.0625,3.3125],"texture":"#1"},"east":{"uv":[10,3.625,10.0625,3.8125],"texture":"#1"},"south":{"uv":[4.125,10,4.1875,10.1875],"texture":"#1"},"west":{"uv":[10,4.25,10.0625,4.4375],"texture":"#1"},"up":{"uv":[10.1875,6.4375,10.125,6.375],"texture":"#1"},"down":{"uv":[6.5625,10.125,6.5,10.1875],"texture":"#1"}}},{"from":[10.72584,0.2338,23.10847],"to":[11.85864,0.68692,23.56159],"rotation":{"angle":0,"axis":"y","origin":[12.0852,-2.48492,23.56159]},"faces":{"north":{"uv":[10,9.75,10.125,9.8125],"texture":"#1"},"east":{"uv":[10.125,6.25,10.1875,6.3125],"texture":"#1"},"south":{"uv":[10,9.875,10.125,9.9375],"texture":"#1"},"west":{"uv":[6.375,10.125,6.4375,10.1875],"texture":"#1"},"up":{"uv":[10.125,10.0625,10,10],"texture":"#1"},"down":{"uv":[0.125,10.125,0,10.1875],"texture":"#1"}}},{"from":[10.27272,0.2338,23.10847],"to":[10.72584,1.81972,23.56159],"rotation":{"angle":0,"axis":"y","origin":[11.63208,-1.35212,23.56159]},"faces":{"north":{"uv":[2.875,10,2.9375,10.1875],"texture":"#1"},"east":{"uv":[10,2.875,10.0625,3.0625],"texture":"#1"},"south":{"uv":[3,10,3.0625,10.1875],"texture":"#1"},"west":{"uv":[3.125,10,3.1875,10.1875],"texture":"#1"},"up":{"uv":[10.1875,6.1875,10.125,6.125],"texture":"#1"},"down":{"uv":[6.3125,10.125,6.25,10.1875],"texture":"#1"}}},{"from":[10.72584,1.3666,23.10847],"to":[11.85864,1.81972,23.56159],"rotation":{"angle":0,"axis":"y","origin":[12.0852,-1.35212,23.56159]},"faces":{"north":{"uv":[9.5,10,9.625,10.0625],"texture":"#1"},"east":{"uv":[10.125,6,10.1875,6.0625],"texture":"#1"},"south":{"uv":[10,9.5,10.125,9.5625],"texture":"#1"},"west":{"uv":[6.125,10.125,6.1875,10.1875],"texture":"#1"},"up":{"uv":[9.75,10.0625,9.625,10],"texture":"#1"},"down":{"uv":[10.125,9.625,10,9.6875],"texture":"#1"}}},{"from":[11.85864,0.2338,23.10847],"to":[12.31176,1.81972,23.56159],"rotation":{"angle":0,"axis":"y","origin":[13.218,-1.35212,23.56159]},"faces":{"north":{"uv":[2.125,10,2.1875,10.1875],"texture":"#1"},"east":{"uv":[2.25,10,2.3125,10.1875],"texture":"#1"},"south":{"uv":[2.375,10,2.4375,10.1875],"texture":"#1"},"west":{"uv":[2.75,10,2.8125,10.1875],"texture":"#1"},"up":{"uv":[10.1875,5.9375,10.125,5.875],"texture":"#1"},"down":{"uv":[6.0625,10.125,6,10.1875],"texture":"#1"}}},{"from":[10.04616,0.00724,15.40543],"to":[12.53832,2.04628,20.38975],"rotation":{"angle":0,"axis":"y","origin":[13.218,-1.35212,15.85855]},"faces":{"north":{"uv":[4.875,8.375,5.1875,8.625],"texture":"#1"},"east":{"uv":[7,8,7.625,8.25],"texture":"#1"},"south":{"uv":[6.375,9.375,6.6875,9.625],"texture":"#1"},"west":{"uv":[8.375,6.375,9,6.625],"texture":"#1"},"up":{"uv":[0.3125,9,0,8.375],"texture":"#1"},"down":{"uv":[8.6875,1.875,8.375,2.5],"texture":"#1"}}},{"from":[3.46168,0.00724,15.40543],"to":[5.95384,2.04628,20.38975],"rotation":{"angle":0,"axis":"y","origin":[2.782,-1.35212,15.85855]},"faces":{"north":{"uv":[7.625,9.375,7.9375,9.625],"texture":"#1"},"east":{"uv":[8.75,2.125,9.375,2.375],"texture":"#1"},"south":{"uv":[8,9.375,8.3125,9.625],"texture":"#1"},"west":{"uv":[8.75,3.25,9.375,3.5],"texture":"#1"},"up":{"uv":[2.3125,9,2,8.375],"texture":"#1"},"down":{"uv":[2.6875,8.375,2.375,9],"texture":"#1"}}},{"from":[6.64776,-0.44588,19.48351],"to":[7.10088,2.72596,19.93663],"rotation":{"angle":0,"axis":"y","origin":[6.19464,-0.44588,19.93663]},"faces":{"north":{"uv":[4.5,9.5,4.5625,9.875],"texture":"#1"},"east":{"uv":[4.625,9.5,4.6875,9.875],"texture":"#1"},"south":{"uv":[4.75,9.5,4.8125,9.875],"texture":"#1"},"west":{"uv":[4.875,9.5,4.9375,9.875],"texture":"#1"},"up":{"uv":[2.5625,10.1875,2.5,10.125],"texture":"#1"},"down":{"uv":[10.1875,2.5,10.125,2.5625],"texture":"#1"}}},{"from":[8.91336,-0.44588,19.48351],"to":[9.36648,2.72596,19.93663],"rotation":{"angle":0,"axis":"y","origin":[9.8196,-0.44588,19.93663]},"faces":{"north":{"uv":[5,9.5,5.0625,9.875],"texture":"#1"},"east":{"uv":[5.125,9.5,5.1875,9.875],"texture":"#1"},"south":{"uv":[5.25,9.5,5.3125,9.875],"texture":"#1"},"west":{"uv":[5.375,9.5,5.4375,9.875],"texture":"#1"},"up":{"uv":[2.6875,10.1875,2.625,10.125],"texture":"#1"},"down":{"uv":[10.1875,2.625,10.125,2.6875],"texture":"#1"}}},{"from":[7.10088,-0.44588,19.48351],"to":[8.91336,0.00724,19.93663],"rotation":{"angle":0,"axis":"y","origin":[9.36648,-0.44588,19.93663]},"faces":{"north":{"uv":[1.875,5.5,2.125,5.5625],"texture":"#1"},"east":{"uv":[10.125,2.75,10.1875,2.8125],"texture":"#1"},"south":{"uv":[1.875,5.625,2.125,5.6875],"texture":"#1"},"west":{"uv":[10.125,2.875,10.1875,2.9375],"texture":"#1"},"up":{"uv":[3.75,6.5625,3.5,6.5],"texture":"#1"},"down":{"uv":[5.875,7.375,5.625,7.4375],"texture":"#1"}}},{"from":[7.10088,2.27284,19.48351],"to":[8.91336,2.72596,19.93663],"rotation":{"angle":0,"axis":"y","origin":[9.36648,2.27284,19.93663]},"faces":{"north":{"uv":[8.25,8.125,8.5,8.1875],"texture":"#1"},"east":{"uv":[10.125,3,10.1875,3.0625],"texture":"#1"},"south":{"uv":[3.875,8.625,4.125,8.6875],"texture":"#1"},"west":{"uv":[10.125,3.125,10.1875,3.1875],"texture":"#1"},"up":{"uv":[9,2.4375,8.75,2.375],"texture":"#1"},"down":{"uv":[4.125,8.75,3.875,8.8125],"texture":"#1"}}},{"from":[6.64776,-0.44588,20.61631],"to":[7.10088,2.72596,21.06943],"rotation":{"angle":0,"axis":"y","origin":[6.19464,-0.44588,21.06943]},"faces":{"north":{"uv":[7,9.5,7.0625,9.875],"texture":"#1"},"east":{"uv":[7.125,9.5,7.1875,9.875],"texture":"#1"},"south":{"uv":[9.5,7.125,9.5625,7.5],"texture":"#1"},"west":{"uv":[7.25,9.5,7.3125,9.875],"texture":"#1"},"up":{"uv":[10.1875,3.6875,10.125,3.625],"texture":"#1"},"down":{"uv":[3.8125,10.125,3.75,10.1875],"texture":"#1"}}},{"from":[7.10088,2.27284,20.61631],"to":[8.91336,2.72596,21.06943],"rotation":{"angle":0,"axis":"y","origin":[9.36648,2.27284,21.06943]},"faces":{"north":{"uv":[9.75,4.5,10,4.5625],"texture":"#1"},"east":{"uv":[10.125,3.5,10.1875,3.5625],"texture":"#1"},"south":{"uv":[9.75,4.625,10,4.6875],"texture":"#1"},"west":{"uv":[3.625,10.125,3.6875,10.1875],"texture":"#1"},"up":{"uv":[10,4.8125,9.75,4.75],"texture":"#1"},"down":{"uv":[10,4.875,9.75,4.9375],"texture":"#1"}}},{"from":[8.91336,-0.44588,20.61631],"to":[9.36648,2.72596,21.06943],"rotation":{"angle":0,"axis":"y","origin":[9.8196,-0.44588,21.06943]},"faces":{"north":{"uv":[5.5,9.5,5.5625,9.875],"texture":"#1"},"east":{"uv":[5.625,9.5,5.6875,9.875],"texture":"#1"},"south":{"uv":[5.75,9.5,5.8125,9.875],"texture":"#1"},"west":{"uv":[6.875,9.5,6.9375,9.875],"texture":"#1"},"up":{"uv":[10.1875,3.4375,10.125,3.375],"texture":"#1"},"down":{"uv":[3.5625,10.125,3.5,10.1875],"texture":"#1"}}},{"from":[7.10088,-0.44588,20.61631],"to":[8.91336,0.00724,21.06943],"rotation":{"angle":0,"axis":"y","origin":[9.36648,-0.44588,21.06943]},"faces":{"north":{"uv":[2.75,9.125,3,9.1875],"texture":"#1"},"east":{"uv":[10.125,3.25,10.1875,3.3125],"texture":"#1"},"south":{"uv":[2,9.25,2.25,9.3125],"texture":"#1"},"west":{"uv":[3.375,10.125,3.4375,10.1875],"texture":"#1"},"up":{"uv":[10,4.3125,9.75,4.25],"texture":"#1"},"down":{"uv":[10,4.375,9.75,4.4375],"texture":"#1"}}},{"from":[6.64776,-0.44588,21.74911],"to":[7.10088,2.72596,22.20223],"rotation":{"angle":0,"axis":"y","origin":[6.19464,-0.44588,22.20223]},"faces":{"north":{"uv":[7.375,9.5,7.4375,9.875],"texture":"#1"},"east":{"uv":[7.5,9.5,7.5625,9.875],"texture":"#1"},"south":{"uv":[2,9.625,2.0625,10],"texture":"#1"},"west":{"uv":[2.125,9.625,2.1875,10],"texture":"#1"},"up":{"uv":[10.1875,4.0625,10.125,4],"texture":"#1"},"down":{"uv":[10.1875,4.125,10.125,4.1875],"texture":"#1"}}},{"from":[7.10088,2.27284,21.74911],"to":[8.91336,2.72596,22.20223],"rotation":{"angle":0,"axis":"y","origin":[9.36648,2.27284,22.20223]},"faces":{"north":{"uv":[6.125,9.75,6.375,9.8125],"texture":"#1"},"east":{"uv":[10.125,3.875,10.1875,3.9375],"texture":"#1"},"south":{"uv":[9.75,6.125,10,6.1875],"texture":"#1"},"west":{"uv":[4,10.125,4.0625,10.1875],"texture":"#1"},"up":{"uv":[6.625,9.8125,6.375,9.75],"texture":"#1"},"down":{"uv":[10,7.5,9.75,7.5625],"texture":"#1"}}},{"from":[8.91336,-0.44588,21.74911],"to":[9.36648,2.72596,22.20223],"rotation":{"angle":0,"axis":"y","origin":[9.8196,-0.44588,22.20223]},"faces":{"north":{"uv":[1.875,8.625,1.9375,9],"texture":"#1"},"east":{"uv":[1.875,9.5,1.9375,9.875],"texture":"#1"},"south":{"uv":[3.375,9.5,3.4375,9.875],"texture":"#1"},"west":{"uv":[3.5,9.5,3.5625,9.875],"texture":"#1"},"up":{"uv":[1.9375,10.1875,1.875,10.125],"texture":"#1"},"down":{"uv":[10.1875,1.875,10.125,1.9375],"texture":"#1"}}},{"from":[7.10088,-0.44588,21.74911],"to":[8.91336,0.00724,22.20223],"rotation":{"angle":0,"axis":"y","origin":[9.36648,-0.44588,22.20223]},"faces":{"north":{"uv":[9.75,5.75,10,5.8125],"texture":"#1"},"east":{"uv":[10.125,3.75,10.1875,3.8125],"texture":"#1"},"south":{"uv":[5.875,9.75,6.125,9.8125],"texture":"#1"},"west":{"uv":[3.875,10.125,3.9375,10.1875],"texture":"#1"},"up":{"uv":[10,5.9375,9.75,5.875],"texture":"#1"},"down":{"uv":[10,6,9.75,6.0625],"texture":"#1"}}},{"from":[5.2884,-0.44588,14.72575],"to":[10.49928,2.4994,17.67103],"rotation":{"angle":0,"axis":"y","origin":[6.19464,-0.44588,14.95231]},"faces":{"north":{"uv":[7.875,2.5,8.5,2.875],"texture":"#1"},"east":{"uv":[3,8.875,3.375,9.25],"texture":"#1"},"south":{"uv":[7.875,2.875,8.5,3.25],"texture":"#1"},"west":{"uv":[5.875,8.875,6.25,9.25],"texture":"#1"},"up":{"uv":[4.625,8.25,4,7.875],"texture":"#1"},"down":{"uv":[5.25,8,4.625,8.375],"texture":"#1"}}},{"from":[6.04816,-0.45522,7.65548],"to":[9.93288,2.49006,8.33516],"rotation":{"angle":-22.5,"axis":"x","origin":[7.89384,0.90414,7.99532]},"faces":{"north":{"uv":[2.875,1.75,3.375,2.125],"texture":"#1"},"east":{"uv":[3.625,9.5,3.6875,9.875],"texture":"#1"},"south":{"uv":[8.25,7.75,8.75,8.125],"texture":"#1"},"west":{"uv":[4.375,9.5,4.4375,9.875],"texture":"#1"},"up":{"uv":[9.75,8.0625,9.25,8],"texture":"#1"},"down":{"uv":[9.875,2.25,9.375,2.3125],"texture":"#1"}}},{"from":[4.83528,-0.50252,5.43679],"to":[11.17896,0.85684,14.72575],"rotation":{"angle":0,"axis":"y","origin":[6.19464,-0.27596,12.91327]},"faces":{"north":{"uv":[8.875,1,9.6875,1.1875],"texture":"#1"},"east":{"uv":[5.25,8,6.4375,8.1875],"texture":"#1"},"south":{"uv":[8.875,1.25,9.6875,1.4375],"texture":"#1"},"west":{"uv":[8.125,0.5,9.3125,0.6875],"texture":"#1"},"up":{"uv":[4.3125,1.1875,3.5,0],"texture":"#1"},"down":{"uv":[4.1875,3.5,3.375,4.6875],"texture":"#1"}}},{"from":[4.83528,-1.86188,-10.87553],"to":[11.17896,-0.27596,6.11647],"rotation":{"angle":0,"axis":"y","origin":[6.19464,-1.40876,-3.39905]},"faces":{"north":{"uv":[8.875,7.5,9.6875,7.6875],"texture":"#1"},"east":{"uv":[6.75,1,8.875,1.1875],"texture":"#1"},"south":{"uv":[7.75,8.875,8.5625,9.0625],"texture":"#1"},"west":{"uv":[6.75,1.25,8.875,1.4375],"texture":"#1"},"up":{"uv":[0.8125,4.125,0,2],"texture":"#1"},"down":{"uv":[2.8125,0,2,2.125],"texture":"#1"}}},{"from":[5.61496,-1.63532,6.11647],"to":[10.39928,-0.27596,16.76479],"rotation":{"angle":0,"axis":"y","origin":[6.19464,-1.40876,13.59295]},"faces":{"north":{"uv":[9,6.625,9.625,6.8125],"texture":"#1"},"east":{"uv":[7.75,7.25,9.0625,7.4375],"texture":"#1"},"south":{"uv":[9,6.875,9.625,7.0625],"texture":"#1"},"west":{"uv":[2.125,7.875,3.4375,8.0625],"texture":"#1"},"up":{"uv":[1.875,5.6875,1.25,4.375],"texture":"#1"},"down":{"uv":[3.75,4.75,3.125,6.0625],"texture":"#1"}}},{"from":[5.96808,-2.99468,-0.22721],"to":[10.0696,-1.63532,14.95231],"rotation":{"angle":0,"axis":"y","origin":[6.19464,-2.76812,15.85855]},"faces":{"north":{"uv":[8.625,9.125,9.125,9.3125],"texture":"#1"},"east":{"uv":[6.875,3.25,8.75,3.4375],"texture":"#1"},"south":{"uv":[9.125,9.125,9.625,9.3125],"texture":"#1"},"west":{"uv":[6.375,7,8.25,7.1875],"texture":"#1"},"up":{"uv":[2.625,5.75,2.125,3.875],"texture":"#1"},"down":{"uv":[3.125,3.875,2.625,5.75],"texture":"#1"}}},{"from":[6.75,0,12],"to":[9.25,3,13],"rotation":{"angle":22.5,"axis":"x","origin":[8,1.5,12.5]},"faces":{"north":{"uv":[4.375,9.125,4.6875,9.5],"texture":"#1"},"east":{"uv":[3,5.75,3.125,6.125],"texture":"#1"},"south":{"uv":[6.875,9.125,7.1875,9.5],"texture":"#1"},"west":{"uv":[6.125,0.75,6.25,1.125],"texture":"#1"},"up":{"uv":[6.1875,7.25,5.875,7.125],"texture":"#1"},"down":{"uv":[2.8125,7.375,2.5,7.5],"texture":"#1"}}},{"from":[6.775,0.5,10.25],"to":[9.225,1.5,13],"rotation":{"angle":0,"axis":"x","origin":[8,1,11.5]},"faces":{"north":{"uv":[7.75,0.5,8.0625,0.625],"texture":"#1"},"east":{"uv":[1.5,2,1.875,2.125],"texture":"#1"},"south":{"uv":[2.125,7.75,2.4375,7.875],"texture":"#1"},"west":{"uv":[6.375,0.625,6.75,0.75],"texture":"#1"},"up":{"uv":[9.4375,7.5,9.125,7.125],"texture":"#1"},"down":{"uv":[7.5625,9.125,7.25,9.5],"texture":"#1"}}},{"from":[7,2.75,12.5],"to":[9,3.75,13.5],"rotation":{"angle":0,"axis":"x","origin":[8,4.25,13]},"faces":{"north":{"uv":[4,3.375,4.25,3.5],"texture":"#1"},"east":{"uv":[1.875,2,2,2.125],"texture":"#1"},"south":{"uv":[0.625,4.125,0.875,4.25],"texture":"#1"},"west":{"uv":[0.5,5.625,0.625,5.75],"texture":"#1"},"up":{"uv":[1.5,4.375,1.25,4.25],"texture":"#1"},"down":{"uv":[3.375,4.625,3.125,4.75],"texture":"#1"}}},{"from":[7.75,1.35,7.5],"to":[8.25,1.85,9.75],"rotation":{"angle":-45,"axis":"x","origin":[8,1.6,8]},"faces":{"north":{"uv":[10.25,1.5,10.3125,1.5625],"texture":"#1"},"east":{"uv":[9.75,4,10.0625,4.0625],"texture":"#1"},"south":{"uv":[1.625,10.25,1.6875,10.3125],"texture":"#1"},"west":{"uv":[9.75,4.125,10.0625,4.1875],"texture":"#1"},"up":{"uv":[3.9375,10.0625,3.875,9.75],"texture":"#1"},"down":{"uv":[4.0625,9.75,4,10.0625],"texture":"#1"}}},{"from":[7.6,2.35,9],"to":[8.4,3.1,9.5],"rotation":{"angle":-22.5,"axis":"x","origin":[8,2.85,9]},"faces":{"north":{"uv":[6.125,1.125,6.25,1.25],"texture":"#1"},"east":{"uv":[10.125,1.375,10.1875,1.5],"texture":"#1"},"south":{"uv":[6.25,2.125,6.375,2.25],"texture":"#1"},"west":{"uv":[10.125,1.5,10.1875,1.625],"texture":"#1"},"up":{"uv":[10.25,1.6875,10.125,1.625],"texture":"#1"},"down":{"uv":[10.25,1.75,10.125,1.8125],"texture":"#1"}}},{"from":[7.1,2.45,9.1],"to":[8.9,3,9.4],"rotation":{"angle":-22.5,"axis":"x","origin":[8,2.85,9]},"faces":{"north":{"uv":[9.875,2.25,10.125,2.3125],"texture":"#1"},"east":{"uv":[10.25,1.625,10.3125,1.6875],"texture":"#1"},"south":{"uv":[9.875,3.875,10.125,3.9375],"texture":"#1"},"west":{"uv":[1.75,10.25,1.8125,10.3125],"texture":"#1"},"up":{"uv":[5.625,9.9375,5.375,9.875],"texture":"#1"},"down":{"uv":[10.125,5.5,9.875,5.5625],"texture":"#1"}}},{"from":[7,1.95,9.15],"to":[7.4,3.5,9.35],"rotation":{"angle":-22.5,"axis":"x","origin":[8,2.85,9]},"faces":{"north":{"uv":[7.875,10,7.9375,10.1875],"texture":"#1"},"east":{"uv":[10,7.875,10.0625,8.0625],"texture":"#1"},"south":{"uv":[8,10,8.0625,10.1875],"texture":"#1"},"west":{"uv":[8.125,10,8.1875,10.1875],"texture":"#1"},"up":{"uv":[10.3125,1.8125,10.25,1.75],"texture":"#1"},"down":{"uv":[1.9375,10.25,1.875,10.3125],"texture":"#1"}}},{"from":[8.6,1.95,9.15],"to":[9,3.5,9.35],"rotation":{"angle":-22.5,"axis":"x","origin":[8,2.85,9]},"faces":{"north":{"uv":[10,8.125,10.0625,8.3125],"texture":"#1"},"east":{"uv":[8.25,10,8.3125,10.1875],"texture":"#1"},"south":{"uv":[10,8.375,10.0625,8.5625],"texture":"#1"},"west":{"uv":[10,8.625,10.0625,8.8125],"texture":"#1"},"up":{"uv":[10.3125,1.9375,10.25,1.875],"texture":"#1"},"down":{"uv":[2.0625,10.25,2,10.3125],"texture":"#1"}}}],"display":{"thirdperson_righthand":{"rotation":[79,-6,-17],"translation":[4.25,-3,44],"scale":[4,4,4]}}}