{"texture_size":[64,64],"textures":{"0":"item/alch/trash","particle":"item/alch/trash"},"elements":[{"from":[7.00544,1.1,3],"to":[8.99456,13.1,4],"rotation":{"angle":-45,"axis":"y","origin":[8,4.1,8]},"faces":{"north":{"uv":[0,0,0.5,3],"texture":"#0"},"east":{"uv":[0,9,0.25,12],"texture":"#0"},"south":{"uv":[0.5,0.5,1,3.5],"texture":"#0"},"west":{"uv":[0.25,9,0.5,12],"texture":"#0"},"up":{"uv":[1.75,0.25,1.25,0],"texture":"#0"},"down":{"uv":[1.75,0.25,1.25,0.5],"texture":"#0"}}},{"from":[7.00544,1.1,3],"to":[8.99456,13.1,4],"rotation":{"angle":-22.5,"axis":"y","origin":[8,4.1,8]},"faces":{"north":{"uv":[1,1,1.5,4],"texture":"#0"},"east":{"uv":[3,9,3.25,12],"texture":"#0"},"south":{"uv":[1.5,1.5,2,4.5],"texture":"#0"},"west":{"uv":[3.25,9,3.5,12],"texture":"#0"},"up":{"uv":[2,1.25,1.5,1],"texture":"#0"},"down":{"uv":[2,1.25,1.5,1.5],"texture":"#0"}}},{"from":[7.00544,1.1,3],"to":[8.99456,13.1,4],"rotation":{"angle":0,"axis":"y","origin":[8,4.1,8]},"faces":{"north":{"uv":[2,2,2.5,5],"texture":"#0"},"east":{"uv":[6,9,6.25,12],"texture":"#0"},"south":{"uv":[2.5,2.5,3,5.5],"texture":"#0"},"west":{"uv":[6.25,9,6.5,12],"texture":"#0"},"up":{"uv":[2.25,0.25,1.75,0],"texture":"#0"},"down":{"uv":[2.25,0.25,1.75,0.5],"texture":"#0"}}},{"from":[7.00544,1.1,3],"to":[8.99456,13.1,4],"rotation":{"angle":22.5,"axis":"y","origin":[8,4.1,8]},"faces":{"north":{"uv":[0,3,0.5,6],"texture":"#0"},"east":{"uv":[9,9,9.25,12],"texture":"#0"},"south":{"uv":[3,3,3.5,6],"texture":"#0"},"west":{"uv":[9.25,9.25,9.5,12.25],"texture":"#0"},"up":{"uv":[2.25,0.75,1.75,0.5],"texture":"#0"},"down":{"uv":[2.25,0.75,1.75,1],"texture":"#0"}}},{"from":[7.00544,1.1,3],"to":[8.99456,13.1,4],"rotation":{"angle":45,"axis":"y","origin":[8,4.1,8]},"faces":{"north":{"uv":[3,0,3.5,3],"texture":"#0"},"east":{"uv":[0.5,9.5,0.75,12.5],"texture":"#0"},"south":{"uv":[0.5,3.5,1,6.5],"texture":"#0"},"west":{"uv":[0.75,9.5,1,12.5],"texture":"#0"},"up":{"uv":[2.5,1.25,2,1],"texture":"#0"},"down":{"uv":[2.5,1.25,2,1.5],"texture":"#0"}}},{"from":[7.00544,1.1,12],"to":[8.99456,13.1,13],"rotation":{"angle":-45,"axis":"y","origin":[8,4.1,8]},"faces":{"north":{"uv":[3.5,0,4,3],"texture":"#0"},"east":{"uv":[3.5,0,4,3],"texture":"#0"},"south":{"uv":[3.5,0,4,3],"texture":"#0"},"west":{"uv":[3.5,0,4,3],"texture":"#0"},"up":{"uv":[3.5,0,4,3],"texture":"#0"},"down":{"uv":[3.5,0,4,3],"texture":"#0"}}},{"from":[7.00544,1.1,12],"to":[8.99456,13.1,13],"rotation":{"angle":-22.5,"axis":"y","origin":[8,4.1,8]},"faces":{"north":{"uv":[1,4,1.5,7],"texture":"#0"},"east":{"uv":[6.5,9.5,6.75,12.5],"texture":"#0"},"south":{"uv":[4,4,4.5,7],"texture":"#0"},"west":{"uv":[6.75,9.5,7,12.5],"texture":"#0"},"up":{"uv":[4,3.25,3.5,3],"texture":"#0"},"down":{"uv":[4,3.25,3.5,3.5],"texture":"#0"}}},{"from":[7.00544,1.1,12],"to":[8.99456,13.1,13],"rotation":{"angle":0,"axis":"y","origin":[8,4.1,8]},"faces":{"north":{"uv":[4,0,4.5,3],"texture":"#0"},"east":{"uv":[9.5,9.5,9.75,12.5],"texture":"#0"},"south":{"uv":[1.5,4.5,2,7.5],"texture":"#0"},"west":{"uv":[1,9.75,1.25,12.75],"texture":"#0"},"up":{"uv":[4.5,3.25,4,3],"texture":"#0"},"down":{"uv":[4.5,3.25,4,3.5],"texture":"#0"}}},{"from":[7.00544,1.1,12],"to":[8.99456,13.1,13],"rotation":{"angle":22.5,"axis":"y","origin":[8,4.1,8]},"faces":{"north":{"uv":[4.5,4.5,5,7.5],"texture":"#0"},"east":{"uv":[1.25,9.75,1.5,12.75],"texture":"#0"},"south":{"uv":[4.5,0,5,3],"texture":"#0"},"west":{"uv":[4,9.75,4.25,12.75],"texture":"#0"},"up":{"uv":[4.5,3.75,4,3.5],"texture":"#0"},"down":{"uv":[4.5,3.75,4,4],"texture":"#0"}}},{"from":[7.00544,1.1,12],"to":[8.99456,13.1,13],"rotation":{"angle":45,"axis":"y","origin":[8,4.1,8]},"faces":{"north":{"uv":[2,5,2.5,8],"texture":"#0"},"east":{"uv":[4.25,9.75,4.5,12.75],"texture":"#0"},"south":{"uv":[5,5,5.5,8],"texture":"#0"},"west":{"uv":[7,9.75,7.25,12.75],"texture":"#0"},"up":{"uv":[5,3.25,4.5,3],"texture":"#0"},"down":{"uv":[5,3.25,4.5,3.5],"texture":"#0"}}},{"from":[3,1.1,7.00544],"to":[4,13.1,8.99456],"rotation":{"angle":-22.5,"axis":"y","origin":[8,4.1,8]},"faces":{"north":{"uv":[7.25,9.75,7.5,12.75],"texture":"#0"},"east":{"uv":[5,0,5.5,3],"texture":"#0"},"south":{"uv":[9.75,9.75,10,12.75],"texture":"#0"},"west":{"uv":[2.5,5.5,3,8.5],"texture":"#0"},"up":{"uv":[2.5,0.5,2.25,0],"texture":"#0"},"down":{"uv":[2.5,0.5,2.25,1],"texture":"#0"}}},{"from":[3,1.1,7.00544],"to":[4,13.1,8.99456],"rotation":{"angle":0,"axis":"y","origin":[8,4.1,8]},"faces":{"north":{"uv":[10,10,10.25,13],"texture":"#0"},"east":{"uv":[5.5,5.5,6,8.5],"texture":"#0"},"south":{"uv":[10,2,10.25,5],"texture":"#0"},"west":{"uv":[5.5,0,6,3],"texture":"#0"},"up":{"uv":[4.75,4,4.5,3.5],"texture":"#0"},"down":{"uv":[4.75,4,4.5,4.5],"texture":"#0"}}},{"from":[3,1.1,7.00544],"to":[4,13.1,8.99456],"rotation":{"angle":22.5,"axis":"y","origin":[8,4.1,8]},"faces":{"north":{"uv":[1.5,10.25,1.75,13.25],"texture":"#0"},"east":{"uv":[0,6,0.5,9],"texture":"#0"},"south":{"uv":[1.75,10.25,2,13.25],"texture":"#0"},"west":{"uv":[3,6,3.5,9],"texture":"#0"},"up":{"uv":[5,4,4.75,3.5],"texture":"#0"},"down":{"uv":[5,4,4.75,4.5],"texture":"#0"}}},{"from":[12,1.1,7.00544],"to":[13,13.1,8.99456],"rotation":{"angle":-22.5,"axis":"y","origin":[8,4.1,8]},"faces":{"north":{"uv":[4.5,10.25,4.75,13.25],"texture":"#0"},"east":{"uv":[6,6,6.5,9],"texture":"#0"},"south":{"uv":[4.75,10.25,5,13.25],"texture":"#0"},"west":{"uv":[6,0,6.5,3],"texture":"#0"},"up":{"uv":[5.25,3.5,5,3],"texture":"#0"},"down":{"uv":[5.25,3.5,5,4],"texture":"#0"}}},{"from":[12,1.1,7.00544],"to":[13,13.1,8.99456],"rotation":{"angle":0,"axis":"y","origin":[8,4.1,8]},"faces":{"north":{"uv":[7.5,10.25,7.75,13.25],"texture":"#0"},"east":{"uv":[6,3,6.5,6],"texture":"#0"},"south":{"uv":[7.75,10.25,8,13.25],"texture":"#0"},"west":{"uv":[0.5,6.5,1,9.5],"texture":"#0"},"up":{"uv":[5.25,4.5,5,4],"texture":"#0"},"down":{"uv":[5.25,4.5,5,5],"texture":"#0"}}},{"from":[12,1.1,7.00544],"to":[13,13.1,8.99456],"rotation":{"angle":22.5,"axis":"y","origin":[8,4.1,8]},"faces":{"north":{"uv":[10.25,10.25,10.5,13.25],"texture":"#0"},"east":{"uv":[3.5,6.5,4,9.5],"texture":"#0"},"south":{"uv":[10.25,2,10.5,5],"texture":"#0"},"west":{"uv":[6.5,6.5,7,9.5],"texture":"#0"},"up":{"uv":[5.5,3.5,5.25,3],"texture":"#0"},"down":{"uv":[5.5,3.5,5.25,4],"texture":"#0"}}},{"from":[7.00544,-0.1,3],"to":[8.99456,1.1,13],"rotation":{"angle":-45,"axis":"y","origin":[8,0.5,8]},"faces":{"north":{"uv":[8.5,2,9,2.25],"texture":"#0"},"east":{"uv":[10,7.25,12.5,7.5],"texture":"#0"},"south":{"uv":[8.5,2.25,9,2.5],"texture":"#0"},"west":{"uv":[10,9.75,12.5,10],"texture":"#0"},"up":{"uv":[3,2.5,2.5,0],"texture":"#0"},"down":{"uv":[6,3,5.5,5.5],"texture":"#0"}}},{"from":[7.00544,-0.1,3],"to":[8.99456,1.1,13],"rotation":{"angle":-22.5,"axis":"y","origin":[8,0.5,8]},"faces":{"north":{"uv":[8.5,2.5,9,2.75],"texture":"#0"},"east":{"uv":[10.25,0,12.75,0.25],"texture":"#0"},"south":{"uv":[8.5,2.75,9,3],"texture":"#0"},"west":{"uv":[10.25,0.25,12.75,0.5],"texture":"#0"},"up":{"uv":[8,4,7.5,1.5],"texture":"#0"},"down":{"uv":[2.5,8,2,10.5],"texture":"#0"}}},{"from":[7.00544,-0.1,3],"to":[8.99456,1.1,13],"rotation":{"angle":0,"axis":"y","origin":[8,0.5,8]},"faces":{"north":{"uv":[8.5,3,9,3.25],"texture":"#0"},"east":{"uv":[10.25,0.5,12.75,0.75],"texture":"#0"},"south":{"uv":[8.5,3.25,9,3.5],"texture":"#0"},"west":{"uv":[10.25,0.75,12.75,1],"texture":"#0"},"up":{"uv":[5.5,10.5,5,8],"texture":"#0"},"down":{"uv":[8.5,8,8,10.5],"texture":"#0"}}},{"from":[7.00544,-0.1,3],"to":[8.99456,1.1,13],"rotation":{"angle":22.5,"axis":"y","origin":[8,0.5,8]},"faces":{"north":{"uv":[8.5,3.5,9,3.75],"texture":"#0"},"east":{"uv":[10.25,1,12.75,1.25],"texture":"#0"},"south":{"uv":[8.5,3.75,9,4],"texture":"#0"},"west":{"uv":[10.25,1.25,12.75,1.5],"texture":"#0"},"up":{"uv":[8.5,4,8,1.5],"texture":"#0"},"down":{"uv":[3,8.5,2.5,11],"texture":"#0"}}},{"from":[7.00544,-0.1,3],"to":[8.99456,1.1,13],"rotation":{"angle":45,"axis":"y","origin":[8,0.5,8]},"faces":{"north":{"uv":[9,2,9.5,2.25],"texture":"#0"},"east":{"uv":[10.25,10,12.75,10.25],"texture":"#0"},"south":{"uv":[9,2.25,9.5,2.5],"texture":"#0"},"west":{"uv":[10.5,10.5,13,10.75],"texture":"#0"},"up":{"uv":[6,11,5.5,8.5],"texture":"#0"},"down":{"uv":[9,8.5,8.5,11],"texture":"#0"}}},{"from":[3,-0.1,7.00544],"to":[13,1.1,8.99456],"rotation":{"angle":-22.5,"axis":"y","origin":[8,0.5,8]},"faces":{"north":{"uv":[10.5,2,13,2.25],"texture":"#0"},"east":{"uv":[9,2.5,9.5,2.75],"texture":"#0"},"south":{"uv":[10.5,2.25,13,2.5],"texture":"#0"},"west":{"uv":[9,2.75,9.5,3],"texture":"#0"},"up":{"uv":[10,4.5,7.5,4],"texture":"#0"},"down":{"uv":[10,4.5,7.5,5],"texture":"#0"}}},{"from":[3,-0.1,7.00544],"to":[13,1.1,8.99456],"rotation":{"angle":0,"axis":"y","origin":[8,0.5,8]},"faces":{"north":{"uv":[10.5,2.5,13,2.75],"texture":"#0"},"east":{"uv":[9,3,9.5,3.25],"texture":"#0"},"south":{"uv":[10.5,2.75,13,3],"texture":"#0"},"west":{"uv":[9,3.25,9.5,3.5],"texture":"#0"},"up":{"uv":[10,5.5,7.5,5],"texture":"#0"},"down":{"uv":[10,7,7.5,7.5],"texture":"#0"}}},{"from":[3,-0.1,7.00544],"to":[13,1.1,8.99456],"rotation":{"angle":22.5,"axis":"y","origin":[8,0.5,8]},"faces":{"north":{"uv":[10.5,3,13,3.25],"texture":"#0"},"east":{"uv":[9,3.5,9.5,3.75],"texture":"#0"},"south":{"uv":[10.5,3.25,13,3.5],"texture":"#0"},"west":{"uv":[9,3.75,9.5,4],"texture":"#0"},"up":{"uv":[10.5,8,8,7.5],"texture":"#0"},"down":{"uv":[11,1.5,8.5,2],"texture":"#0"}}},{"from":[6.90598,12.8,2.5],"to":[9.09402,13.8,13.5],"rotation":{"angle":-45,"axis":"y","origin":[8,15.8,8]},"faces":{"north":{"uv":[9.5,2,10,2.25],"texture":"#0"},"east":{"uv":[8.5,8,11.25,8.25],"texture":"#0"},"south":{"uv":[9.5,2.25,10,2.5],"texture":"#0"},"west":{"uv":[8.5,8.25,11.25,8.5],"texture":"#0"},"up":{"uv":[7,2.75,6.5,0],"texture":"#0"},"down":{"uv":[7,2.75,6.5,5.5],"texture":"#0"}}},{"from":[6.90598,12.8,2.5],"to":[9.09402,13.8,13.5],"rotation":{"angle":-22.5,"axis":"y","origin":[8,15.8,8]},"faces":{"north":{"uv":[9.5,2.5,10,2.75],"texture":"#0"},"east":{"uv":[9,8.5,11.75,8.75],"texture":"#0"},"south":{"uv":[9.5,2.75,10,3],"texture":"#0"},"west":{"uv":[9,8.75,11.75,9],"texture":"#0"},"up":{"uv":[1.5,9.75,1,7],"texture":"#0"},"down":{"uv":[4.5,7,4,9.75],"texture":"#0"}}},{"from":[6.90598,12.8,2.5],"to":[9.09402,13.8,13.5],"rotation":{"angle":0,"axis":"y","origin":[8,15.8,8]},"faces":{"north":{"uv":[9.5,3,10,3.25],"texture":"#0"},"east":{"uv":[9.25,5.5,12,5.75],"texture":"#0"},"south":{"uv":[9.5,3.25,10,3.5],"texture":"#0"},"west":{"uv":[9.25,5.75,12,6],"texture":"#0"},"up":{"uv":[7.5,9.75,7,7],"texture":"#0"},"down":{"uv":[7.5,0,7,2.75],"texture":"#0"}}},{"from":[6.90598,12.8,2.5],"to":[9.09402,13.8,13.5],"rotation":{"angle":22.5,"axis":"y","origin":[8,15.8,8]},"faces":{"north":{"uv":[9.5,3.5,10,3.75],"texture":"#0"},"east":{"uv":[9.25,6,12,6.25],"texture":"#0"},"south":{"uv":[9.5,3.75,10,4],"texture":"#0"},"west":{"uv":[9.25,6.25,12,6.5],"texture":"#0"},"up":{"uv":[7.5,5.5,7,2.75],"texture":"#0"},"down":{"uv":[2,7.5,1.5,10.25],"texture":"#0"}}},{"from":[6.90598,12.8,2.5],"to":[9.09402,13.8,13.5],"rotation":{"angle":45,"axis":"y","origin":[8,15.8,8]},"faces":{"north":{"uv":[2,10.5,2.5,10.75],"texture":"#0"},"east":{"uv":[9.25,9,12,9.25],"texture":"#0"},"south":{"uv":[5,10.5,5.5,10.75],"texture":"#0"},"west":{"uv":[9.5,9.25,12.25,9.5],"texture":"#0"},"up":{"uv":[5,10.25,4.5,7.5],"texture":"#0"},"down":{"uv":[8,7.5,7.5,10.25],"texture":"#0"}}},{"from":[2.5,12.8,6.90598],"to":[13.5,13.8,9.09402],"rotation":{"angle":-22.5,"axis":"y","origin":[8,15.8,8]},"faces":{"north":{"uv":[9.75,6.5,12.5,6.75],"texture":"#0"},"east":{"uv":[8,10.5,8.5,10.75],"texture":"#0"},"south":{"uv":[9.75,6.75,12.5,7],"texture":"#0"},"west":{"uv":[10.5,3.5,11,3.75],"texture":"#0"},"up":{"uv":[9.25,6,6.5,5.5],"texture":"#0"},"down":{"uv":[9.25,6,6.5,6.5],"texture":"#0"}}},{"from":[2.5,12.8,6.90598],"to":[13.5,13.8,9.09402],"rotation":{"angle":0,"axis":"y","origin":[8,15.8,8]},"faces":{"north":{"uv":[9.75,9.5,12.5,9.75],"texture":"#0"},"east":{"uv":[10.5,3.75,11,4],"texture":"#0"},"south":{"uv":[10,5,12.75,5.25],"texture":"#0"},"west":{"uv":[10.5,4,11,4.25],"texture":"#0"},"up":{"uv":[9.75,7,7,6.5],"texture":"#0"},"down":{"uv":[10.25,0,7.5,0.5],"texture":"#0"}}},{"from":[2.5,12.8,6.90598],"to":[13.5,13.8,9.09402],"rotation":{"angle":22.5,"axis":"y","origin":[8,15.8,8]},"faces":{"north":{"uv":[10,5.25,12.75,5.5],"texture":"#0"},"east":{"uv":[10.5,4.25,11,4.5],"texture":"#0"},"south":{"uv":[10,7,12.75,7.25],"texture":"#0"},"west":{"uv":[10.5,4.5,11,4.75],"texture":"#0"},"up":{"uv":[10.25,1,7.5,0.5],"texture":"#0"},"down":{"uv":[10.25,1,7.5,1.5],"texture":"#0"}}},{"from":[6.4,14.6,7.55],"to":[9.464,15.2,8.2],"faces":{"north":{"uv":[0.5,0,1.25,0.25],"texture":"#0"},"east":{"uv":[10.5,4.75,10.75,5],"texture":"#0"},"south":{"uv":[0.5,0.25,1.25,0.5],"texture":"#0"},"west":{"uv":[10.5,10.25,10.75,10.5],"texture":"#0"},"up":{"uv":[1.75,0.75,1,0.5],"texture":"#0"},"down":{"uv":[1.75,0.75,1,1],"texture":"#0"}}},{"from":[9.3,13,7.55],"to":[9.85,14.8,8.2],"rotation":{"angle":0,"axis":"x","origin":[0.35,-0.5,0]},"faces":{"north":{"uv":[5.25,4,5.5,4.5],"texture":"#0"},"east":{"uv":[5.25,4.5,5.5,5],"texture":"#0"},"south":{"uv":[10.5,7.5,10.75,8],"texture":"#0"},"west":{"uv":[2,10.75,2.25,11.25],"texture":"#0"},"up":{"uv":[8.5,11,8.25,10.75],"texture":"#0"},"down":{"uv":[10.75,10.75,10.5,11],"texture":"#0"}}},{"from":[9.18306,14.52374,7.55],"to":[9.63306,15.07374,8.2],"rotation":{"angle":45,"axis":"z","origin":[9.40806,14.92374,7.875]},"faces":{"north":{"uv":[10.75,7.5,11,7.75],"texture":"#0"},"east":{"uv":[10.75,7.75,11,8],"texture":"#0"},"south":{"uv":[10.75,10.25,11,10.5],"texture":"#0"},"west":{"uv":[2.5,11,2.75,11.25],"texture":"#0"},"up":{"uv":[3,11.25,2.75,11],"texture":"#0"},"down":{"uv":[5.75,11,5.5,11.25],"texture":"#0"}}},{"from":[6.26694,14.42374,7.55],"to":[6.71694,14.97374,8.2],"rotation":{"angle":-45,"axis":"z","origin":[6.59194,14.92374,7.875]},"faces":{"north":{"uv":[5.75,11,6,11.25],"texture":"#0"},"east":{"uv":[8.25,11,8.5,11.25],"texture":"#0"},"south":{"uv":[8.5,11,8.75,11.25],"texture":"#0"},"west":{"uv":[8.75,11,9,11.25],"texture":"#0"},"up":{"uv":[10.75,11.25,10.5,11],"texture":"#0"},"down":{"uv":[11,11,10.75,11.25],"texture":"#0"}}},{"from":[6,13,7.55],"to":[6.55,14.8,8.2],"rotation":{"angle":0,"axis":"x","origin":[0.35,-0.5,0]},"faces":{"north":{"uv":[2.25,10.75,2.5,11.25],"texture":"#0"},"east":{"uv":[5,10.75,5.25,11.25],"texture":"#0"},"south":{"uv":[5.25,10.75,5.5,11.25],"texture":"#0"},"west":{"uv":[8,10.75,8.25,11.25],"texture":"#0"},"up":{"uv":[11,11,10.75,10.75],"texture":"#0"},"down":{"uv":[11,4.75,10.75,5],"texture":"#0"}}}]}