{"texture_size":[32,32],"textures":{"0":"item/alch/chainsaw","1":"item/alch/chainm","particle":"item/alch/chainsaw"},"elements":[{"from":[8.75,0,11],"to":[10,0.25,15],"rotation":{"angle":0,"axis":"y","origin":[0,0,2]},"faces":{"north":{"uv":[7,5.5,7.5,6],"texture":"#0"},"east":{"uv":[5,0,7,0.5],"texture":"#0"},"south":{"uv":[1,7.5,1.5,8],"texture":"#0"},"west":{"uv":[5,0.5,7,1],"texture":"#0"},"up":{"uv":[1.5,7,1,5],"texture":"#0"},"down":{"uv":[5.5,1,5,3],"texture":"#0"}}},{"from":[8.878,0,11],"to":[9.878,1.55515,12],"rotation":{"angle":0,"axis":"y","origin":[0,0,2.5]},"faces":{"north":{"uv":[2.5,6.5,3,7.5],"texture":"#0"},"east":{"uv":[3,6.5,3.5,7.5],"texture":"#0"},"south":{"uv":[3.5,6.5,4,7.5],"texture":"#0"},"west":{"uv":[4,6.5,4.5,7.5],"texture":"#0"},"up":{"uv":[3.5,8.5,3,8],"texture":"#0"},"down":{"uv":[8.5,3,8,3.5],"texture":"#0"}}},{"from":[8,-0.25,8.622],"to":[10.5,1.30515,11.372],"rotation":{"angle":0,"axis":"y","origin":[0.122,0,2.872]},"faces":{"north":{"uv":[1,3,2.5,4],"texture":"#0"},"east":{"uv":[2.5,3,4,4],"texture":"#0"},"south":{"uv":[1,4,2.5,5],"texture":"#0"},"west":{"uv":[2.5,4,4,5],"texture":"#0"},"up":{"uv":[1.5,1.5,0,0],"texture":"#0"},"down":{"uv":[1.5,1.5,0,3],"texture":"#0"}}},{"from":[8.186,0,8.186],"to":[9.436,0.80515,8.186],"rotation":{"angle":0,"axis":"y","origin":[0.308,0,0.622]},"faces":{"north":{"uv":[13.5,2.5,14,3],"texture":"#0"},"east":{"uv":[0,0,0,0.5],"texture":"#0"},"south":{"uv":[3,13.5,3.5,14],"texture":"#0"},"west":{"uv":[0,0,0,0.5],"texture":"#0"},"up":{"uv":[0.5,0,0,0],"texture":"#0"},"down":{"uv":[0.5,0,0,0],"texture":"#0"}}},{"from":[6.75,0.564,9.564],"to":[8,1.36915,9.564],"rotation":{"angle":0,"axis":"y","origin":[0.308,0,0.622]},"faces":{"north":{"uv":[8,14,8.5,14.5],"texture":"#0"},"east":{"uv":[0,0,0,0.5],"texture":"#0"},"south":{"uv":[14,8,14.5,8.5],"texture":"#0"},"west":{"uv":[0,0,0,0.5],"texture":"#0"},"up":{"uv":[0.5,0,0,0],"texture":"#0"},"down":{"uv":[0.5,0,0,0],"texture":"#0"}}},{"from":[8.276,0.724,8.122],"to":[9.346,0.80515,8.622],"rotation":{"angle":0,"axis":"y","origin":[0.218,0.724,0.622]},"faces":{"north":{"uv":[13.5,9,14,9.5],"texture":"#0"},"east":{"uv":[9.5,13.5,10,14],"texture":"#0"},"south":{"uv":[13.5,9.5,14,10],"texture":"#0"},"west":{"uv":[10,13.5,10.5,14],"texture":"#0"},"up":{"uv":[14,10.5,13.5,10],"texture":"#0"},"down":{"uv":[11,13.5,10.5,14],"texture":"#0"}}},{"from":[6.84,1.288,9.5],"to":[7.91,1.36915,10],"rotation":{"angle":0,"axis":"y","origin":[0.218,0.724,0.622]},"faces":{"north":{"uv":[8.5,14,9,14.5],"texture":"#0"},"east":{"uv":[14,8.5,14.5,9],"texture":"#0"},"south":{"uv":[9,14,9.5,14.5],"texture":"#0"},"west":{"uv":[14,9,14.5,9.5],"texture":"#0"},"up":{"uv":[10,14.5,9.5,14],"texture":"#0"},"down":{"uv":[14.5,9.5,14,10],"texture":"#0"}}},{"from":[8.276,0.596,8.154],"to":[9.346,0.67715,8.654],"rotation":{"angle":0,"axis":"y","origin":[0.218,0.724,0.622]},"faces":{"north":{"uv":[1.5,14,2,14.5],"texture":"#0"},"east":{"uv":[14,1.5,14.5,2],"texture":"#0"},"south":{"uv":[2,14,2.5,14.5],"texture":"#0"},"west":{"uv":[14,2,14.5,2.5],"texture":"#0"},"up":{"uv":[3,14.5,2.5,14],"texture":"#0"},"down":{"uv":[14.5,2.5,14,3],"texture":"#0"}}},{"from":[8.276,0.436,8.154],"to":[9.346,0.51715,8.654],"rotation":{"angle":0,"axis":"y","origin":[0.218,0.724,0.622]},"faces":{"north":{"uv":[3,14,3.5,14.5],"texture":"#0"},"east":{"uv":[14,3,14.5,3.5],"texture":"#0"},"south":{"uv":[3.5,14,4,14.5],"texture":"#0"},"west":{"uv":[14,3.5,14.5,4],"texture":"#0"},"up":{"uv":[4.5,14.5,4,14],"texture":"#0"},"down":{"uv":[14.5,4,14,4.5],"texture":"#0"}}},{"from":[8.276,0.276,8.154],"to":[9.346,0.35715,8.654],"rotation":{"angle":0,"axis":"y","origin":[0.218,0.724,0.622]},"faces":{"north":{"uv":[4.5,14,5,14.5],"texture":"#0"},"east":{"uv":[14,4.5,14.5,5],"texture":"#0"},"south":{"uv":[5,14,5.5,14.5],"texture":"#0"},"west":{"uv":[14,5,14.5,5.5],"texture":"#0"},"up":{"uv":[6,14.5,5.5,14],"texture":"#0"},"down":{"uv":[14.5,5.5,14,6],"texture":"#0"}}},{"from":[8.276,0.116,8.154],"to":[9.346,0.19715,8.654],"rotation":{"angle":0,"axis":"y","origin":[0.218,0.724,0.622]},"faces":{"north":{"uv":[6,14,6.5,14.5],"texture":"#0"},"east":{"uv":[14,6,14.5,6.5],"texture":"#0"},"south":{"uv":[6.5,14,7,14.5],"texture":"#0"},"west":{"uv":[14,6.5,14.5,7],"texture":"#0"},"up":{"uv":[7.5,14.5,7,14],"texture":"#0"},"down":{"uv":[14.5,7,14,7.5],"texture":"#0"}}},{"from":[7.73285,0.64515,9.5],"to":[7.814,1.288,10],"rotation":{"angle":0,"axis":"z","origin":[7.86943,0.753,9.75]},"faces":{"north":{"uv":[14.5,0,15,0.5],"texture":"#0"},"east":{"uv":[0.5,14.5,1,15],"texture":"#0"},"south":{"uv":[14.5,0.5,15,1],"texture":"#0"},"west":{"uv":[1,14.5,1.5,15],"texture":"#0"},"up":{"uv":[15,1.5,14.5,1],"texture":"#0"},"down":{"uv":[2,14.5,1.5,15],"texture":"#0"}}},{"from":[7.57285,0.64515,9.5],"to":[7.654,1.288,10],"rotation":{"angle":0,"axis":"z","origin":[7.86943,0.753,9.75]},"faces":{"north":{"uv":[14.5,1.5,15,2],"texture":"#0"},"east":{"uv":[2,14.5,2.5,15],"texture":"#0"},"south":{"uv":[14.5,2,15,2.5],"texture":"#0"},"west":{"uv":[2.5,14.5,3,15],"texture":"#0"},"up":{"uv":[15,3,14.5,2.5],"texture":"#0"},"down":{"uv":[3.5,14.5,3,15],"texture":"#0"}}},{"from":[7.41285,0.64515,9.5],"to":[7.494,1.288,10],"rotation":{"angle":0,"axis":"z","origin":[7.86943,0.753,9.75]},"faces":{"north":{"uv":[14.5,3,15,3.5],"texture":"#0"},"east":{"uv":[3.5,14.5,4,15],"texture":"#0"},"south":{"uv":[14.5,3.5,15,4],"texture":"#0"},"west":{"uv":[4,14.5,4.5,15],"texture":"#0"},"up":{"uv":[15,4.5,14.5,4],"texture":"#0"},"down":{"uv":[5,14.5,4.5,15],"texture":"#0"}}},{"from":[7.25285,0.64515,9.5],"to":[7.334,1.288,10],"rotation":{"angle":0,"axis":"z","origin":[7.86943,0.753,9.75]},"faces":{"north":{"uv":[14.5,4.5,15,5],"texture":"#0"},"east":{"uv":[5,14.5,5.5,15],"texture":"#0"},"south":{"uv":[14.5,5,15,5.5],"texture":"#0"},"west":{"uv":[5.5,14.5,6,15],"texture":"#0"},"up":{"uv":[15,6,14.5,5.5],"texture":"#0"},"down":{"uv":[6.5,14.5,6,15],"texture":"#0"}}},{"from":[7.09285,0.64515,9.5],"to":[7.174,1.288,10],"rotation":{"angle":0,"axis":"z","origin":[7.86943,0.753,9.75]},"faces":{"north":{"uv":[14.5,6,15,6.5],"texture":"#0"},"east":{"uv":[6.5,14.5,7,15],"texture":"#0"},"south":{"uv":[14.5,6.5,15,7],"texture":"#0"},"west":{"uv":[7,14.5,7.5,15],"texture":"#0"},"up":{"uv":[15,7.5,14.5,7],"texture":"#0"},"down":{"uv":[8,14.5,7.5,15],"texture":"#0"}}},{"from":[6.93285,0.64515,9.5],"to":[7.014,1.288,10],"rotation":{"angle":0,"axis":"z","origin":[7.86943,0.753,9.75]},"faces":{"north":{"uv":[14.5,7.5,15,8],"texture":"#0"},"east":{"uv":[8,14.5,8.5,15],"texture":"#0"},"south":{"uv":[14.5,8,15,8.5],"texture":"#0"},"west":{"uv":[8.5,14.5,9,15],"texture":"#0"},"up":{"uv":[15,9,14.5,8.5],"texture":"#0"},"down":{"uv":[9.5,14.5,9,15],"texture":"#0"}}},{"from":[8.186,0,8.122],"to":[9.436,0.08115,8.622],"rotation":{"angle":0,"axis":"y","origin":[0.308,0,0.622]},"faces":{"north":{"uv":[0,14,0.5,14.5],"texture":"#0"},"east":{"uv":[14,0,14.5,0.5],"texture":"#0"},"south":{"uv":[0.5,14,1,14.5],"texture":"#0"},"west":{"uv":[14,0.5,14.5,1],"texture":"#0"},"up":{"uv":[1.5,14.5,1,14],"texture":"#0"},"down":{"uv":[14.5,1,14,1.5],"texture":"#0"}}},{"from":[6.75,0.564,9.5],"to":[8,0.64515,10],"rotation":{"angle":0,"axis":"y","origin":[0.308,0.032,0.622]},"faces":{"north":{"uv":[13,14,13.5,14.5],"texture":"#0"},"east":{"uv":[14,13,14.5,13.5],"texture":"#0"},"south":{"uv":[13.5,14,14,14.5],"texture":"#0"},"west":{"uv":[14,13.5,14.5,14],"texture":"#0"},"up":{"uv":[14.5,14.5,14,14],"texture":"#0"},"down":{"uv":[0.5,14.5,0,15],"texture":"#0"}}},{"from":[9.346,0.08115,8.122],"to":[9.436,0.80515,8.622],"rotation":{"angle":0,"axis":"y","origin":[0.308,0.08115,0.622]},"faces":{"north":{"uv":[13.5,10.5,14,11],"texture":"#0"},"east":{"uv":[11,13.5,11.5,14],"texture":"#0"},"south":{"uv":[13.5,11,14,11.5],"texture":"#0"},"west":{"uv":[11.5,13.5,12,14],"texture":"#0"},"up":{"uv":[14,12,13.5,11.5],"texture":"#0"},"down":{"uv":[12.5,13.5,12,14],"texture":"#0"}}},{"from":[7.91,0.64515,9.5],"to":[8,1.36915,10],"rotation":{"angle":0,"axis":"y","origin":[0.308,0.08115,0.622]},"faces":{"north":{"uv":[10,14,10.5,14.5],"texture":"#0"},"east":{"uv":[14,10,14.5,10.5],"texture":"#0"},"south":{"uv":[10.5,14,11,14.5],"texture":"#0"},"west":{"uv":[14,10.5,14.5,11],"texture":"#0"},"up":{"uv":[11.5,14.5,11,14],"texture":"#0"},"down":{"uv":[14.5,11,14,11.5],"texture":"#0"}}},{"from":[8.186,0.08115,8.122],"to":[8.276,0.80515,8.622],"rotation":{"angle":0,"axis":"y","origin":[-0.852,0.08115,0.622]},"faces":{"north":{"uv":[13.5,12,14,12.5],"texture":"#0"},"east":{"uv":[12.5,13.5,13,14],"texture":"#0"},"south":{"uv":[13.5,12.5,14,13],"texture":"#0"},"west":{"uv":[13,13.5,13.5,14],"texture":"#0"},"up":{"uv":[14,13.5,13.5,13],"texture":"#0"},"down":{"uv":[14,13.5,13.5,14],"texture":"#0"}}},{"from":[6.75,0.64515,9.5],"to":[6.84,1.36915,10],"rotation":{"angle":0,"axis":"y","origin":[-0.852,0.08115,0.622]},"faces":{"north":{"uv":[11.5,14,12,14.5],"texture":"#0"},"east":{"uv":[14,11.5,14.5,12],"texture":"#0"},"south":{"uv":[12,14,12.5,14.5],"texture":"#0"},"west":{"uv":[14,12,14.5,12.5],"texture":"#0"},"up":{"uv":[13,14.5,12.5,14],"texture":"#0"},"down":{"uv":[14.5,12.5,14,13],"texture":"#0"}}},{"from":[8.186,-0.17309,8.18703],"to":[9.436,0.32691,8.74217],"rotation":{"angle":22.5,"axis":"x","origin":[8.811,0.07691,8.5896]},"faces":{"north":{"uv":[13.5,6,14,6.5],"texture":"#0"},"east":{"uv":[6.5,13.5,7,14],"texture":"#0"},"south":{"uv":[13.5,6.5,14,7],"texture":"#0"},"west":{"uv":[7,13.5,7.5,14],"texture":"#0"},"up":{"uv":[14,7.5,13.5,7],"texture":"#0"},"down":{"uv":[8,13.5,7.5,14],"texture":"#0"}}},{"from":[8.686,1,8.372],"to":[9.436,1.55515,8.872],"rotation":{"angle":0,"axis":"y","origin":[0.308,0,0.122]},"faces":{"north":{"uv":[13.5,4.5,14,5],"texture":"#0"},"east":{"uv":[5,13.5,5.5,14],"texture":"#0"},"south":{"uv":[13.5,5,14,5.5],"texture":"#0"},"west":{"uv":[5.5,13.5,6,14],"texture":"#0"},"up":{"uv":[14,6,13.5,5.5],"texture":"#0"},"down":{"uv":[6.5,13.5,6,14],"texture":"#0"}}},{"from":[8.686,1.4304,8.44654],"to":[9.436,1.6804,9.00169],"rotation":{"angle":-22.5,"axis":"x","origin":[9.061,1.4304,8.72412]},"faces":{"north":{"uv":[13.5,7.5,14,8],"texture":"#0"},"east":{"uv":[8,13.5,8.5,14],"texture":"#0"},"south":{"uv":[13.5,8,14,8.5],"texture":"#0"},"west":{"uv":[8.5,13.5,9,14],"texture":"#0"},"up":{"uv":[14,9,13.5,8.5],"texture":"#0"},"down":{"uv":[9.5,13.5,9,14],"texture":"#0"}}},{"from":[8.186,0.43695,8.51376],"to":[9.436,1.18695,9.31891],"rotation":{"angle":45,"axis":"x","origin":[8.811,1.09395,8.76234]},"faces":{"north":{"uv":[13.5,3,14,3.5],"texture":"#0"},"east":{"uv":[3.5,13.5,4,14],"texture":"#0"},"south":{"uv":[13.5,3.5,14,4],"texture":"#0"},"west":{"uv":[4,13.5,4.5,14],"texture":"#0"},"up":{"uv":[14,4.5,13.5,4],"texture":"#0"},"down":{"uv":[5,13.5,4.5,14],"texture":"#0"}}},{"from":[9.436,0.04364,8.372],"to":[10.346,1.80515,8.622],"rotation":{"angle":0,"axis":"y","origin":[0.058,0,2.872]},"faces":{"north":{"uv":[7,4.5,7.5,5.5],"texture":"#0"},"east":{"uv":[5,7,5.5,8],"texture":"#0"},"south":{"uv":[5.5,7,6,8],"texture":"#0"},"west":{"uv":[6,7,6.5,8],"texture":"#0"},"up":{"uv":[14,1,13.5,0.5],"texture":"#0"},"down":{"uv":[1.5,13.5,1,14],"texture":"#0"}}},{"from":[10.26531,-0.09,8.41568],"to":[10.42531,1.80501,8.63968],"rotation":{"angle":45,"axis":"y","origin":[10.44131,0.77461,8.54068]},"faces":{"north":{"uv":[6.5,7,7,8],"texture":"#0"},"east":{"uv":[7,7,7.5,8],"texture":"#0"},"south":{"uv":[7.5,0,8,1],"texture":"#0"},"west":{"uv":[0.5,7.5,1,8.5],"texture":"#0"},"up":{"uv":[8,14.5,7.5,14],"texture":"#0"},"down":{"uv":[14.5,7.5,14,8],"texture":"#0"}}},{"from":[9.436,-0.08987,8.25],"to":[10.346,0.04364,8.75],"rotation":{"angle":0,"axis":"y","origin":[0.058,0.23849,2.872]},"faces":{"north":{"uv":[13.5,1,14,1.5],"texture":"#0"},"east":{"uv":[1.5,13.5,2,14],"texture":"#0"},"south":{"uv":[13.5,1.5,14,2],"texture":"#0"},"west":{"uv":[2,13.5,2.5,14],"texture":"#0"},"up":{"uv":[14,2.5,13.5,2],"texture":"#0"},"down":{"uv":[3,13.5,2.5,14],"texture":"#0"}}},{"from":[9.436,1.4563,8.2665],"to":[10.186,1.76145,8.5165],"rotation":{"angle":-45,"axis":"x","origin":[9.561,1.60887,8.3915]},"faces":{"north":{"uv":[12.5,11.5,13,12],"texture":"#0"},"east":{"uv":[12,12.5,12.5,13],"texture":"#0"},"south":{"uv":[12.5,12,13,12.5],"texture":"#0"},"west":{"uv":[12.5,12.5,13,13],"texture":"#0"},"up":{"uv":[0.5,13.5,0,13],"texture":"#0"},"down":{"uv":[13.5,0,13,0.5],"texture":"#0"}}},{"from":[10.096,1.4563,8.2665],"to":[10.346,1.76145,8.5165],"rotation":{"angle":-45,"axis":"x","origin":[10.221,1.60887,8.3915]},"faces":{"north":{"uv":[6.5,13,7,13.5],"texture":"#0"},"east":{"uv":[13,6.5,13.5,7],"texture":"#0"},"south":{"uv":[7,13,7.5,13.5],"texture":"#0"},"west":{"uv":[13,7,13.5,7.5],"texture":"#0"},"up":{"uv":[8,13.5,7.5,13],"texture":"#0"},"down":{"uv":[13.5,7.5,13,8],"texture":"#0"}}},{"from":[9.436,1.2063,8.0165],"to":[9.782,1.51145,8.2665],"rotation":{"angle":-45,"axis":"x","origin":[9.561,1.60887,8.3915]},"faces":{"north":{"uv":[0.5,13,1,13.5],"texture":"#0"},"east":{"uv":[13,0.5,13.5,1],"texture":"#0"},"south":{"uv":[1,13,1.5,13.5],"texture":"#0"},"west":{"uv":[13,1,13.5,1.5],"texture":"#0"},"up":{"uv":[2,13.5,1.5,13],"texture":"#0"},"down":{"uv":[13.5,1.5,13,2],"texture":"#0"}}},{"from":[10,1.2063,8.0165],"to":[10.346,1.51145,8.2665],"rotation":{"angle":-45,"axis":"x","origin":[10.221,1.60887,8.3915]},"faces":{"north":{"uv":[8,13,8.5,13.5],"texture":"#0"},"east":{"uv":[13,8,13.5,8.5],"texture":"#0"},"south":{"uv":[8.5,13,9,13.5],"texture":"#0"},"west":{"uv":[13,8.5,13.5,9],"texture":"#0"},"up":{"uv":[9.5,13.5,9,13],"texture":"#0"},"down":{"uv":[13.5,9,13,9.5],"texture":"#0"}}},{"from":[9.436,0.9563,7.7665],"to":[9.782,1.26145,8.0165],"rotation":{"angle":-45,"axis":"x","origin":[9.561,1.60887,8.3915]},"faces":{"north":{"uv":[2,13,2.5,13.5],"texture":"#0"},"east":{"uv":[13,2,13.5,2.5],"texture":"#0"},"south":{"uv":[2.5,13,3,13.5],"texture":"#0"},"west":{"uv":[13,2.5,13.5,3],"texture":"#0"},"up":{"uv":[3.5,13.5,3,13],"texture":"#0"},"down":{"uv":[13.5,3,13,3.5],"texture":"#0"}}},{"from":[10,0.9563,7.7665],"to":[10.346,1.26145,8.0165],"rotation":{"angle":-45,"axis":"x","origin":[10.221,1.60887,8.3915]},"faces":{"north":{"uv":[9.5,13,10,13.5],"texture":"#0"},"east":{"uv":[13,9.5,13.5,10],"texture":"#0"},"south":{"uv":[10,13,10.5,13.5],"texture":"#0"},"west":{"uv":[13,10,13.5,10.5],"texture":"#0"},"up":{"uv":[11,13.5,10.5,13],"texture":"#0"},"down":{"uv":[13.5,10.5,13,11],"texture":"#0"}}},{"from":[9.436,0.7063,7.5165],"to":[9.782,1.01145,7.7665],"rotation":{"angle":-45,"axis":"x","origin":[9.561,1.60887,8.3915]},"faces":{"north":{"uv":[3.5,13,4,13.5],"texture":"#0"},"east":{"uv":[13,3.5,13.5,4],"texture":"#0"},"south":{"uv":[4,13,4.5,13.5],"texture":"#0"},"west":{"uv":[13,4,13.5,4.5],"texture":"#0"},"up":{"uv":[5,13.5,4.5,13],"texture":"#0"},"down":{"uv":[13.5,4.5,13,5],"texture":"#0"}}},{"from":[10,0.7063,7.5165],"to":[10.346,1.01145,7.7665],"rotation":{"angle":-45,"axis":"x","origin":[10.221,1.60887,8.3915]},"faces":{"north":{"uv":[11,13,11.5,13.5],"texture":"#0"},"east":{"uv":[13,11,13.5,11.5],"texture":"#0"},"south":{"uv":[11.5,13,12,13.5],"texture":"#0"},"west":{"uv":[13,11.5,13.5,12],"texture":"#0"},"up":{"uv":[12.5,13.5,12,13],"texture":"#0"},"down":{"uv":[13.5,12,13,12.5],"texture":"#0"}}},{"from":[9.436,0.5203,7.2665],"to":[9.782,0.76145,7.5165],"rotation":{"angle":-45,"axis":"x","origin":[9.561,1.60887,8.3915]},"faces":{"north":{"uv":[5,13,5.5,13.5],"texture":"#0"},"east":{"uv":[13,5,13.5,5.5],"texture":"#0"},"south":{"uv":[5.5,13,6,13.5],"texture":"#0"},"west":{"uv":[13,5.5,13.5,6],"texture":"#0"},"up":{"uv":[6.5,13.5,6,13],"texture":"#0"},"down":{"uv":[13.5,6,13,6.5],"texture":"#0"}}},{"from":[10,0.5203,7.2665],"to":[10.346,0.76145,7.5165],"rotation":{"angle":-45,"axis":"x","origin":[10.221,1.60887,8.3915]},"faces":{"north":{"uv":[12.5,13,13,13.5],"texture":"#0"},"east":{"uv":[13,12.5,13.5,13],"texture":"#0"},"south":{"uv":[13,13,13.5,13.5],"texture":"#0"},"west":{"uv":[0,13.5,0.5,14],"texture":"#0"},"up":{"uv":[14,0.5,13.5,0],"texture":"#0"},"down":{"uv":[1,13.5,0.5,14],"texture":"#0"}}},{"from":[6.25,0.59,9.48064],"to":[6.75,1.3875,11.18296],"rotation":{"angle":0,"axis":"y","origin":[-3.628,0.25,5.40296]},"faces":{"north":{"uv":[10.5,8,11,8.5],"texture":"#0"},"east":{"uv":[7,2.5,8,3],"texture":"#0"},"south":{"uv":[8.5,10.5,9,11],"texture":"#0"},"west":{"uv":[7,3,8,3.5],"texture":"#0"},"up":{"uv":[7.5,4.5,7,3.5],"texture":"#0"},"down":{"uv":[5,7,4.5,8],"texture":"#0"}}},{"from":[8,1.23724,11.03063],"to":[10.5,1.48724,11.33578],"rotation":{"angle":-22.5,"axis":"x","origin":[9,1.36224,11.1832]},"faces":{"north":{"uv":[5.5,1,7,1.5],"texture":"#0"},"east":{"uv":[7,8,7.5,8.5],"texture":"#0"},"south":{"uv":[1.5,5.5,3,6],"texture":"#0"},"west":{"uv":[8,7,8.5,7.5],"texture":"#0"},"up":{"uv":[7,2,5.5,1.5],"texture":"#0"},"down":{"uv":[7,2,5.5,2.5],"texture":"#0"}}},{"from":[6.75,1.34133,10.95083],"to":[8,1.51133,11.15833],"rotation":{"angle":-22.5,"axis":"x","origin":[6.5,1.42633,11.05458]},"faces":{"north":{"uv":[9.5,5.5,10,6],"texture":"#0"},"east":{"uv":[6,9.5,6.5,10],"texture":"#0"},"south":{"uv":[9.5,6,10,6.5],"texture":"#0"},"west":{"uv":[6.5,9.5,7,10],"texture":"#0"},"up":{"uv":[10,7,9.5,6.5],"texture":"#0"},"down":{"uv":[7.5,9.5,7,10],"texture":"#0"}}},{"from":[6.75,0.59,10.95083],"to":[8,1.3875,11.18296],"rotation":{"angle":0,"axis":"x","origin":[6.5,1.42633,11.05458]},"faces":{"north":{"uv":[14.5,9,15,9.5],"texture":"#0"},"east":{"uv":[9.5,14.5,10,15],"texture":"#0"},"south":{"uv":[14.5,9.5,15,10],"texture":"#0"},"west":{"uv":[10,14.5,10.5,15],"texture":"#0"},"up":{"uv":[15,10.5,14.5,10],"texture":"#0"},"down":{"uv":[11,14.5,10.5,15],"texture":"#0"}}},{"from":[6.25,1.34133,10.95083],"to":[6.75,1.51133,11.15833],"rotation":{"angle":-22.5,"axis":"x","origin":[5.25,1.42633,11.05458]},"faces":{"north":{"uv":[10.5,6.5,11,7],"texture":"#0"},"east":{"uv":[7,10.5,7.5,11],"texture":"#0"},"south":{"uv":[10.5,7,11,7.5],"texture":"#0"},"west":{"uv":[7.5,10.5,8,11],"texture":"#0"},"up":{"uv":[11,8,10.5,7.5],"texture":"#0"},"down":{"uv":[8.5,10.5,8,11],"texture":"#0"}}},{"from":[6.75,1.34133,9.50527],"to":[8,1.51133,9.71277],"rotation":{"angle":22.5,"axis":"x","origin":[6.5,1.42633,9.60902]},"faces":{"north":{"uv":[5,10,5.5,10.5],"texture":"#0"},"east":{"uv":[10,5,10.5,5.5],"texture":"#0"},"south":{"uv":[5.5,10,6,10.5],"texture":"#0"},"west":{"uv":[10,5.5,10.5,6],"texture":"#0"},"up":{"uv":[6.5,10.5,6,10],"texture":"#0"},"down":{"uv":[10.5,6,10,6.5],"texture":"#0"}}},{"from":[6.25,1.34133,9.50527],"to":[6.75,1.51133,9.71277],"rotation":{"angle":22.5,"axis":"x","origin":[5.25,1.42633,9.60902]},"faces":{"north":{"uv":[5.5,11,6,11.5],"texture":"#0"},"east":{"uv":[11,5.5,11.5,6],"texture":"#0"},"south":{"uv":[6,11,6.5,11.5],"texture":"#0"},"west":{"uv":[11,6,11.5,6.5],"texture":"#0"},"up":{"uv":[7,11.5,6.5,11],"texture":"#0"},"down":{"uv":[11.5,6.5,11,7],"texture":"#0"}}},{"from":[6.75,0.27231,10.79446],"to":[8,0.47981,10.96446],"rotation":{"angle":-22.5,"axis":"x","origin":[6.5,0.37606,10.87946]},"faces":{"north":{"uv":[9.5,8.5,10,9],"texture":"#0"},"east":{"uv":[9,9.5,9.5,10],"texture":"#0"},"south":{"uv":[9.5,9,10,9.5],"texture":"#0"},"west":{"uv":[9.5,9.5,10,10],"texture":"#0"},"up":{"uv":[0.5,10.5,0,10],"texture":"#0"},"down":{"uv":[10.5,0,10,0.5],"texture":"#0"}}},{"from":[6.25,0.27231,10.79446],"to":[6.75,0.47981,10.96446],"rotation":{"angle":-22.5,"axis":"x","origin":[5.25,0.37606,10.87946]},"faces":{"north":{"uv":[10.5,10,11,10.5],"texture":"#0"},"east":{"uv":[10.5,10.5,11,11],"texture":"#0"},"south":{"uv":[0,11,0.5,11.5],"texture":"#0"},"west":{"uv":[11,0,11.5,0.5],"texture":"#0"},"up":{"uv":[1,11.5,0.5,11],"texture":"#0"},"down":{"uv":[11.5,0.5,11,1],"texture":"#0"}}},{"from":[6.75,0.27231,9.69913],"to":[8,0.47981,9.86913],"rotation":{"angle":22.5,"axis":"x","origin":[6.5,0.37606,9.78413]},"faces":{"north":{"uv":[10.5,2,11,2.5],"texture":"#0"},"east":{"uv":[2.5,10.5,3,11],"texture":"#0"},"south":{"uv":[10.5,2.5,11,3],"texture":"#0"},"west":{"uv":[3,10.5,3.5,11],"texture":"#0"},"up":{"uv":[11,3.5,10.5,3],"texture":"#0"},"down":{"uv":[4,10.5,3.5,11],"texture":"#0"}}},{"from":[6.25,0.27231,9.69913],"to":[6.75,0.47981,9.86913],"rotation":{"angle":22.5,"axis":"x","origin":[5.25,0.37606,9.78413]},"faces":{"north":{"uv":[11.5,1.5,12,2],"texture":"#0"},"east":{"uv":[2,11.5,2.5,12],"texture":"#0"},"south":{"uv":[11.5,2,12,2.5],"texture":"#0"},"west":{"uv":[2.5,11.5,3,12],"texture":"#0"},"up":{"uv":[12,3,11.5,2.5],"texture":"#0"},"down":{"uv":[3.5,11.5,3,12],"texture":"#0"}}},{"from":[8,1.39162,10.67748],"to":[10.5,1.64162,11.23263],"rotation":{"angle":-45,"axis":"x","origin":[9,1.51662,11.08005]},"faces":{"north":{"uv":[5.5,2.5,7,3],"texture":"#0"},"east":{"uv":[7.5,8,8,8.5],"texture":"#0"},"south":{"uv":[3,5.5,4.5,6],"texture":"#0"},"west":{"uv":[8,7.5,8.5,8],"texture":"#0"},"up":{"uv":[7,3.5,5.5,3],"texture":"#0"},"down":{"uv":[7,3.5,5.5,4],"texture":"#0"}}},{"from":[6.75,1.4463,10.71069],"to":[8,1.6163,11.08819],"rotation":{"angle":-45,"axis":"x","origin":[6.5,1.5313,10.98444]},"faces":{"north":{"uv":[9.5,4,10,4.5],"texture":"#0"},"east":{"uv":[4.5,9.5,5,10],"texture":"#0"},"south":{"uv":[9.5,4.5,10,5],"texture":"#0"},"west":{"uv":[5,9.5,5.5,10],"texture":"#0"},"up":{"uv":[10,5.5,9.5,5],"texture":"#0"},"down":{"uv":[6,9.5,5.5,10],"texture":"#0"}}},{"from":[6.25,1.4463,10.71069],"to":[6.75,1.6163,11.08819],"rotation":{"angle":-45,"axis":"x","origin":[5.25,1.5313,10.98444]},"faces":{"north":{"uv":[10.5,5,11,5.5],"texture":"#0"},"east":{"uv":[5.5,10.5,6,11],"texture":"#0"},"south":{"uv":[10.5,5.5,11,6],"texture":"#0"},"west":{"uv":[6,10.5,6.5,11],"texture":"#0"},"up":{"uv":[11,6.5,10.5,6],"texture":"#0"},"down":{"uv":[7,10.5,6.5,11],"texture":"#0"}}},{"from":[6.75,1.4463,9.57541],"to":[8,1.6163,9.95291],"rotation":{"angle":45,"axis":"x","origin":[6.5,1.5313,9.67916]},"faces":{"north":{"uv":[6.5,10,7,10.5],"texture":"#0"},"east":{"uv":[10,6.5,10.5,7],"texture":"#0"},"south":{"uv":[7,10,7.5,10.5],"texture":"#0"},"west":{"uv":[10,7,10.5,7.5],"texture":"#0"},"up":{"uv":[8,10.5,7.5,10],"texture":"#0"},"down":{"uv":[10.5,7.5,10,8],"texture":"#0"}}},{"from":[6.25,1.4463,9.57541],"to":[6.75,1.6163,9.95291],"rotation":{"angle":45,"axis":"x","origin":[5.25,1.5313,9.67916]},"faces":{"north":{"uv":[7,11,7.5,11.5],"texture":"#0"},"east":{"uv":[11,7,11.5,7.5],"texture":"#0"},"south":{"uv":[7.5,11,8,11.5],"texture":"#0"},"west":{"uv":[11,7.5,11.5,8],"texture":"#0"},"up":{"uv":[8.5,11.5,8,11],"texture":"#0"},"down":{"uv":[11.5,8,11,8.5],"texture":"#0"}}},{"from":[6.75,0.34245,10.89944],"to":[8,0.71995,11.06944],"rotation":{"angle":-45,"axis":"x","origin":[6.5,0.4462,10.98444]},"faces":{"north":{"uv":[0.5,10,1,10.5],"texture":"#0"},"east":{"uv":[10,0.5,10.5,1],"texture":"#0"},"south":{"uv":[1,10,1.5,10.5],"texture":"#0"},"west":{"uv":[10,1,10.5,1.5],"texture":"#0"},"up":{"uv":[2,10.5,1.5,10],"texture":"#0"},"down":{"uv":[10.5,1.5,10,2],"texture":"#0"}}},{"from":[6.25,0.34245,10.89944],"to":[6.75,0.71995,11.06944],"rotation":{"angle":-45,"axis":"x","origin":[5.25,0.4462,10.98444]},"faces":{"north":{"uv":[1,11,1.5,11.5],"texture":"#0"},"east":{"uv":[11,1,11.5,1.5],"texture":"#0"},"south":{"uv":[1.5,11,2,11.5],"texture":"#0"},"west":{"uv":[11,1.5,11.5,2],"texture":"#0"},"up":{"uv":[2.5,11.5,2,11],"texture":"#0"},"down":{"uv":[11.5,2,11,2.5],"texture":"#0"}}},{"from":[6.75,0.34245,9.59416],"to":[8,0.71995,9.76416],"rotation":{"angle":45,"axis":"x","origin":[6.5,0.4462,9.67916]},"faces":{"north":{"uv":[10.5,0.5,11,1],"texture":"#0"},"east":{"uv":[1,10.5,1.5,11],"texture":"#0"},"south":{"uv":[10.5,1,11,1.5],"texture":"#0"},"west":{"uv":[1.5,10.5,2,11],"texture":"#0"},"up":{"uv":[11,2,10.5,1.5],"texture":"#0"},"down":{"uv":[2.5,10.5,2,11],"texture":"#0"}}},{"from":[6.25,0.34245,9.59416],"to":[6.75,0.71995,9.76416],"rotation":{"angle":45,"axis":"x","origin":[5.25,0.4462,9.67916]},"faces":{"north":{"uv":[11.5,0,12,0.5],"texture":"#0"},"east":{"uv":[0.5,11.5,1,12],"texture":"#0"},"south":{"uv":[11.5,0.5,12,1],"texture":"#0"},"west":{"uv":[1,11.5,1.5,12],"texture":"#0"},"up":{"uv":[12,1.5,11.5,1],"texture":"#0"},"down":{"uv":[2,11.5,1.5,12],"texture":"#0"}}},{"from":[8,1.4672,10.80068],"to":[10.5,1.77234,11.05068],"rotation":{"angle":22.5,"axis":"x","origin":[9,1.61977,10.92568]},"faces":{"north":{"uv":[5.5,4,7,4.5],"texture":"#0"},"east":{"uv":[8,8,8.5,8.5],"texture":"#0"},"south":{"uv":[5.5,4.5,7,5],"texture":"#0"},"west":{"uv":[0,8.5,0.5,9],"texture":"#0"},"up":{"uv":[7,5.5,5.5,5],"texture":"#0"},"down":{"uv":[7,5.5,5.5,6],"texture":"#0"}}},{"from":[6.75,1.49769,10.79446],"to":[8,1.70519,10.96446],"rotation":{"angle":22.5,"axis":"x","origin":[6.5,1.60144,10.87946]},"faces":{"north":{"uv":[9.5,2.5,10,3],"texture":"#0"},"east":{"uv":[3,9.5,3.5,10],"texture":"#0"},"south":{"uv":[9.5,3,10,3.5],"texture":"#0"},"west":{"uv":[3.5,9.5,4,10],"texture":"#0"},"up":{"uv":[10,4,9.5,3.5],"texture":"#0"},"down":{"uv":[4.5,9.5,4,10],"texture":"#0"}}},{"from":[6.25,1.49769,10.79446],"to":[6.75,1.70519,10.96446],"rotation":{"angle":22.5,"axis":"x","origin":[5.25,1.60144,10.87946]},"faces":{"north":{"uv":[10.5,3.5,11,4],"texture":"#0"},"east":{"uv":[4,10.5,4.5,11],"texture":"#0"},"south":{"uv":[10.5,4,11,4.5],"texture":"#0"},"west":{"uv":[4.5,10.5,5,11],"texture":"#0"},"up":{"uv":[11,5,10.5,4.5],"texture":"#0"},"down":{"uv":[5.5,10.5,5,11],"texture":"#0"}}},{"from":[6.75,1.49769,9.69913],"to":[8,1.70519,9.86913],"rotation":{"angle":-22.5,"axis":"x","origin":[6.5,1.60144,9.78413]},"faces":{"north":{"uv":[8,10,8.5,10.5],"texture":"#0"},"east":{"uv":[10,8,10.5,8.5],"texture":"#0"},"south":{"uv":[8.5,10,9,10.5],"texture":"#0"},"west":{"uv":[10,8.5,10.5,9],"texture":"#0"},"up":{"uv":[9.5,10.5,9,10],"texture":"#0"},"down":{"uv":[10.5,9,10,9.5],"texture":"#0"}}},{"from":[6.25,1.49769,9.69913],"to":[6.75,1.70519,9.86913],"rotation":{"angle":-22.5,"axis":"x","origin":[5.25,1.60144,9.78413]},"faces":{"north":{"uv":[8.5,11,9,11.5],"texture":"#0"},"east":{"uv":[11,8.5,11.5,9],"texture":"#0"},"south":{"uv":[9,11,9.5,11.5],"texture":"#0"},"west":{"uv":[11,9,11.5,9.5],"texture":"#0"},"up":{"uv":[10,11.5,9.5,11],"texture":"#0"},"down":{"uv":[11.5,9.5,11,10],"texture":"#0"}}},{"from":[6.75,0.46617,10.95083],"to":[8,0.63617,11.15833],"rotation":{"angle":22.5,"axis":"x","origin":[6.5,0.55117,11.05458]},"faces":{"north":{"uv":[2,10,2.5,10.5],"texture":"#0"},"east":{"uv":[10,2,10.5,2.5],"texture":"#0"},"south":{"uv":[2.5,10,3,10.5],"texture":"#0"},"west":{"uv":[10,2.5,10.5,3],"texture":"#0"},"up":{"uv":[3.5,10.5,3,10],"texture":"#0"},"down":{"uv":[10.5,3,10,3.5],"texture":"#0"}}},{"from":[6.25,0.46617,10.95083],"to":[6.75,0.63617,11.15833],"rotation":{"angle":22.5,"axis":"x","origin":[5.25,0.55117,11.05458]},"faces":{"north":{"uv":[2.5,11,3,11.5],"texture":"#0"},"east":{"uv":[11,2.5,11.5,3],"texture":"#0"},"south":{"uv":[3,11,3.5,11.5],"texture":"#0"},"west":{"uv":[11,3,11.5,3.5],"texture":"#0"},"up":{"uv":[4,11.5,3.5,11],"texture":"#0"},"down":{"uv":[11.5,3.5,11,4],"texture":"#0"}}},{"from":[6.75,0.46617,9.50527],"to":[8,0.63617,9.71277],"rotation":{"angle":-22.5,"axis":"x","origin":[6.5,0.55117,9.60902]},"faces":{"north":{"uv":[9.5,10,10,10.5],"texture":"#0"},"east":{"uv":[10,9.5,10.5,10],"texture":"#0"},"south":{"uv":[10,10,10.5,10.5],"texture":"#0"},"west":{"uv":[0,10.5,0.5,11],"texture":"#0"},"up":{"uv":[11,0.5,10.5,0],"texture":"#0"},"down":{"uv":[1,10.5,0.5,11],"texture":"#0"}}},{"from":[6.25,0.46617,9.50527],"to":[6.75,0.63617,9.71277],"rotation":{"angle":-22.5,"axis":"x","origin":[5.25,0.55117,9.60902]},"faces":{"north":{"uv":[10,11,10.5,11.5],"texture":"#0"},"east":{"uv":[11,10,11.5,10.5],"texture":"#0"},"south":{"uv":[10.5,11,11,11.5],"texture":"#0"},"west":{"uv":[11,10.5,11.5,11],"texture":"#0"},"up":{"uv":[11.5,11.5,11,11],"texture":"#0"},"down":{"uv":[0.5,11.5,0,12],"texture":"#0"}}},{"from":[8,1.30515,8.622],"to":[10.5,1.80856,10.86858],"rotation":{"angle":0,"axis":"x","origin":[9,1.65599,10.74358]},"faces":{"north":{"uv":[1.5,6,3,6.5],"texture":"#0"},"east":{"uv":[4.5,6.5,5.5,7],"texture":"#0"},"south":{"uv":[3,6,4.5,6.5],"texture":"#0"},"west":{"uv":[5.5,6.5,6.5,7],"texture":"#0"},"up":{"uv":[5.5,4,4,3],"texture":"#0"},"down":{"uv":[5.5,4,4,5],"texture":"#0"}}},{"from":[6.75,1.3875,9.82296],"to":[8,1.72982,10.84064],"rotation":{"angle":0,"axis":"x","origin":[6.5,1.62607,10.75564]},"faces":{"north":{"uv":[9.5,7,10,7.5],"texture":"#0"},"east":{"uv":[7.5,9.5,8,10],"texture":"#0"},"south":{"uv":[9.5,7.5,10,8],"texture":"#0"},"west":{"uv":[8,9.5,8.5,10],"texture":"#0"},"up":{"uv":[10,8.5,9.5,8],"texture":"#0"},"down":{"uv":[9,9.5,8.5,10],"texture":"#0"}}},{"from":[6.25,1.3875,9.82296],"to":[6.75,1.72982,10.84064],"rotation":{"angle":0,"axis":"x","origin":[5.25,1.62607,10.75564]},"faces":{"north":{"uv":[10.5,8.5,11,9],"texture":"#0"},"east":{"uv":[9,10.5,9.5,11],"texture":"#0"},"south":{"uv":[10.5,9,11,9.5],"texture":"#0"},"west":{"uv":[9.5,10.5,10,11],"texture":"#0"},"up":{"uv":[11,10,10.5,9.5],"texture":"#0"},"down":{"uv":[10.5,10.5,10,11],"texture":"#0"}}},{"from":[6.75,0.24768,9.82296],"to":[8,0.59,10.84064],"rotation":{"angle":0,"axis":"x","origin":[6.5,0.48625,10.75564]},"faces":{"north":{"uv":[3.5,10,4,10.5],"texture":"#0"},"east":{"uv":[10,3.5,10.5,4],"texture":"#0"},"south":{"uv":[4,10,4.5,10.5],"texture":"#0"},"west":{"uv":[10,4,10.5,4.5],"texture":"#0"},"up":{"uv":[5,10.5,4.5,10],"texture":"#0"},"down":{"uv":[10.5,4.5,10,5],"texture":"#0"}}},{"from":[6.25,0.24768,9.82296],"to":[6.75,0.59,10.84064],"rotation":{"angle":0,"axis":"x","origin":[5.25,0.48625,10.75564]},"faces":{"north":{"uv":[4,11,4.5,11.5],"texture":"#0"},"east":{"uv":[11,4,11.5,4.5],"texture":"#0"},"south":{"uv":[4.5,11,5,11.5],"texture":"#0"},"west":{"uv":[11,4.5,11.5,5],"texture":"#0"},"up":{"uv":[5.5,11.5,5,11],"texture":"#0"},"down":{"uv":[11.5,5,11,5.5],"texture":"#0"}}},{"from":[8.878,1.41319,10],"to":[9.878,2.30515,11.34272],"rotation":{"angle":-45,"axis":"x","origin":[9.503,2.27757,11.5]},"faces":{"north":{"uv":[3.5,8,4,8.5],"texture":"#0"},"east":{"uv":[8,3.5,8.5,4],"texture":"#0"},"south":{"uv":[4,8,4.5,8.5],"texture":"#0"},"west":{"uv":[8,4,8.5,4.5],"texture":"#0"},"up":{"uv":[5,8.5,4.5,8],"texture":"#0"},"down":{"uv":[8.5,4.5,8,5],"texture":"#0"}}},{"from":[9.09,1.43048,9.97499],"to":[9.59,2.32244,11.31771],"rotation":{"angle":-45,"axis":"x","origin":[9.215,2.64686,11.37899]},"faces":{"north":{"uv":[8.5,3.5,9,4],"texture":"#0"},"east":{"uv":[4,8.5,4.5,9],"texture":"#0"},"south":{"uv":[8.5,4,9,4.5],"texture":"#0"},"west":{"uv":[4.5,8.5,5,9],"texture":"#0"},"up":{"uv":[9,5,8.5,4.5],"texture":"#0"},"down":{"uv":[5.5,8.5,5,9],"texture":"#0"}}},{"from":[8.878,1.64791,9.30055],"to":[9.878,2.18586,11.36929],"rotation":{"angle":0,"axis":"x","origin":[9.503,2.51991,10.32813]},"faces":{"north":{"uv":[6.5,8,7,8.5],"texture":"#0"},"east":{"uv":[1.5,5,3,5.5],"texture":"#0"},"south":{"uv":[8,6.5,8.5,7],"texture":"#0"},"west":{"uv":[3,5,4.5,5.5],"texture":"#0"},"up":{"uv":[5,6.5,4.5,5],"texture":"#0"},"down":{"uv":[5.5,5,5,6.5],"texture":"#0"}}},{"from":[6.41,2.46809,9.15065],"to":[8.282,2.71809,9.40065],"rotation":{"angle":0,"axis":"x","origin":[9.593,2.65409,11.30622]},"faces":{"north":{"uv":[0.5,7,1.5,7.5],"texture":"#0"},"east":{"uv":[8.5,5,9,5.5],"texture":"#0"},"south":{"uv":[7,1,8,1.5],"texture":"#0"},"west":{"uv":[5.5,8.5,6,9],"texture":"#0"},"up":{"uv":[8,2,7,1.5],"texture":"#0"},"down":{"uv":[8,2,7,2.5],"texture":"#0"}}},{"from":[6.41,0.97982,9.57296],"to":[6.69794,1.97982,9.82296],"rotation":{"angle":0,"axis":"z","origin":[6.52197,1.97982,9.69796]},"faces":{"north":{"uv":[11.5,3,12,3.5],"texture":"#0"},"east":{"uv":[3.5,11.5,4,12],"texture":"#0"},"south":{"uv":[11.5,3.5,12,4],"texture":"#0"},"west":{"uv":[4,11.5,4.5,12],"texture":"#0"},"up":{"uv":[12,4.5,11.5,4],"texture":"#0"},"down":{"uv":[5,11.5,4.5,12],"texture":"#0"}}},{"from":[6.41,1.89393,9.39113],"to":[6.69794,2.39393,9.64113],"rotation":{"angle":-22.5,"axis":"x","origin":[6.55397,2.39393,9.51613]},"faces":{"north":{"uv":[11.5,4.5,12,5],"texture":"#0"},"east":{"uv":[5,11.5,5.5,12],"texture":"#0"},"south":{"uv":[11.5,5,12,5.5],"texture":"#0"},"west":{"uv":[5.5,11.5,6,12],"texture":"#0"},"up":{"uv":[12,6,11.5,5.5],"texture":"#0"},"down":{"uv":[6.5,11.5,6,12],"texture":"#0"}}},{"from":[6.41,2.34609,9.40065],"to":[6.69794,2.71809,9.65065],"rotation":{"angle":0,"axis":"x","origin":[6.55397,2.47109,9.52565]},"faces":{"north":{"uv":[11.5,6,12,6.5],"texture":"#0"},"east":{"uv":[6.5,11.5,7,12],"texture":"#0"},"south":{"uv":[11.5,6.5,12,7],"texture":"#0"},"west":{"uv":[7,11.5,7.5,12],"texture":"#0"},"up":{"uv":[12,7.5,11.5,7],"texture":"#0"},"down":{"uv":[8,11.5,7.5,12],"texture":"#0"}}},{"from":[8.256,1.64791,9.05055],"to":[8.692,2.68586,9.55055],"rotation":{"angle":0,"axis":"x","origin":[9.599,2.51991,11.32813]},"faces":{"north":{"uv":[9.5,1,10,1.5],"texture":"#0"},"east":{"uv":[1.5,9.5,2,10],"texture":"#0"},"south":{"uv":[9.5,1.5,10,2],"texture":"#0"},"west":{"uv":[2,9.5,2.5,10],"texture":"#0"},"up":{"uv":[10,2.5,9.5,2],"texture":"#0"},"down":{"uv":[3,9.5,2.5,10],"texture":"#0"}}},{"from":[8.256,1.5786,8.8303],"to":[8.692,2.61654,9.18104],"rotation":{"angle":22.5,"axis":"x","origin":[8.599,2.09757,9.11467]},"faces":{"north":{"uv":[8.5,5.5,9,6],"texture":"#0"},"east":{"uv":[6,8.5,6.5,9],"texture":"#0"},"south":{"uv":[8.5,6,9,6.5],"texture":"#0"},"west":{"uv":[6.5,8.5,7,9],"texture":"#0"},"up":{"uv":[9,7,8.5,6.5],"texture":"#0"},"down":{"uv":[7.5,8.5,7,9],"texture":"#0"}}},{"from":[9.09,0.0481,15.00821],"to":[9.59,0.7981,15.25821],"rotation":{"angle":22.5,"axis":"x","origin":[9.59,0.6731,15.00821]},"faces":{"north":{"uv":[1.5,7.5,2,8],"texture":"#0"},"east":{"uv":[2,7.5,2.5,8],"texture":"#0"},"south":{"uv":[2.5,7.5,3,8],"texture":"#0"},"west":{"uv":[3,7.5,3.5,8],"texture":"#0"},"up":{"uv":[4,8,3.5,7.5],"texture":"#0"},"down":{"uv":[8,3.5,7.5,4],"texture":"#0"}}},{"from":[9.218,-0.3269,13.88321],"to":[9.468,-0.0769,14.38321],"rotation":{"angle":22.5,"axis":"x","origin":[9.59,0.6731,15.00821]},"faces":{"north":{"uv":[5,8,5.5,8.5],"texture":"#0"},"east":{"uv":[8,5,8.5,5.5],"texture":"#0"},"south":{"uv":[5.5,8,6,8.5],"texture":"#0"},"west":{"uv":[8,5.5,8.5,6],"texture":"#0"},"up":{"uv":[6.5,8.5,6,8],"texture":"#0"},"down":{"uv":[8.5,6,8,6.5],"texture":"#0"}}},{"from":[9.09,0.47952,13.84507],"to":[9.59,0.97952,15.09507],"rotation":{"angle":45,"axis":"x","origin":[9.59,0.60452,14.84507]},"faces":{"north":{"uv":[7.5,6.5,8,7],"texture":"#0"},"east":{"uv":[7.5,7,8,7.5],"texture":"#0"},"south":{"uv":[7.5,7.5,8,8],"texture":"#0"},"west":{"uv":[0,8,0.5,8.5],"texture":"#0"},"up":{"uv":[8.5,0.5,8,0],"texture":"#0"},"down":{"uv":[8.5,0.5,8,1],"texture":"#0"}}},{"from":[9.09,1.20101,13.02865],"to":[9.59,1.70101,14.27865],"rotation":{"angle":22.5,"axis":"x","origin":[9.59,1.32601,14.02865]},"faces":{"north":{"uv":[1,8,1.5,8.5],"texture":"#0"},"east":{"uv":[8,1,8.5,1.5],"texture":"#0"},"south":{"uv":[1.5,8,2,8.5],"texture":"#0"},"west":{"uv":[8,1.5,8.5,2],"texture":"#0"},"up":{"uv":[2.5,8.5,2,8],"texture":"#0"},"down":{"uv":[8.5,2,8,2.5],"texture":"#0"}}},{"from":[9.09,1.55515,10.99828],"to":[9.59,2.05515,13.24828],"rotation":{"angle":0,"axis":"x","origin":[9.59,1.68015,12.99828]},"faces":{"north":{"uv":[2.5,8,3,8.5],"texture":"#0"},"east":{"uv":[5.5,6,6.5,6.5],"texture":"#0"},"south":{"uv":[8,2.5,8.5,3],"texture":"#0"},"west":{"uv":[0,6.5,1,7],"texture":"#0"},"up":{"uv":[2,7.5,1.5,6.5],"texture":"#0"},"down":{"uv":[2.5,6.5,2,7.5],"texture":"#0"}}},{"from":[9.09,1.87413,9.06506],"to":[9.59,2.37413,10.31506],"rotation":{"angle":0,"axis":"x","origin":[9.34,2.12413,9.56506]},"faces":{"north":{"uv":[8.5,3,9,3.5],"texture":"#0"},"east":{"uv":[6.5,6,7.5,6.5],"texture":"#0"},"south":{"uv":[3.5,8.5,4,9],"texture":"#0"},"west":{"uv":[6.5,6.5,7.5,7],"texture":"#0"},"up":{"uv":[0.5,8,0,7],"texture":"#0"},"down":{"uv":[7.5,0,7,1],"texture":"#0"}}},{"from":[9.09,1.58555,8.75902],"to":[9.59,2.33555,9.25902],"rotation":{"angle":22.5,"axis":"x","origin":[9.34,1.58555,9.00902]},"faces":{"north":{"uv":[0.5,8,0,7],"rotation":180,"texture":"#0"},"east":{"uv":[6.5,6,7.5,6.5],"rotation":90,"texture":"#0"},"south":{"uv":[7.5,0,7,1],"texture":"#0"},"west":{"uv":[6.5,6.5,7.5,7],"rotation":270,"texture":"#0"},"up":{"uv":[3.5,8.5,4,9],"texture":"#0"},"down":{"uv":[8.5,3,9,3.5],"rotation":180,"texture":"#0"}}},{"from":[8.878,1.47875,8.697],"to":[9.878,2.22875,9.197],"rotation":{"angle":45,"axis":"x","origin":[9.128,1.47875,8.947]},"faces":{"north":{"uv":[0.5,8,0,7],"rotation":180,"texture":"#0"},"east":{"uv":[6.5,6,7.5,6.5],"rotation":90,"texture":"#0"},"south":{"uv":[7.5,0,7,1],"texture":"#0"},"west":{"uv":[6.5,6.5,7.5,7],"rotation":270,"texture":"#0"},"up":{"uv":[3.5,8.5,4,9],"texture":"#0"},"down":{"uv":[8.5,3,9,3.5],"rotation":180,"texture":"#0"}}},{"from":[9.09,1.87413,10.31506],"to":[9.59,2.37413,11.56506],"rotation":{"angle":0,"axis":"x","origin":[9.59,1.49913,13.31506]},"faces":{"north":{"uv":[8,12,8.5,12.5],"texture":"#0"},"east":{"uv":[12,8,12.5,8.5],"texture":"#0"},"south":{"uv":[8.5,12,9,12.5],"texture":"#0"},"west":{"uv":[12,8.5,12.5,9],"texture":"#0"},"up":{"uv":[9.5,12.5,9,12],"texture":"#0"},"down":{"uv":[12.5,9,12,9.5],"texture":"#0"}}},{"from":[9.186,1.4787,11.89224],"to":[9.436,1.9787,12.89224],"rotation":{"angle":22.5,"axis":"x","origin":[9.308,1.7547,12.11324]},"faces":{"north":{"uv":[8.5,0,9,0.5],"texture":"#0"},"east":{"uv":[0.5,8.5,1,9],"texture":"#0"},"south":{"uv":[8.5,0.5,9,1],"texture":"#0"},"west":{"uv":[1,8.5,1.5,9],"texture":"#0"},"up":{"uv":[9,1.5,8.5,1],"texture":"#0"},"down":{"uv":[2,8.5,1.5,9],"texture":"#0"}}},{"from":[9.186,1.3567,11.89224],"to":[9.436,1.8567,12.14224],"rotation":{"angle":0,"axis":"x","origin":[9.308,1.7547,12.11324]},"faces":{"north":{"uv":[8.5,1.5,9,2],"texture":"#0"},"east":{"uv":[2,8.5,2.5,9],"texture":"#0"},"south":{"uv":[8.5,2,9,2.5],"texture":"#0"},"west":{"uv":[2.5,8.5,3,9],"texture":"#0"},"up":{"uv":[9,3,8.5,2.5],"texture":"#0"},"down":{"uv":[3.5,8.5,3,9],"texture":"#0"}}},{"from":[9.09,0.25,14.5],"to":[9.59,0.78858,15.05604],"rotation":{"angle":0,"axis":"x","origin":[9.59,0.875,14.75]},"faces":{"north":{"uv":[4,7.5,4.5,8],"texture":"#0"},"east":{"uv":[7.5,4,8,4.5],"texture":"#0"},"south":{"uv":[7.5,4.5,8,5],"texture":"#0"},"west":{"uv":[7.5,5,8,5.5],"texture":"#0"},"up":{"uv":[8,6,7.5,5.5],"texture":"#0"},"down":{"uv":[8,6,7.5,6.5],"texture":"#0"}}},{"from":[8.224,2.5864,9.05055],"to":[8.724,2.68586,9.55055],"rotation":{"angle":-45,"axis":"x","origin":[8.724,2.63613,9.30055]},"faces":{"north":{"uv":[8.5,7,9,7.5],"texture":"#0"},"east":{"uv":[7.5,8.5,8,9],"texture":"#0"},"south":{"uv":[8.5,7.5,9,8],"texture":"#0"},"west":{"uv":[8,8.5,8.5,9],"texture":"#0"},"up":{"uv":[9,8.5,8.5,8],"texture":"#0"},"down":{"uv":[9,8.5,8.5,9],"texture":"#0"}}},{"from":[8.224,2.5864,9.05055],"to":[8.724,2.68586,9.55055],"rotation":{"angle":-22.5,"axis":"x","origin":[8.724,2.63613,9.30055]},"faces":{"north":{"uv":[0,9,0.5,9.5],"texture":"#0"},"east":{"uv":[9,0,9.5,0.5],"texture":"#0"},"south":{"uv":[0.5,9,1,9.5],"texture":"#0"},"west":{"uv":[9,0.5,9.5,1],"texture":"#0"},"up":{"uv":[1.5,9.5,1,9],"texture":"#0"},"down":{"uv":[9.5,1,9,1.5],"texture":"#0"}}},{"from":[8.224,2.5864,9.05055],"to":[8.724,2.68586,9.55055],"rotation":{"angle":0,"axis":"x","origin":[8.724,2.63613,9.30055]},"faces":{"north":{"uv":[1.5,9,2,9.5],"texture":"#0"},"east":{"uv":[9,1.5,9.5,2],"texture":"#0"},"south":{"uv":[2,9,2.5,9.5],"texture":"#0"},"west":{"uv":[9,2,9.5,2.5],"texture":"#0"},"up":{"uv":[3,9.5,2.5,9],"texture":"#0"},"down":{"uv":[9.5,2.5,9,3],"texture":"#0"}}},{"from":[8.224,2.5864,9.05055],"to":[8.724,2.68586,9.55055],"rotation":{"angle":22.5,"axis":"x","origin":[8.724,2.63613,9.30055]},"faces":{"north":{"uv":[3,9,3.5,9.5],"texture":"#0"},"east":{"uv":[9,3,9.5,3.5],"texture":"#0"},"south":{"uv":[3.5,9,4,9.5],"texture":"#0"},"west":{"uv":[9,3.5,9.5,4],"texture":"#0"},"up":{"uv":[4.5,9.5,4,9],"texture":"#0"},"down":{"uv":[9.5,4,9,4.5],"texture":"#0"}}},{"from":[8.224,2.5864,9.05055],"to":[8.724,2.68586,9.55055],"rotation":{"angle":45,"axis":"x","origin":[8.724,2.63613,9.30055]},"faces":{"north":{"uv":[4.5,9,5,9.5],"texture":"#0"},"east":{"uv":[9,4.5,9.5,5],"texture":"#0"},"south":{"uv":[5,9,5.5,9.5],"texture":"#0"},"west":{"uv":[9,5,9.5,5.5],"texture":"#0"},"up":{"uv":[6,9.5,5.5,9],"texture":"#0"},"down":{"uv":[9.5,5.5,9,6],"texture":"#0"}}},{"from":[8.224,2.38613,9.25082],"to":[8.724,2.88613,9.35028],"rotation":{"angle":-22.5,"axis":"x","origin":[8.724,2.63613,9.30055]},"faces":{"north":{"uv":[6,9,6.5,9.5],"texture":"#0"},"east":{"uv":[9,6,9.5,6.5],"texture":"#0"},"south":{"uv":[6.5,9,7,9.5],"texture":"#0"},"west":{"uv":[9,6.5,9.5,7],"texture":"#0"},"up":{"uv":[7.5,9.5,7,9],"texture":"#0"},"down":{"uv":[9.5,7,9,7.5],"texture":"#0"}}},{"from":[8.224,2.38613,9.25082],"to":[8.724,2.88613,9.35028],"rotation":{"angle":0,"axis":"x","origin":[8.724,2.63613,9.30055]},"faces":{"north":{"uv":[7.5,9,8,9.5],"texture":"#0"},"east":{"uv":[9,7.5,9.5,8],"texture":"#0"},"south":{"uv":[8,9,8.5,9.5],"texture":"#0"},"west":{"uv":[9,8,9.5,8.5],"texture":"#0"},"up":{"uv":[9,9.5,8.5,9],"texture":"#0"},"down":{"uv":[9.5,8.5,9,9],"texture":"#0"}}},{"from":[8.224,2.38613,9.25082],"to":[8.724,2.88613,9.35028],"rotation":{"angle":22.5,"axis":"x","origin":[8.724,2.63613,9.30055]},"faces":{"north":{"uv":[9,9,9.5,9.5],"texture":"#0"},"east":{"uv":[0,9.5,0.5,10],"texture":"#0"},"south":{"uv":[9.5,0,10,0.5],"texture":"#0"},"west":{"uv":[0.5,9.5,1,10],"texture":"#0"},"up":{"uv":[10,1,9.5,0.5],"texture":"#0"},"down":{"uv":[1.5,9.5,1,10],"texture":"#0"}}},{"from":[9.532,0.65054,10],"to":[10.532,0.84946,11],"rotation":{"angle":-45,"axis":"x","origin":[10.032,0.75,10.5]},"faces":{"north":{"uv":[11.5,7.5,12,8],"texture":"#0"},"east":{"uv":[8,11.5,8.5,12],"texture":"#0"},"south":{"uv":[11.5,8,12,8.5],"texture":"#0"},"west":{"uv":[8.5,11.5,9,12],"texture":"#0"},"up":{"uv":[12,9,11.5,8.5],"texture":"#0"},"down":{"uv":[9.5,11.5,9,12],"texture":"#0"}}},{"from":[9.532,0.65054,10],"to":[10.532,0.84946,11],"rotation":{"angle":-22.5,"axis":"x","origin":[10.032,0.75,10.5]},"faces":{"north":{"uv":[11.5,9,12,9.5],"texture":"#0"},"east":{"uv":[9.5,11.5,10,12],"texture":"#0"},"south":{"uv":[11.5,9.5,12,10],"texture":"#0"},"west":{"uv":[10,11.5,10.5,12],"texture":"#0"},"up":{"uv":[12,10.5,11.5,10],"texture":"#0"},"down":{"uv":[11,11.5,10.5,12],"texture":"#0"}}},{"from":[9.532,0.65054,10],"to":[10.532,0.84946,11],"rotation":{"angle":0,"axis":"x","origin":[10.032,0.75,10.5]},"faces":{"north":{"uv":[11.5,10.5,12,11],"texture":"#0"},"east":{"uv":[11,11.5,11.5,12],"texture":"#0"},"south":{"uv":[11.5,11,12,11.5],"texture":"#0"},"west":{"uv":[11.5,11.5,12,12],"texture":"#0"},"up":{"uv":[0.5,12.5,0,12],"texture":"#0"},"down":{"uv":[12.5,0,12,0.5],"texture":"#0"}}},{"from":[9.532,0.65054,10],"to":[10.532,0.84946,11],"rotation":{"angle":22.5,"axis":"x","origin":[10.032,0.75,10.5]},"faces":{"north":{"uv":[0.5,12,1,12.5],"texture":"#0"},"east":{"uv":[12,0.5,12.5,1],"texture":"#0"},"south":{"uv":[1,12,1.5,12.5],"texture":"#0"},"west":{"uv":[12,1,12.5,1.5],"texture":"#0"},"up":{"uv":[2,12.5,1.5,12],"texture":"#0"},"down":{"uv":[12.5,1.5,12,2],"texture":"#0"}}},{"from":[9.532,0.65054,10],"to":[10.532,0.84946,11],"rotation":{"angle":45,"axis":"x","origin":[10.032,0.75,10.5]},"faces":{"north":{"uv":[2,12,2.5,12.5],"texture":"#0"},"east":{"uv":[12,2,12.5,2.5],"texture":"#0"},"south":{"uv":[2.5,12,3,12.5],"texture":"#0"},"west":{"uv":[12,2.5,12.5,3],"texture":"#0"},"up":{"uv":[3.5,12.5,3,12],"texture":"#0"},"down":{"uv":[12.5,3,12,3.5],"texture":"#0"}}},{"from":[9.532,0.25,10.40054],"to":[10.532,1.25,10.59946],"rotation":{"angle":-22.5,"axis":"x","origin":[10.032,0.75,10.5]},"faces":{"north":{"uv":[3.5,12,4,12.5],"texture":"#0"},"east":{"uv":[12,3.5,12.5,4],"texture":"#0"},"south":{"uv":[4,12,4.5,12.5],"texture":"#0"},"west":{"uv":[12,4,12.5,4.5],"texture":"#0"},"up":{"uv":[5,12.5,4.5,12],"texture":"#0"},"down":{"uv":[12.5,4.5,12,5],"texture":"#0"}}},{"from":[9.532,0.25,10.40054],"to":[10.532,1.25,10.59946],"rotation":{"angle":0,"axis":"x","origin":[10.032,0.75,10.5]},"faces":{"north":{"uv":[5,12,5.5,12.5],"texture":"#0"},"east":{"uv":[12,5,12.5,5.5],"texture":"#0"},"south":{"uv":[5.5,12,6,12.5],"texture":"#0"},"west":{"uv":[12,5.5,12.5,6],"texture":"#0"},"up":{"uv":[6.5,12.5,6,12],"texture":"#0"},"down":{"uv":[12.5,6,12,6.5],"texture":"#0"}}},{"from":[9.532,0.25,10.40054],"to":[10.532,1.25,10.59946],"rotation":{"angle":22.5,"axis":"x","origin":[10.032,0.75,10.5]},"faces":{"north":{"uv":[6.5,12,7,12.5],"texture":"#0"},"east":{"uv":[12,6.5,12.5,7],"texture":"#0"},"south":{"uv":[7,12,7.5,12.5],"texture":"#0"},"west":{"uv":[12,7,12.5,7.5],"texture":"#0"},"up":{"uv":[8,12.5,7.5,12],"texture":"#0"},"down":{"uv":[12.5,7.5,12,8],"texture":"#0"}}},{"from":[9.814,0.98196,1.90003],"to":[9.936,1.23196,2.08603],"rotation":{"angle":-22.5,"axis":"x","origin":[9.811,0.42831,1.7118]},"faces":{"north":{"uv":[9.5,12,10,12.5],"texture":"#0"},"east":{"uv":[12,9.5,12.5,10],"texture":"#0"},"south":{"uv":[10,12,10.5,12.5],"texture":"#0"},"west":{"uv":[12,10,12.5,10.5],"texture":"#0"},"up":{"uv":[11,12.5,10.5,12],"texture":"#0"},"down":{"uv":[12.5,10.5,12,11],"texture":"#0"}}},{"from":[9.814,0.56941,1.46161],"to":[9.936,0.75541,1.71161],"rotation":{"angle":-22.5,"axis":"x","origin":[9.811,0.50541,1.58661]},"faces":{"north":{"uv":[12.5,5,13,5.5],"texture":"#0"},"east":{"uv":[5.5,12.5,6,13],"texture":"#0"},"south":{"uv":[12.5,5.5,13,6],"texture":"#0"},"west":{"uv":[6,12.5,6.5,13],"texture":"#0"},"up":{"uv":[13,6.5,12.5,6],"texture":"#0"},"down":{"uv":[7,12.5,6.5,13],"texture":"#0"}}},{"from":[9.814,0.60266,1.55377],"to":[9.936,1.10266,1.73977],"rotation":{"angle":-45,"axis":"x","origin":[9.811,0.97766,1.48977]},"faces":{"north":{"uv":[11.5,12,12,12.5],"texture":"#0"},"east":{"uv":[12,11.5,12.5,12],"texture":"#0"},"south":{"uv":[12,12,12.5,12.5],"texture":"#0"},"west":{"uv":[0,12.5,0.5,13],"texture":"#0"},"up":{"uv":[13,0.5,12.5,0],"texture":"#0"},"down":{"uv":[1,12.5,0.5,13],"texture":"#0"}}},{"from":[9.814,0.49231,1.5868],"to":[9.936,0.67831,2.0868],"rotation":{"angle":-45,"axis":"x","origin":[9.811,0.42831,1.7118]},"faces":{"north":{"uv":[12.5,3.5,13,4],"texture":"#0"},"east":{"uv":[4,12.5,4.5,13],"texture":"#0"},"south":{"uv":[12.5,4,13,4.5],"texture":"#0"},"west":{"uv":[4.5,12.5,5,13],"texture":"#0"},"up":{"uv":[13,5,12.5,4.5],"texture":"#0"},"down":{"uv":[5.5,12.5,5,13],"texture":"#0"}}},{"from":[9.814,0.89649,1.34145],"to":[9.936,1.08249,1.59145],"rotation":{"angle":22.5,"axis":"x","origin":[9.811,0.83249,1.46645]},"faces":{"north":{"uv":[12.5,0.5,13,1],"texture":"#0"},"east":{"uv":[1,12.5,1.5,13],"texture":"#0"},"south":{"uv":[12.5,1,13,1.5],"texture":"#0"},"west":{"uv":[1.5,12.5,2,13],"texture":"#0"},"up":{"uv":[13,2,12.5,1.5],"texture":"#0"},"down":{"uv":[2.5,12.5,2,13],"texture":"#0"}}},{"from":[9.814,0.68854,1.37546],"to":[9.936,0.93946,1.87546],"rotation":{"angle":0,"axis":"x","origin":[9.811,0.68946,1.50046]},"faces":{"north":{"uv":[12.5,6.5,13,7],"texture":"#0"},"east":{"uv":[7,12.5,7.5,13],"texture":"#0"},"south":{"uv":[12.5,7,13,7.5],"texture":"#0"},"west":{"uv":[7.5,12.5,8,13],"texture":"#0"},"up":{"uv":[13,8,12.5,7.5],"texture":"#0"},"down":{"uv":[8.5,12.5,8,13],"texture":"#0"}}},{"from":[9.814,0.27999,1.60696],"to":[9.936,0.52999,1.79296],"rotation":{"angle":22.5,"axis":"x","origin":[9.811,0.40499,1.85696]},"faces":{"north":{"uv":[12.5,2,13,2.5],"texture":"#0"},"east":{"uv":[2.5,12.5,3,13],"texture":"#0"},"south":{"uv":[12.5,2.5,13,3],"texture":"#0"},"west":{"uv":[3,12.5,3.5,13],"texture":"#0"},"up":{"uv":[13,3.5,12.5,3],"texture":"#0"},"down":{"uv":[4,12.5,3.5,13],"texture":"#0"}}},{"from":[9.814,0.314,1.75],"to":[9.936,1.314,8.75],"rotation":{"angle":0,"axis":"y","origin":[-0.064,0,2]},"faces":{"north":{"uv":[11,12,11.5,12.5],"texture":"#0"},"east":{"uv":[1.5,2.5,5,2],"texture":"#0"},"south":{"uv":[12,11,12.5,11.5],"texture":"#0"},"west":{"uv":[1.5,2.5,5,3],"texture":"#0"},"up":{"uv":[0.5,6.5,0,3],"texture":"#0"},"down":{"uv":[1,3,0.5,6.5],"texture":"#0"}}},{"from":[9.871,1.314,1.75],"to":[9.871,1.436,8.75],"rotation":{"angle":0,"axis":"y","origin":[0.127,-0.122,2]},"faces":{"north":{"uv":[0,0,0,0.5],"texture":"#0"},"east":{"uv":[0,0.07853,15.99476,16],"texture":"#1"},"south":{"uv":[0,0,0,0.5],"texture":"#0"},"west":{"uv":[0,0,16,16],"texture":"#1"},"up":{"uv":[0,3.5,0,0],"texture":"#0"},"down":{"uv":[0,0,0,3.5],"texture":"#0"}}},{"from":[9.871,-0.02562,1.76527],"to":[9.871,0.09638,2.01527],"rotation":{"angle":-22.5,"axis":"x","origin":[9.871,0.09938,-1.48473]},"faces":{"north":{"uv":[0,0,0,0.5],"texture":"#0"},"east":{"uv":[15.29843,0,16,16],"texture":"#1"},"south":{"uv":[0,0,0,0.5],"texture":"#0"},"west":{"uv":[8.5,0,9,16],"texture":"#1"},"up":{"uv":[0,0.5,0,0],"texture":"#0"},"down":{"uv":[0,0,0,0.5],"texture":"#0"}}},{"from":[9.871,0.68118,2.59658],"to":[9.871,0.93118,2.71858],"rotation":{"angle":-22.5,"axis":"x","origin":[9.871,-2.50482,2.59358]},"faces":{"north":{"uv":[0,0,0,0.5],"texture":"#0"},"east":{"uv":[8.48168,0,9.13613,15.99476],"rotation":90,"texture":"#1"},"south":{"uv":[0,0,0,0.5],"texture":"#0"},"west":{"uv":[4.98429,0,5.48429,16],"rotation":270,"texture":"#1"},"up":{"uv":[0,0.5,0,0],"texture":"#0"},"down":{"uv":[0,0,0,0.5],"texture":"#0"}}},{"from":[9.871,1.10643,1.34489],"to":[9.871,1.22843,1.56289],"rotation":{"angle":-45,"axis":"x","origin":[9.871,1.23143,1.40589]},"faces":{"north":{"uv":[0,0,0,0.5],"texture":"#0"},"east":{"uv":[0,0,0.4555,15.99476],"texture":"#1"},"south":{"uv":[0,0,0,0.5],"texture":"#0"},"west":{"uv":[6.5,0,7,16],"texture":"#1"},"up":{"uv":[0,0.5,0,0],"texture":"#0"},"down":{"uv":[0,0,0,0.5],"texture":"#0"}}},{"from":[9.871,0.21492,1.44377],"to":[9.871,0.46492,1.56577],"rotation":{"angle":-45,"axis":"x","origin":[9.871,0.37192,1.44077]},"faces":{"north":{"uv":[0,0,0,0.5],"texture":"#0"},"east":{"uv":[4,0,4.5,16],"rotation":90,"texture":"#1"},"south":{"uv":[0,0,0,0.5],"texture":"#0"},"west":{"uv":[4,0,4.5,16],"rotation":270,"texture":"#1"},"up":{"uv":[0,0.5,0,0],"texture":"#0"},"down":{"uv":[0,0,0,0.5],"texture":"#0"}}},{"from":[9.871,0.98128,1.30503],"to":[9.871,1.19928,1.42703],"rotation":{"angle":22.5,"axis":"x","origin":[9.871,1.04228,1.30203]},"faces":{"north":{"uv":[0,0,0,0.5],"texture":"#0"},"east":{"uv":[14.35079,0.04188,14.96859,16.04188],"rotation":90,"texture":"#1"},"south":{"uv":[0,0,0,0.5],"texture":"#0"},"west":{"uv":[10.5,0,11,16],"rotation":270,"texture":"#1"},"up":{"uv":[0,0.5,0,0],"texture":"#0"},"down":{"uv":[0,0,0,0.5],"texture":"#0"}}},{"from":[9.871,0.20317,1.5408],"to":[9.872,0.32517,1.71523],"rotation":{"angle":22.5,"axis":"x","origin":[9.871,0.20017,1.6978]},"faces":{"north":{"uv":[0,0,0,0.5],"texture":"#0"},"east":{"uv":[9.5,0,10,15.5],"rotation":180,"texture":"#1"},"south":{"uv":[0,0,0,0.5],"texture":"#0"},"west":{"uv":[4.5,0,5,16],"rotation":180,"texture":"#1"},"up":{"uv":[0,0.5,0,0],"texture":"#0"},"down":{"uv":[0,0,0,0.5],"texture":"#0"}}},{"from":[9.871,0.67077,1.28146],"to":[9.871,0.98477,1.40346],"rotation":{"angle":0,"axis":"x","origin":[9.871,0.82777,1.27846]},"faces":{"north":{"uv":[0,0,0,0.5],"texture":"#0"},"east":{"uv":[15.06806,0,16,15.99476],"rotation":90,"texture":"#1"},"south":{"uv":[0,0,0,0.5],"texture":"#0"},"west":{"uv":[6,0,6.5,16],"rotation":270,"texture":"#1"},"up":{"uv":[0,0.5,0,0],"texture":"#0"},"down":{"uv":[0,0,0,0.5],"texture":"#0"}}},{"from":[9.877,0.19704,1.71536],"to":[9.871,0.314,8.75],"rotation":{"angle":0,"axis":"y","origin":[0.005,16.75,2]},"faces":{"north":{"uv":[0,0,0,0.5],"texture":"#0"},"east":{"uv":[0,0,15.99476,15.99476],"rotation":180,"texture":"#1"},"south":{"uv":[0,0,0,0.5],"texture":"#0"},"west":{"uv":[0,0,16,16],"rotation":180,"texture":"#1"},"up":{"uv":[0,3.5,0,0],"texture":"#0"},"down":{"uv":[0,0,0,3.5],"texture":"#0"}}}],"gui_light":"front","display":{"thirdperson_righthand":{"rotation":[71.75,0,0],"translation":[-2.25,12.75,10.75],"scale":[2,2,2]},"thirdperson_lefthand":{"rotation":[71.75,0,0],"translation":[-10,12.75,10.75],"scale":[2,2,2]},"firstperson_righthand":{"rotation":[9.25,-9,11.25],"translation":[0.5,13.25,-2],"scale":[2,2,2]},"firstperson_lefthand":{"rotation":[9.25,2.5,11.25],"translation":[4.25,13.25,-2],"scale":[2,2,2]},"ground":{"translation":[0,4.25,0]},"gui":{"rotation":[30,225,0],"translation":[2.5,9,0],"scale":[1.5,1.5,1.5]},"head":{"translation":[-1.5,37.25,-8.5],"scale":[4,4,4]},"fixed":{"rotation":[-90,0,0],"translation":[0,0.5,-80],"scale":[4,4,4]}}}