{"texture_size":[64,64],"textures":{"0":"item/alch/ghat","1":"item/alch/ls","particle":"item/alch/ghat"},"elements":[{"from":[12.25585,6.73037,6.37463],"to":[12.75585,6.98037,15.87463],"rotation":{"angle":0,"axis":"y","origin":[8.25585,6.73037,11.37463]},"faces":{"north":{"uv":[10.125,9.5,10,9.625],"texture":"#0"},"east":{"uv":[9.875,3.25,7.5,3.375],"texture":"#0"},"south":{"uv":[9.875,10,9.75,10.125],"texture":"#0"},"west":{"uv":[6.625,7.5,4.25,7.625],"texture":"#0"},"up":{"uv":[4.25,7.875,6.625,7.75],"rotation":90,"texture":"#0"},"down":{"uv":[6.75,7.75,9.125,7.875],"rotation":270,"texture":"#0"}}},{"from":[10.45713,6.73037,5.83187],"to":[10.95713,6.98037,6.83187],"rotation":{"angle":22.5,"axis":"y","origin":[10.70713,6.85537,2.08187]},"faces":{"north":{"uv":[10.375,0,10.25,0.125],"texture":"#0"},"east":{"uv":[6.75,4.25,6.5,4.375],"texture":"#0"},"south":{"uv":[10.375,0.25,10.25,0.375],"texture":"#0"},"west":{"uv":[7,6.25,6.75,6.375],"texture":"#0"},"up":{"uv":[6.75,7.625,7,7.5],"rotation":90,"texture":"#0"},"down":{"uv":[1.5,10,1.75,10.125],"rotation":270,"texture":"#0"}}},{"from":[5.05457,6.73037,5.83187],"to":[5.55457,6.98037,6.83187],"rotation":{"angle":-22.5,"axis":"y","origin":[5.30457,6.85537,2.08187]},"faces":{"north":{"uv":[1.375,10.25,1.25,10.375],"texture":"#0"},"east":{"uv":[3,10,2.75,10.125],"texture":"#0"},"south":{"uv":[10.375,1.25,10.25,1.375],"texture":"#0"},"west":{"uv":[3.25,10,3,10.125],"texture":"#0"},"up":{"uv":[3.25,10.125,3.5,10],"rotation":90,"texture":"#0"},"down":{"uv":[10,3.25,10.25,3.375],"rotation":270,"texture":"#0"}}},{"from":[10.3554,6.73037,4.78653],"to":[10.8554,6.98037,6.28653],"rotation":{"angle":45,"axis":"y","origin":[10.6054,6.85537,4.03653]},"faces":{"north":{"uv":[0.625,10.25,0.5,10.375],"texture":"#0"},"east":{"uv":[10.125,2.25,9.75,2.375],"texture":"#0"},"south":{"uv":[10.375,0.5,10.25,0.625],"texture":"#0"},"west":{"uv":[10.125,2.5,9.75,2.625],"texture":"#0"},"up":{"uv":[9.75,2.875,10.125,2.75],"rotation":90,"texture":"#0"},"down":{"uv":[9.75,3.5,10.125,3.625],"rotation":270,"texture":"#0"}}},{"from":[5.1563,6.73037,4.78653],"to":[5.6563,6.98037,6.28653],"rotation":{"angle":-45,"axis":"y","origin":[5.4063,6.85537,4.03653]},"faces":{"north":{"uv":[1.625,10.25,1.5,10.375],"texture":"#0"},"east":{"uv":[10.125,3.75,9.75,3.875],"texture":"#0"},"south":{"uv":[10.375,1.5,10.25,1.625],"texture":"#0"},"west":{"uv":[10.125,4.5,9.75,4.625],"texture":"#0"},"up":{"uv":[9.75,4.875,10.125,4.75],"rotation":90,"texture":"#0"},"down":{"uv":[5,9.75,5.375,9.875],"rotation":270,"texture":"#0"}}},{"from":[9.15975,6.73037,4.65807],"to":[11.15975,6.98037,5.15807],"rotation":{"angle":-22.5,"axis":"y","origin":[11.90975,6.85537,4.90807]},"faces":{"north":{"uv":[10,5.5,9.5,5.625],"texture":"#0"},"east":{"uv":[0.875,10.25,0.75,10.375],"texture":"#0"},"south":{"uv":[6.25,9.5,5.75,9.625],"texture":"#0"},"west":{"uv":[10.375,0.75,10.25,0.875],"texture":"#0"},"up":{"uv":[9.5,6.25,9.625,5.75],"rotation":90,"texture":"#0"},"down":{"uv":[6.25,9.5,6.375,10],"rotation":270,"texture":"#0"}}},{"from":[4.85196,6.73037,4.65807],"to":[6.85196,6.98037,5.15807],"rotation":{"angle":22.5,"axis":"y","origin":[4.10196,6.85537,4.90807]},"faces":{"north":{"uv":[10,6.25,9.5,6.375],"texture":"#0"},"east":{"uv":[1.875,10.25,1.75,10.375],"texture":"#0"},"south":{"uv":[10,6.5,9.5,6.625],"texture":"#0"},"west":{"uv":[10.375,1.75,10.25,1.875],"texture":"#0"},"up":{"uv":[9.5,7.25,9.625,6.75],"rotation":90,"texture":"#0"},"down":{"uv":[7,9.5,7.125,10],"rotation":270,"texture":"#0"}}},{"from":[6.54695,6.73037,3.62472],"to":[9.46475,6.98037,4.12472],"rotation":{"angle":0,"axis":"y","origin":[10.21475,6.85537,3.87472]},"faces":{"north":{"uv":[9.75,8.5,9,8.625],"texture":"#0"},"east":{"uv":[1.125,10.25,1,10.375],"texture":"#0"},"south":{"uv":[10,4.25,9.25,4.375],"texture":"#0"},"west":{"uv":[10.375,1,10.25,1.125],"texture":"#0"},"up":{"uv":[1.5,10,1.625,9.25],"rotation":90,"texture":"#0"},"down":{"uv":[9.25,4.5,9.375,5.25],"rotation":270,"texture":"#0"}}},{"from":[3.25585,6.73037,6.37463],"to":[3.75585,6.98037,15.87463],"rotation":{"angle":0,"axis":"y","origin":[8.25585,6.73037,11.37463]},"faces":{"north":{"uv":[10.125,9.75,10,9.875],"texture":"#0"},"east":{"uv":[2.375,8,0,8.125],"texture":"#0"},"south":{"uv":[10.125,10,10,10.125],"texture":"#0"},"west":{"uv":[4.875,8,2.5,8.125],"texture":"#0"},"up":{"uv":[5,8.125,7.375,8],"rotation":90,"texture":"#0"},"down":{"uv":[7.5,8,9.875,8.125],"rotation":270,"texture":"#0"}}},{"from":[3.42816,6.73037,15.7409],"to":[3.92816,6.98037,16.2409],"rotation":{"angle":22.5,"axis":"y","origin":[3.67816,6.85537,16.2409]},"faces":{"north":{"uv":[10.375,3,10.25,3.125],"texture":"#0"},"east":{"uv":[3.125,10.25,3,10.375],"texture":"#0"},"south":{"uv":[10.375,3.25,10.25,3.375],"texture":"#0"},"west":{"uv":[3.375,10.25,3.25,10.375],"texture":"#0"},"up":{"uv":[3.5,10.375,3.625,10.25],"rotation":90,"texture":"#0"},"down":{"uv":[10.25,3.5,10.375,3.625],"rotation":270,"texture":"#0"}}},{"from":[12.08354,6.73037,15.7409],"to":[12.58354,6.98037,16.2409],"rotation":{"angle":-22.5,"axis":"y","origin":[12.33354,6.85537,16.2409]},"faces":{"north":{"uv":[10.375,6.25,10.25,6.375],"texture":"#0"},"east":{"uv":[6.375,10.25,6.25,10.375],"texture":"#0"},"south":{"uv":[10.375,6.75,10.25,6.875],"texture":"#0"},"west":{"uv":[10.375,6.5,10.25,6.625],"texture":"#0"},"up":{"uv":[7,10.375,7.125,10.25],"rotation":90,"texture":"#0"},"down":{"uv":[10.25,7,10.375,7.125],"rotation":270,"texture":"#0"}}},{"from":[3.02042,6.73037,16.30624],"to":[3.52042,6.98037,16.80624],"rotation":{"angle":45,"axis":"y","origin":[3.27042,6.85537,15.80624]},"faces":{"north":{"uv":[10.375,3.75,10.25,3.875],"texture":"#0"},"east":{"uv":[3.875,10.25,3.75,10.375],"texture":"#0"},"south":{"uv":[10.375,4,10.25,4.125],"texture":"#0"},"west":{"uv":[4.125,10.25,4,10.375],"texture":"#0"},"up":{"uv":[4.25,10.375,4.375,10.25],"rotation":90,"texture":"#0"},"down":{"uv":[10.25,4.25,10.375,4.375],"rotation":270,"texture":"#0"}}},{"from":[12.49129,6.73037,16.30624],"to":[12.99129,6.98037,16.80624],"rotation":{"angle":-45,"axis":"y","origin":[12.74129,6.85537,15.80624]},"faces":{"north":{"uv":[10.375,5.5,10.25,5.625],"texture":"#0"},"east":{"uv":[5.625,10.25,5.5,10.375],"texture":"#0"},"south":{"uv":[10.375,5.75,10.25,5.875],"texture":"#0"},"west":{"uv":[5.875,10.25,5.75,10.375],"texture":"#0"},"up":{"uv":[6,10.375,6.125,10.25],"rotation":90,"texture":"#0"},"down":{"uv":[10.25,6,10.375,6.125],"rotation":270,"texture":"#0"}}},{"from":[3.93448,6.73037,16.01781],"to":[4.43448,6.98037,16.51781],"rotation":{"angle":-22.5,"axis":"y","origin":[3.43448,6.85537,16.26781]},"faces":{"north":{"uv":[10.375,4.5,10.25,4.625],"texture":"#0"},"east":{"uv":[4.625,10.25,4.5,10.375],"texture":"#0"},"south":{"uv":[10.375,4.75,10.25,4.875],"texture":"#0"},"west":{"uv":[4.875,10.25,4.75,10.375],"texture":"#0"},"up":{"uv":[5,10.375,5.125,10.25],"rotation":90,"texture":"#0"},"down":{"uv":[10.25,5,10.375,5.125],"rotation":270,"texture":"#0"}}},{"from":[11.57722,6.73037,16.01781],"to":[12.07722,6.98037,16.51781],"rotation":{"angle":22.5,"axis":"y","origin":[12.57722,6.85537,16.26781]},"faces":{"north":{"uv":[10.375,7.25,10.25,7.375],"texture":"#0"},"east":{"uv":[7.375,10.25,7.25,10.375],"texture":"#0"},"south":{"uv":[10.375,7.5,10.25,7.625],"texture":"#0"},"west":{"uv":[7.625,10.25,7.5,10.375],"texture":"#0"},"up":{"uv":[7.75,10.375,7.875,10.25],"rotation":90,"texture":"#0"},"down":{"uv":[10.25,7.75,10.375,7.875],"rotation":270,"texture":"#0"}}},{"from":[4.26269,6.73037,16.38146],"to":[11.74902,6.98037,16.88146],"rotation":{"angle":0,"axis":"y","origin":[2.26269,6.85537,16.63146]},"faces":{"north":{"uv":[4.375,8.75,2.5,8.875],"texture":"#0"},"east":{"uv":[5.375,10.25,5.25,10.375],"texture":"#0"},"south":{"uv":[6.375,8.75,4.5,8.875],"texture":"#0"},"west":{"uv":[10.375,5.25,10.25,5.375],"texture":"#0"},"up":{"uv":[6.5,10.625,6.625,8.75],"rotation":90,"texture":"#0"},"down":{"uv":[6.75,8.75,6.875,10.625],"rotation":270,"texture":"#0"}}},{"from":[5.35495,6.79437,4.12472],"to":[10.60185,6.94837,4.62463],"rotation":{"angle":0,"axis":"y","origin":[8.25585,6.73037,11.37463]},"faces":{"north":{"uv":[6.5,4.25,5.25,4.375],"texture":"#0"},"east":{"uv":[10.375,2,10.25,2.125],"texture":"#0"},"south":{"uv":[1.75,9,0.5,9.125],"texture":"#0"},"west":{"uv":[10.375,2.25,10.25,2.375],"texture":"#0"},"up":{"uv":[1.75,10.25,1.875,9],"rotation":90,"texture":"#0"},"down":{"uv":[2.5,9,2.625,10.25],"rotation":270,"texture":"#0"}}},{"from":[4.60495,6.76237,4.62463],"to":[11.35185,6.94837,5.12463],"rotation":{"angle":0,"axis":"y","origin":[8.25585,6.73037,11.37463]},"faces":{"north":{"uv":[8.625,8.75,7,8.875],"texture":"#0"},"east":{"uv":[2.625,10.25,2.5,10.375],"texture":"#0"},"south":{"uv":[10.375,8.75,8.75,8.875],"texture":"#0"},"west":{"uv":[10.375,2.5,10.25,2.625],"texture":"#0"},"up":{"uv":[0,10.625,0.125,9],"rotation":90,"texture":"#0"},"down":{"uv":[0.25,9,0.375,10.625],"rotation":270,"texture":"#0"}}},{"from":[4.10495,6.76237,5.12463],"to":[11.85185,6.94837,5.62463],"rotation":{"angle":0,"axis":"y","origin":[8.25585,6.73037,10.87463]},"faces":{"north":{"uv":[1.875,7.25,0,7.375],"texture":"#0"},"east":{"uv":[2.875,10.25,2.75,10.375],"texture":"#0"},"south":{"uv":[1.875,8.75,0,8.875],"texture":"#0"},"west":{"uv":[10.375,2.75,10.25,2.875],"texture":"#0"},"up":{"uv":[2,10.625,2.125,8.75],"rotation":90,"texture":"#0"},"down":{"uv":[2.25,8.75,2.375,10.625],"rotation":270,"texture":"#0"}}},{"from":[3.60495,6.76237,5.62463],"to":[12.35185,6.94837,16.37463],"rotation":{"angle":0,"axis":"y","origin":[8.25585,6.73037,10.37463]},"faces":{"north":{"uv":[6.625,8.5,4.5,8.625],"texture":"#0"},"east":{"uv":[10,4,7.25,4.125],"texture":"#0"},"south":{"uv":[8.875,8.5,6.75,8.625],"texture":"#0"},"west":{"uv":[10.25,3,7.5,3.125],"texture":"#0"},"up":{"uv":[0,2.125,2.75,0],"rotation":90,"texture":"#0"},"down":{"uv":[0,2.25,2.75,4.375],"rotation":270,"texture":"#0"}}},{"from":[3.60495,7.10237,6.62463],"to":[12.35185,8.57037,16.12463],"rotation":{"angle":0,"axis":"y","origin":[8.25585,6.73037,9.37463]},"faces":{"north":{"uv":[9.625,1.5,7.5,1.875],"texture":"#0"},"east":{"uv":[9.125,5.25,6.75,5.625],"texture":"#0"},"south":{"uv":[9.625,2,7.5,2.375],"texture":"#0"},"west":{"uv":[9.125,5.75,6.75,6.125],"texture":"#0"},"up":{"uv":[2.75,2.125,5.125,0],"rotation":90,"texture":"#0"},"down":{"uv":[2.75,2.25,5.125,4.375],"rotation":270,"texture":"#0"}}},{"from":[3.57395,7.60237,6.59163],"to":[3.57295,8.32037,16.15663],"rotation":{"angle":0,"axis":"y","origin":[8.25585,6.73037,9.37463]},"faces":{"north":{"uv":[0,0,0,0.125],"texture":"#0"},"east":{"uv":[2.375,8.25,0,8.375],"texture":"#0"},"south":{"uv":[0,0,0,0.125],"texture":"#0"},"west":{"uv":[4.875,8.25,2.5,8.375],"texture":"#0"},"up":{"uv":[0,0,2.375,0],"rotation":90,"texture":"#0"},"down":{"uv":[0,0,2.375,0],"rotation":270,"texture":"#0"}}},{"from":[12.38585,7.60237,6.59263],"to":[12.38485,8.32037,16.15763],"rotation":{"angle":0,"axis":"y","origin":[6.56775,6.73037,9.37563]},"faces":{"north":{"uv":[0,0,0,0.125],"texture":"#0"},"east":{"uv":[7.375,8.25,5,8.375],"texture":"#0"},"south":{"uv":[0,0,0,0.125],"texture":"#0"},"west":{"uv":[9.875,8.25,7.5,8.375],"texture":"#0"},"up":{"uv":[0,0,2.375,0],"rotation":90,"texture":"#0"},"down":{"uv":[0,0,2.375,0],"rotation":270,"texture":"#0"}}},{"from":[9.42385,7.60237,6.59363],"to":[12.38585,8.32037,6.59263],"rotation":{"angle":0,"axis":"y","origin":[8.25585,6.73037,9.37463]},"faces":{"north":{"uv":[10,7.75,9.25,7.875],"texture":"#0"},"east":{"uv":[0,0,0,0.125],"texture":"#0"},"south":{"uv":[5.75,9.5,5,9.625],"texture":"#0"},"west":{"uv":[0,0,0,0.125],"texture":"#0"},"up":{"uv":[0,0.75,0,0],"rotation":90,"texture":"#0"},"down":{"uv":[0,0,0,0.75],"rotation":270,"texture":"#0"}}},{"from":[3.57295,7.60237,6.59363],"to":[6.58785,8.32037,6.59163],"rotation":{"angle":0,"axis":"y","origin":[7.75585,6.73037,9.37463]},"faces":{"north":{"uv":[10.25,5,9.5,5.125],"texture":"#0"},"east":{"uv":[0,0,0,0.125],"texture":"#0"},"south":{"uv":[10.25,5.25,9.5,5.375],"texture":"#0"},"west":{"uv":[0,0,0,0.125],"texture":"#0"},"up":{"uv":[0,0.75,0,0],"rotation":90,"texture":"#0"},"down":{"uv":[0,0,0,0.75],"rotation":270,"texture":"#0"}}},{"from":[7.71782,7.60237,6.05536],"to":[9.53072,8.32037,6.05436],"rotation":{"angle":-22.5,"axis":"y","origin":[8.12427,7.96137,6.05486]},"faces":{"north":{"uv":[10.25,1.25,9.75,1.375],"texture":"#0"},"east":{"uv":[0,0,0,0.125],"texture":"#0"},"south":{"uv":[10.25,1.5,9.75,1.625],"texture":"#0"},"west":{"uv":[0,0,0,0.125],"texture":"#0"},"up":{"uv":[0,0.5,0,0],"rotation":90,"texture":"#0"},"down":{"uv":[0,0,0,0.5],"rotation":270,"texture":"#0"}}},{"from":[6.48098,7.60237,6.05536],"to":[8.29388,8.32037,6.05436],"rotation":{"angle":22.5,"axis":"y","origin":[7.88743,7.96137,6.05486]},"faces":{"north":{"uv":[10.25,1.75,9.75,1.875],"texture":"#0"},"east":{"uv":[0,0,0,0.125],"texture":"#0"},"south":{"uv":[10.25,2,9.75,2.125],"texture":"#0"},"west":{"uv":[0,0,0,0.125],"texture":"#0"},"up":{"uv":[0,0.5,0,0],"rotation":90,"texture":"#0"},"down":{"uv":[0,0,0,0.5],"rotation":270,"texture":"#0"}}},{"from":[3.57395,7.60237,16.15763],"to":[12.38485,8.32037,16.15763],"rotation":{"angle":0,"axis":"y","origin":[8.25685,6.73037,5.93963]},"faces":{"north":{"uv":[2.25,8.5,0,8.625],"texture":"#0"},"east":{"uv":[0,0,0,0.125],"texture":"#0"},"south":{"uv":[4.5,8.5,2.25,8.625],"texture":"#0"},"west":{"uv":[0,0,0,0.125],"texture":"#0"},"up":{"uv":[0,2.25,0,0],"rotation":90,"texture":"#0"},"down":{"uv":[0,0,0,2.25],"rotation":270,"texture":"#0"}}},{"from":[7.07395,7.60237,16.37563],"to":[8.88485,8.32037,16.37563],"rotation":{"angle":0,"axis":"y","origin":[8.25685,6.73037,5.93963]},"faces":{"north":{"uv":[2.25,8.5,0,8.625],"texture":"#0"},"east":{"uv":[0,0,0,0.125],"texture":"#0"},"south":{"uv":[4.5,8.5,2.25,8.625],"texture":"#0"},"west":{"uv":[0,0,0,0.125],"texture":"#0"},"up":{"uv":[0,2.25,0,0],"rotation":90,"texture":"#0"},"down":{"uv":[0,0,0,2.25],"rotation":270,"texture":"#0"}}},{"from":[7.07295,7.60237,16.06473],"to":[7.07295,8.32037,16.37563],"rotation":{"angle":0,"axis":"y","origin":[7.07295,7.96137,15.47018]},"faces":{"north":{"uv":[0,0,0,0.125],"texture":"#0"},"east":{"uv":[2.25,8.5,0,8.625],"texture":"#0"},"south":{"uv":[0,0,0,0.125],"texture":"#0"},"west":{"uv":[4.5,8.5,2.25,8.625],"texture":"#0"},"up":{"uv":[0,2.25,0,0],"rotation":180,"texture":"#0"},"down":{"uv":[0,0,0,2.25],"rotation":180,"texture":"#0"}}},{"from":[8.88385,7.60237,16.06573],"to":[8.88385,8.32037,16.37663],"rotation":{"angle":0,"axis":"y","origin":[8.88385,7.96137,15.47118]},"faces":{"north":{"uv":[0,0,0,0.125],"texture":"#0"},"east":{"uv":[2.25,8.5,4.5,8.625],"texture":"#0"},"south":{"uv":[0,0,0,0.125],"texture":"#0"},"west":{"uv":[0,8.5,2.25,8.625],"texture":"#0"},"up":{"uv":[0,2.25,0,0],"rotation":180,"texture":"#0"},"down":{"uv":[0,0,0,2.25],"rotation":180,"texture":"#0"}}},{"from":[7.10495,6.97437,6.37463],"to":[8.85185,8.69237,16.37463],"rotation":{"angle":0,"axis":"y","origin":[8.25585,6.73037,9.37463]},"faces":{"north":{"uv":[3.125,9,2.75,9.375],"texture":"#0"},"east":{"uv":[4.5,6.5,2,6.875],"texture":"#0"},"south":{"uv":[3.625,9,3.25,9.375],"texture":"#0"},"west":{"uv":[7,6.5,4.5,6.875],"texture":"#0"},"up":{"uv":[6.75,4.625,9.25,4.25],"rotation":90,"texture":"#0"},"down":{"uv":[6.75,4.75,9.25,5.125],"rotation":270,"texture":"#0"}}},{"from":[7.10495,8.69237,6.62463],"to":[8.85185,10.31437,16.12463],"rotation":{"angle":0,"axis":"y","origin":[8.25585,6.32037,9.62463]},"faces":{"north":{"uv":[4.125,9,3.75,9.375],"texture":"#0"},"east":{"uv":[4.375,7,2,7.375],"texture":"#0"},"south":{"uv":[4.625,9,4.25,9.375],"texture":"#0"},"west":{"uv":[6.875,7,4.5,7.375],"texture":"#0"},"up":{"uv":[7,6.625,9.375,6.25],"rotation":90,"texture":"#0"},"down":{"uv":[7,6.75,9.375,7.125],"rotation":270,"texture":"#0"}}},{"from":[7.10495,10.31437,6.87463],"to":[8.85185,12.03237,15.87463],"rotation":{"angle":0,"axis":"y","origin":[8.25585,5.94237,9.37463]},"faces":{"north":{"uv":[5.125,9,4.75,9.375],"texture":"#0"},"east":{"uv":[9.5,3.5,7.25,3.875],"texture":"#0"},"south":{"uv":[5.625,9,5.25,9.375],"texture":"#0"},"west":{"uv":[9.25,7.25,7,7.625],"texture":"#0"},"up":{"uv":[0,7.875,2.25,7.5],"rotation":90,"texture":"#0"},"down":{"uv":[7.5,0,9.75,0.375],"rotation":270,"texture":"#0"}}},{"from":[3.85495,6.94837,6.87463],"to":[12.10185,10.16637,15.87463],"rotation":{"angle":0,"axis":"y","origin":[8.25585,5.94837,9.37463]},"faces":{"north":{"uv":[7.25,3.5,5.25,4.25],"texture":"#0"},"east":{"uv":[7.5,2,5.25,2.75],"texture":"#0"},"south":{"uv":[2,6.5,0,7.25],"texture":"#0"},"west":{"uv":[7.5,2.75,5.25,3.5],"texture":"#0"},"up":{"uv":[0,6.5,2.25,4.5],"rotation":90,"texture":"#0"},"down":{"uv":[2.25,4.5,4.5,6.5],"rotation":270,"texture":"#0"}}},{"from":[4.10495,10.01237,7.12463],"to":[11.85185,11.73037,15.62463],"rotation":{"angle":0,"axis":"y","origin":[8.25585,5.66637,9.37463]},"faces":{"north":{"uv":[4.125,7.5,2.25,7.875],"texture":"#0"},"east":{"uv":[9.625,0.5,7.5,0.875],"texture":"#0"},"south":{"uv":[9.375,2.5,7.5,2.875],"texture":"#0"},"west":{"uv":[9.625,1,7.5,1.375],"texture":"#0"},"up":{"uv":[4.5,6.375,6.625,4.5],"rotation":90,"texture":"#0"},"down":{"uv":[5.25,0,7.375,1.875],"rotation":270,"texture":"#0"}}},{"from":[9.00585,8.24167,5.37463],"to":[9.20585,8.71906,5.87463],"rotation":{"angle":-45,"axis":"z","origin":[8.00585,8.48037,5.87463]},"faces":{"north":{"uv":[10.375,8,10.25,8.125],"texture":"#0"},"east":{"uv":[8.125,10.25,8,10.375],"texture":"#0"},"south":{"uv":[10.375,8.25,10.25,8.375],"texture":"#0"},"west":{"uv":[8.375,10.25,8.25,10.375],"texture":"#0"},"up":{"uv":[8.5,10.375,8.625,10.25],"rotation":90,"texture":"#0"},"down":{"uv":[10.25,8.5,10.375,8.625],"rotation":270,"texture":"#0"}}},{"from":[9.00585,8.24167,5.37463],"to":[9.20585,8.71906,5.87463],"rotation":{"angle":-22.5,"axis":"z","origin":[8.00585,8.48037,5.87463]},"faces":{"north":{"uv":[9.125,10.25,9,10.375],"texture":"#0"},"east":{"uv":[8.875,10.25,8.75,10.375],"texture":"#0"},"south":{"uv":[9.375,10.25,9.25,10.375],"texture":"#0"},"west":{"uv":[10.375,9,10.25,9.125],"texture":"#0"},"up":{"uv":[10.25,9.375,10.375,9.25],"rotation":90,"texture":"#0"},"down":{"uv":[9.5,10.25,9.625,10.375],"rotation":270,"texture":"#0"}}},{"from":[9.00585,8.24167,5.37463],"to":[9.20585,8.71906,5.87463],"rotation":{"angle":0,"axis":"x","origin":[8.00585,8.48037,5.87463]},"faces":{"north":{"uv":[9.875,10.25,9.75,10.375],"texture":"#0"},"east":{"uv":[10.375,9.5,10.25,9.625],"texture":"#0"},"south":{"uv":[10.125,10.25,10,10.375],"texture":"#0"},"west":{"uv":[10.375,9.75,10.25,9.875],"texture":"#0"},"up":{"uv":[10.25,10.125,10.375,10],"rotation":90,"texture":"#0"},"down":{"uv":[10.25,10.25,10.375,10.375],"rotation":270,"texture":"#0"}}},{"from":[9.00585,8.24167,5.37463],"to":[9.20585,8.71906,5.87463],"rotation":{"angle":22.5,"axis":"z","origin":[8.00585,8.48037,5.87463]},"faces":{"north":{"uv":[10.625,0.25,10.5,0.375],"texture":"#0"},"east":{"uv":[10.625,0,10.5,0.125],"texture":"#0"},"south":{"uv":[10.625,0.5,10.5,0.625],"texture":"#0"},"west":{"uv":[0.625,10.5,0.5,10.625],"texture":"#0"},"up":{"uv":[0.75,10.625,0.875,10.5],"rotation":90,"texture":"#0"},"down":{"uv":[10.5,0.75,10.625,0.875],"rotation":270,"texture":"#0"}}},{"from":[9.00585,8.24167,5.37463],"to":[9.20585,8.71906,5.87463],"rotation":{"angle":45,"axis":"z","origin":[8.00585,8.48037,5.87463]},"faces":{"north":{"uv":[10.625,1,10.5,1.125],"texture":"#0"},"east":{"uv":[1.125,10.5,1,10.625],"texture":"#0"},"south":{"uv":[10.625,1.25,10.5,1.375],"texture":"#0"},"west":{"uv":[1.375,10.5,1.25,10.625],"texture":"#0"},"up":{"uv":[1.5,10.625,1.625,10.5],"rotation":90,"texture":"#0"},"down":{"uv":[10.5,1.5,10.625,1.625],"rotation":270,"texture":"#0"}}},{"from":[6.80585,8.24167,5.37463],"to":[7.00585,8.71906,5.87463],"rotation":{"angle":-45,"axis":"z","origin":[8.00585,8.48037,5.87463]},"faces":{"north":{"uv":[10.625,1.75,10.5,1.875],"texture":"#0"},"east":{"uv":[1.875,10.5,1.75,10.625],"texture":"#0"},"south":{"uv":[10.625,2.25,10.5,2.375],"texture":"#0"},"west":{"uv":[10.625,2,10.5,2.125],"texture":"#0"},"up":{"uv":[2.5,10.625,2.625,10.5],"rotation":90,"texture":"#0"},"down":{"uv":[10.5,2.5,10.625,2.625],"rotation":270,"texture":"#0"}}},{"from":[6.80585,8.24167,5.37463],"to":[7.00585,8.71906,5.87463],"rotation":{"angle":-22.5,"axis":"z","origin":[8.00585,8.48037,5.87463]},"faces":{"north":{"uv":[10.625,2.75,10.5,2.875],"texture":"#0"},"east":{"uv":[2.875,10.5,2.75,10.625],"texture":"#0"},"south":{"uv":[10.625,3,10.5,3.125],"texture":"#0"},"west":{"uv":[3.125,10.5,3,10.625],"texture":"#0"},"up":{"uv":[3.25,10.625,3.375,10.5],"rotation":90,"texture":"#0"},"down":{"uv":[10.5,3.25,10.625,3.375],"rotation":270,"texture":"#0"}}},{"from":[6.80585,8.24167,5.37463],"to":[7.00585,8.71906,5.87463],"rotation":{"angle":0,"axis":"x","origin":[8.00585,8.48037,5.87463]},"faces":{"north":{"uv":[10.625,3.5,10.5,3.625],"texture":"#0"},"east":{"uv":[3.625,10.5,3.5,10.625],"texture":"#0"},"south":{"uv":[10.625,3.75,10.5,3.875],"texture":"#0"},"west":{"uv":[3.875,10.5,3.75,10.625],"texture":"#0"},"up":{"uv":[4,10.625,4.125,10.5],"rotation":90,"texture":"#0"},"down":{"uv":[10.5,4,10.625,4.125],"rotation":270,"texture":"#0"}}},{"from":[6.80585,8.24167,5.37463],"to":[7.00585,8.71906,5.87463],"rotation":{"angle":22.5,"axis":"z","origin":[8.00585,8.48037,5.87463]},"faces":{"north":{"uv":[10.625,4.25,10.5,4.375],"texture":"#0"},"east":{"uv":[4.375,10.5,4.25,10.625],"texture":"#0"},"south":{"uv":[10.625,4.5,10.5,4.625],"texture":"#0"},"west":{"uv":[4.625,10.5,4.5,10.625],"texture":"#0"},"up":{"uv":[4.75,10.625,4.875,10.5],"rotation":90,"texture":"#0"},"down":{"uv":[10.5,4.75,10.625,4.875],"rotation":270,"texture":"#0"}}},{"from":[6.80585,8.24167,5.37463],"to":[7.00585,8.71906,5.87463],"rotation":{"angle":45,"axis":"z","origin":[8.00585,8.48037,5.87463]},"faces":{"north":{"uv":[10.625,5,10.5,5.125],"texture":"#0"},"east":{"uv":[5.125,10.5,5,10.625],"texture":"#0"},"south":{"uv":[10.625,5.25,10.5,5.375],"texture":"#0"},"west":{"uv":[5.375,10.5,5.25,10.625],"texture":"#0"},"up":{"uv":[5.5,10.625,5.625,10.5],"rotation":90,"texture":"#0"},"down":{"uv":[10.5,5.5,10.625,5.625],"rotation":270,"texture":"#0"}}},{"from":[7.76716,7.28037,5.37463],"to":[8.24455,7.48037,5.87463],"rotation":{"angle":-22.5,"axis":"z","origin":[8.00585,8.48037,5.87463]},"faces":{"north":{"uv":[10.625,5.75,10.5,5.875],"texture":"#0"},"east":{"uv":[5.875,10.5,5.75,10.625],"texture":"#0"},"south":{"uv":[10.625,6,10.5,6.125],"texture":"#0"},"west":{"uv":[6.125,10.5,6,10.625],"texture":"#0"},"up":{"uv":[6.25,10.625,6.375,10.5],"rotation":90,"texture":"#0"},"down":{"uv":[10.5,6.25,10.625,6.375],"rotation":270,"texture":"#0"}}},{"from":[7.76716,7.28037,5.37463],"to":[8.24455,7.48037,5.87463],"rotation":{"angle":0,"axis":"x","origin":[8.00585,8.48037,5.87463]},"faces":{"north":{"uv":[10.625,6.75,10.5,6.875],"texture":"#0"},"east":{"uv":[10.625,6.5,10.5,6.625],"texture":"#0"},"south":{"uv":[10.625,7,10.5,7.125],"texture":"#0"},"west":{"uv":[7.125,10.5,7,10.625],"texture":"#0"},"up":{"uv":[7.25,10.625,7.375,10.5],"rotation":90,"texture":"#0"},"down":{"uv":[10.5,7.25,10.625,7.375],"rotation":270,"texture":"#0"}}},{"from":[7.76716,7.28037,5.37463],"to":[8.24455,7.48037,5.87463],"rotation":{"angle":22.5,"axis":"z","origin":[8.00585,8.48037,5.87463]},"faces":{"north":{"uv":[10.625,7.5,10.5,7.625],"texture":"#0"},"east":{"uv":[7.625,10.5,7.5,10.625],"texture":"#0"},"south":{"uv":[10.625,7.75,10.5,7.875],"texture":"#0"},"west":{"uv":[7.875,10.5,7.75,10.625],"texture":"#0"},"up":{"uv":[8,10.625,8.125,10.5],"rotation":90,"texture":"#0"},"down":{"uv":[10.5,8,10.625,8.125],"rotation":270,"texture":"#0"}}},{"from":[7.76716,9.48037,5.37463],"to":[8.24455,9.68037,5.87463],"rotation":{"angle":-22.5,"axis":"z","origin":[8.00585,8.48037,5.87463]},"faces":{"north":{"uv":[10.625,8.25,10.5,8.375],"texture":"#0"},"east":{"uv":[8.375,10.5,8.25,10.625],"texture":"#0"},"south":{"uv":[10.625,8.5,10.5,8.625],"texture":"#0"},"west":{"uv":[8.625,10.5,8.5,10.625],"texture":"#0"},"up":{"uv":[8.75,10.625,8.875,10.5],"rotation":90,"texture":"#0"},"down":{"uv":[10.5,8.75,10.625,8.875],"rotation":270,"texture":"#0"}}},{"from":[7.76716,9.48037,5.37463],"to":[8.24455,9.68037,5.87463],"rotation":{"angle":0,"axis":"x","origin":[8.00585,8.48037,5.87463]},"faces":{"north":{"uv":[10.625,9,10.5,9.125],"texture":"#0"},"east":{"uv":[9.125,10.5,9,10.625],"texture":"#0"},"south":{"uv":[10.625,9.25,10.5,9.375],"texture":"#0"},"west":{"uv":[9.375,10.5,9.25,10.625],"texture":"#0"},"up":{"uv":[9.5,10.625,9.625,10.5],"rotation":90,"texture":"#0"},"down":{"uv":[10.5,9.5,10.625,9.625],"rotation":270,"texture":"#0"}}},{"from":[7.76716,9.48037,5.37463],"to":[8.24455,9.68037,5.87463],"rotation":{"angle":22.5,"axis":"z","origin":[8.00585,8.48037,5.87463]},"faces":{"north":{"uv":[10.625,9.75,10.5,9.875],"texture":"#0"},"east":{"uv":[9.875,10.5,9.75,10.625],"texture":"#0"},"south":{"uv":[10.625,10,10.5,10.125],"texture":"#0"},"west":{"uv":[10.125,10.5,10,10.625],"texture":"#0"},"up":{"uv":[10.25,10.625,10.375,10.5],"rotation":90,"texture":"#0"},"down":{"uv":[10.5,10.25,10.625,10.375],"rotation":270,"texture":"#0"}}},{"from":[7.30585,8.34113,5.87463],"to":[8.70585,8.61961,6.87463],"rotation":{"angle":-45,"axis":"z","origin":[8.00585,8.48037,6.37463]},"faces":{"north":{"uv":[5.875,9.75,5.5,9.875],"texture":"#0"},"east":{"uv":[3.75,10,3.5,10.125],"texture":"#0"},"south":{"uv":[10.125,5.75,9.75,5.875],"texture":"#0"},"west":{"uv":[4,10,3.75,10.125],"texture":"#0"},"up":{"uv":[9.25,5.625,9.5,5.25],"rotation":90,"texture":"#0"},"down":{"uv":[9.25,5.75,9.5,6.125],"rotation":270,"texture":"#0"}}},{"from":[7.30585,8.34113,5.87463],"to":[8.70585,8.61961,6.87463],"rotation":{"angle":-22.5,"axis":"z","origin":[8.00585,8.48037,6.37463]},"faces":{"north":{"uv":[10.125,6,9.75,6.125],"texture":"#0"},"east":{"uv":[4.25,10,4,10.125],"texture":"#0"},"south":{"uv":[10.125,6.75,9.75,6.875],"texture":"#0"},"west":{"uv":[10.25,4,10,4.125],"texture":"#0"},"up":{"uv":[9.25,7.625,9.5,7.25],"rotation":90,"texture":"#0"},"down":{"uv":[9.25,9,9.5,9.375],"rotation":270,"texture":"#0"}}},{"from":[7.30585,8.34113,5.87463],"to":[8.70585,8.61961,6.87463],"rotation":{"angle":0,"axis":"x","origin":[8.00585,8.48037,6.37463]},"faces":{"north":{"uv":[10.125,7,9.75,7.125],"texture":"#0"},"east":{"uv":[4.5,10,4.25,10.125],"texture":"#0"},"south":{"uv":[7.625,9.75,7.25,9.875],"texture":"#0"},"west":{"uv":[10.25,4.25,10,4.375],"texture":"#0"},"up":{"uv":[9.5,2.875,9.75,2.5],"rotation":90,"texture":"#0"},"down":{"uv":[2.75,9.5,3,9.875],"rotation":270,"texture":"#0"}}},{"from":[7.30585,8.34113,5.87463],"to":[8.70585,8.61961,6.87463],"rotation":{"angle":22.5,"axis":"z","origin":[8.00585,8.48037,6.37463]},"faces":{"north":{"uv":[8.125,9.75,7.75,9.875],"texture":"#0"},"east":{"uv":[4.75,10,4.5,10.125],"texture":"#0"},"south":{"uv":[8.625,9.75,8.25,9.875],"texture":"#0"},"west":{"uv":[5,10,4.75,10.125],"texture":"#0"},"up":{"uv":[3,9.875,3.25,9.5],"rotation":90,"texture":"#0"},"down":{"uv":[3.25,9.5,3.5,9.875],"rotation":270,"texture":"#0"}}},{"from":[7.30585,8.34113,5.87463],"to":[8.70585,8.61961,6.87463],"rotation":{"angle":45,"axis":"z","origin":[8.00585,8.48037,6.37463]},"faces":{"north":{"uv":[10.125,8.5,9.75,8.625],"texture":"#0"},"east":{"uv":[5.25,10,5,10.125],"texture":"#0"},"south":{"uv":[9.125,9.75,8.75,9.875],"texture":"#0"},"west":{"uv":[5.5,10,5.25,10.125],"texture":"#0"},"up":{"uv":[3.5,9.875,3.75,9.5],"rotation":90,"texture":"#0"},"down":{"uv":[9.5,3.5,9.75,3.875],"rotation":270,"texture":"#0"}}},{"from":[7.86661,7.78037,5.87463],"to":[8.14509,9.18037,6.87463],"rotation":{"angle":-22.5,"axis":"z","origin":[8.00585,8.48037,6.37463]},"faces":{"north":{"uv":[6.125,9.75,6,10.125],"texture":"#0"},"east":{"uv":[4,9.5,3.75,9.875],"texture":"#0"},"south":{"uv":[9.375,9.75,9.25,10.125],"texture":"#0"},"west":{"uv":[4.25,9.5,4,9.875],"texture":"#0"},"up":{"uv":[5.5,10.125,5.75,10],"rotation":90,"texture":"#0"},"down":{"uv":[10,5.5,10.25,5.625],"rotation":270,"texture":"#0"}}},{"from":[7.86661,7.78037,5.87463],"to":[8.14509,9.18037,6.87463],"rotation":{"angle":0,"axis":"x","origin":[8.00585,8.48037,6.37463]},"faces":{"north":{"uv":[9.625,9.75,9.5,10.125],"texture":"#0"},"east":{"uv":[4.5,9.5,4.25,9.875],"texture":"#0"},"south":{"uv":[9.875,9.5,9.75,9.875],"texture":"#0"},"west":{"uv":[4.75,9.5,4.5,9.875],"texture":"#0"},"up":{"uv":[5.75,10.125,6,10],"rotation":90,"texture":"#0"},"down":{"uv":[6.25,10,6.5,10.125],"rotation":270,"texture":"#0"}}},{"from":[7.86661,7.78037,5.87463],"to":[8.14509,9.18037,6.87463],"rotation":{"angle":22.5,"axis":"z","origin":[8.00585,8.48037,6.37463]},"faces":{"north":{"uv":[10.125,0.25,10,0.625],"texture":"#0"},"east":{"uv":[9.75,4.5,9.5,4.875],"texture":"#0"},"south":{"uv":[10.125,0.75,10,1.125],"texture":"#0"},"west":{"uv":[5,9.5,4.75,9.875],"texture":"#0"},"up":{"uv":[10,6.375,10.25,6.25],"rotation":90,"texture":"#0"},"down":{"uv":[10,6.5,10.25,6.625],"rotation":270,"texture":"#0"}}},{"from":[7.00625,8.28154,5.80149],"to":[9.00545,8.6792,6.26177],"rotation":{"angle":-45,"axis":"z","origin":[8.00585,8.48037,6.45149]},"faces":{"north":{"uv":[7.75,9.5,7.25,9.625],"texture":"#0"},"east":{"uv":[7.25,10,7,10.125],"texture":"#0"},"south":{"uv":[10,7.25,9.5,7.375],"texture":"#0"},"west":{"uv":[7.5,10,7.25,10.125],"texture":"#0"},"up":{"uv":[5.75,9.5,6,9],"rotation":90,"texture":"#0"},"down":{"uv":[6,9,6.25,9.5],"rotation":270,"texture":"#0"}}},{"from":[7.00625,8.28154,5.80149],"to":[9.00545,8.6792,6.26177],"rotation":{"angle":-22.5,"axis":"z","origin":[8.00585,8.48037,6.45149]},"faces":{"north":{"uv":[10,7.5,9.5,7.625],"texture":"#0"},"east":{"uv":[10.25,7.25,10,7.375],"texture":"#0"},"south":{"uv":[8.25,9.5,7.75,9.625],"texture":"#0"},"west":{"uv":[7.75,10,7.5,10.125],"texture":"#0"},"up":{"uv":[6.25,9.5,6.5,9],"rotation":90,"texture":"#0"},"down":{"uv":[7,9,7.25,9.5],"rotation":270,"texture":"#0"}}},{"from":[7.00625,8.28154,5.80149],"to":[9.00545,8.6792,6.26177],"rotation":{"angle":0,"axis":"x","origin":[8.00585,8.48037,6.45149]},"faces":{"north":{"uv":[8.75,9.5,8.25,9.625],"texture":"#0"},"east":{"uv":[10.25,7.5,10,7.625],"texture":"#0"},"south":{"uv":[9.25,9.5,8.75,9.625],"texture":"#0"},"west":{"uv":[8,10,7.75,10.125],"texture":"#0"},"up":{"uv":[7.25,9.5,7.5,9],"rotation":90,"texture":"#0"},"down":{"uv":[7.5,9,7.75,9.5],"rotation":270,"texture":"#0"}}},{"from":[7.00625,8.28154,5.80149],"to":[9.00545,8.6792,6.26177],"rotation":{"angle":22.5,"axis":"z","origin":[8.00585,8.48037,6.45149]},"faces":{"north":{"uv":[10,9,9.5,9.125],"texture":"#0"},"east":{"uv":[10.25,7.75,10,7.875],"texture":"#0"},"south":{"uv":[9.75,9.5,9.25,9.625],"texture":"#0"},"west":{"uv":[8.25,10,8,10.125],"texture":"#0"},"up":{"uv":[7.75,9.5,8,9],"rotation":90,"texture":"#0"},"down":{"uv":[8,9,8.25,9.5],"rotation":270,"texture":"#0"}}},{"from":[7.00625,8.28154,5.80149],"to":[9.00545,8.6792,6.26177],"rotation":{"angle":45,"axis":"z","origin":[8.00585,8.48037,6.45149]},"faces":{"north":{"uv":[10,9.25,9.5,9.375],"texture":"#0"},"east":{"uv":[10.25,8,10,8.125],"texture":"#0"},"south":{"uv":[10.25,0,9.75,0.125],"texture":"#0"},"west":{"uv":[8.5,10,8.25,10.125],"texture":"#0"},"up":{"uv":[8.25,9.5,8.5,9],"rotation":90,"texture":"#0"},"down":{"uv":[8.5,9,8.75,9.5],"rotation":270,"texture":"#0"}}},{"from":[7.80702,7.48077,5.80149],"to":[8.20468,9.47997,6.26177],"rotation":{"angle":-22.5,"axis":"z","origin":[8.00585,8.48037,6.45149]},"faces":{"north":{"uv":[9.875,0.25,9.75,0.75],"texture":"#0"},"east":{"uv":[9,9,8.75,9.5],"texture":"#0"},"south":{"uv":[0.625,9.75,0.5,10.25],"texture":"#0"},"west":{"uv":[9.25,9,9,9.5],"texture":"#0"},"up":{"uv":[10,8.375,10.25,8.25],"rotation":90,"texture":"#0"},"down":{"uv":[8.5,10,8.75,10.125],"rotation":270,"texture":"#0"}}},{"from":[7.80702,7.48077,5.80149],"to":[8.20468,9.47997,6.26177],"rotation":{"angle":0,"axis":"x","origin":[8.00585,8.48037,6.45149]},"faces":{"north":{"uv":[0.875,9.75,0.75,10.25],"texture":"#0"},"east":{"uv":[0.75,9.25,0.5,9.75],"texture":"#0"},"south":{"uv":[9.875,0.75,9.75,1.25],"texture":"#0"},"west":{"uv":[1,9.25,0.75,9.75],"texture":"#0"},"up":{"uv":[8.75,10.125,9,10],"rotation":90,"texture":"#0"},"down":{"uv":[9,10,9.25,10.125],"rotation":270,"texture":"#0"}}},{"from":[7.80702,7.48077,5.80149],"to":[8.20468,9.47997,6.26177],"rotation":{"angle":22.5,"axis":"z","origin":[8.00585,8.48037,6.45149]},"faces":{"north":{"uv":[1.125,9.75,1,10.25],"texture":"#0"},"east":{"uv":[1.25,9.25,1,9.75],"texture":"#0"},"south":{"uv":[1.375,9.75,1.25,10.25],"texture":"#0"},"west":{"uv":[1.5,9.25,1.25,9.75],"texture":"#0"},"up":{"uv":[10,9.125,10.25,9],"rotation":90,"texture":"#0"},"down":{"uv":[10,9.25,10.25,9.375],"rotation":270,"texture":"#0"}}},{"from":[7,7.5,5.5],"to":[9,9.5,5.5],"faces":{"north":{"uv":[0,0,16,16],"texture":"#1"},"east":{"uv":[0,0,0,0.5],"texture":"#missing"},"south":{"uv":[0,0,0,0],"texture":"#1"},"west":{"uv":[0,0,0,0.5],"texture":"#missing"},"up":{"uv":[0,0,0.5,0],"texture":"#missing"},"down":{"uv":[0,0,0.5,0],"texture":"#missing"}}}],"display":{"thirdperson_righthand":{"rotation":[75,45,0],"translation":[0,2.5,0],"scale":[0.375,0.375,0.375]},"thirdperson_lefthand":{"rotation":[75,45,0],"translation":[0,2.5,0],"scale":[0.375,0.375,0.375]},"firstperson_righthand":{"rotation":[0,119,0],"translation":[0.75,3,1.5],"scale":[0.4,0.4,0.4]},"firstperson_lefthand":{"rotation":[0,119,0],"translation":[0.75,3,1.5],"scale":[0.4,0.4,0.4]},"ground":{"translation":[0,0,-3.5]},"gui":{"rotation":[30,225,0],"translation":[1.5,-1.25,0],"scale":[0.8,0.8,0.8]},"head":{"translation":[0,4.75,-5.75],"scale":[1.82,1.82,1.82]}}}