{"textures":{"texture":"item/alch/glove"},"elements":[{"from":[5,-1.5,5],"to":[10.5,2.5,11],"faces":{"north":{"uv":[0,0,4,4],"texture":"#texture"},"east":{"uv":[4,0,8,4],"texture":"#texture"},"south":{"uv":[4,0,8,4],"texture":"#texture"},"west":{"uv":[4,4,8,8],"texture":"#texture"},"up":{"uv":[12,0,16,4],"texture":"#texture"},"down":{"uv":[8,0,12,4],"texture":"#texture"}}},{"from":[4.5,2.5,4.5],"to":[8.5,8,11.5],"faces":{"north":{"uv":[8,4,10,8],"texture":"#texture"},"east":{"uv":[12,4,16,8],"texture":"#texture"},"south":{"uv":[8,4,10,8],"texture":"#texture"},"west":{"uv":[8,4,12,8],"texture":"#texture"},"up":{"uv":[8,4.5,12,11.5],"texture":"#texture"},"down":{"uv":[14.5,12,16,8],"texture":"#texture"}}},{"from":[5.40014,7.0253,4.4999],"to":[9.40014,9.0253,11.5001],"rotation":{"angle":-22.5,"axis":"z","origin":[7.40014,9.7753,8]},"faces":{"north":{"uv":[8.125,6.625,10.125,7.375],"texture":"#texture"},"east":{"uv":[14.375,8.875,15.5,10],"texture":"#texture"},"south":{"uv":[8.125,5.125,10.25,5.75],"texture":"#texture"},"west":{"uv":[8,4,12,8],"texture":"#texture"},"up":{"uv":[8,4.5,12,11.5],"texture":"#texture"},"down":{"uv":[14.5,12,16,8],"texture":"#texture"}}},{"from":[7.19214,5.19611,4.4998],"to":[8.69214,9.19611,11.5002],"rotation":{"angle":45,"axis":"z","origin":[5.44214,7.19611,8]},"faces":{"north":{"uv":[8,5.625,10.125,6.75],"rotation":270,"texture":"#texture"},"east":{"uv":[8,4.5,12,11.5],"rotation":90,"texture":"#texture"},"south":{"uv":[8.125,5.25,10.125,5.875],"rotation":90,"texture":"#texture"},"west":{"uv":[14.5,12,16,8],"rotation":90,"texture":"#texture"},"up":{"uv":[8,4,12,8],"rotation":90,"texture":"#texture"},"down":{"uv":[14.25,8.5,15.75,9.75],"rotation":90,"texture":"#texture"}}},{"from":[7.11042,6.77365,4.4997],"to":[9.14848,10.58231,11.5003],"rotation":{"angle":22.5,"axis":"z","origin":[5.89848,8.77365,8]},"faces":{"north":{"uv":[8.125,5.25,10.25,6.25],"rotation":270,"texture":"#texture"},"east":{"uv":[8,4.5,12,11.5],"rotation":90,"texture":"#texture"},"south":{"uv":[8.125,4.875,10,5.375],"rotation":90,"texture":"#texture"},"west":{"uv":[14.5,12,16,8],"rotation":90,"texture":"#texture"},"up":{"uv":[8,4,12,8],"rotation":90,"texture":"#texture"},"down":{"uv":[14.375,8.25,15.875,9.25],"rotation":90,"texture":"#texture"}}},{"from":[8.20895,8.15635,4.4996],"to":[10.20895,11.68835,11.5004],"rotation":{"angle":0,"axis":"z","origin":[6.95895,9.68835,8]},"faces":{"north":{"uv":[8.125,5.125,10.375,6.125],"rotation":270,"texture":"#texture"},"east":{"uv":[8,4.5,12,11.5],"rotation":90,"texture":"#texture"},"south":{"uv":[8.25,4.5,10.125,5.125],"rotation":90,"texture":"#texture"},"west":{"uv":[14.5,12,16,8],"rotation":90,"texture":"#texture"},"up":{"uv":[8,4,12,8],"rotation":90,"texture":"#texture"},"down":{"uv":[14.25,9.25,15.25,10],"rotation":90,"texture":"#texture"}}},{"from":[9.3073,10.68315,4.4997],"to":[12.13573,13.51157,11.5003],"rotation":{"angle":-45,"axis":"z","origin":[7.5573,11.51157,8]},"faces":{"north":{"uv":[8,4.375,10.25,4.75],"rotation":270,"texture":"#texture"},"east":{"uv":[8,4.5,12,11.5],"rotation":90,"texture":"#texture"},"south":{"uv":[8.125,4.375,10.25,4.875],"rotation":90,"texture":"#texture"},"west":{"uv":[14.5,12,16,8],"rotation":90,"texture":"#texture"},"up":{"uv":[8,4,12,8],"rotation":90,"texture":"#texture"},"down":{"uv":[14.5,8.625,15.75,9.75],"rotation":90,"texture":"#texture"}}},{"from":[8.54402,4.96463,4.49996],"to":[11.15715,8.04703,11.49996],"rotation":{"angle":22.5,"axis":"z","origin":[7.5573,11.51157,8]},"faces":{"north":{"uv":[8.125,4,10,4.375],"rotation":180,"texture":"#texture"},"east":{"uv":[8,4,12,8],"rotation":180,"texture":"#texture"},"south":{"uv":[8.25,4,10,4.375],"rotation":180,"texture":"#texture"},"west":{"uv":[14.25,8.25,15.875,9.875],"rotation":180,"texture":"#texture"},"up":{"uv":[14.5,12,16,8],"rotation":180,"texture":"#texture"},"down":{"uv":[8.125,6.375,12,7.875],"rotation":270,"texture":"#texture"}}},{"from":[8,2.5,4],"to":[10.5,6,5],"rotation":{"angle":-22.5,"axis":"z","origin":[8,2.5,4]},"faces":{"north":{"uv":[0,4,1.5,7],"texture":"#texture"},"east":{"uv":[0.5,4,1.5,7],"texture":"#texture"},"south":{"uv":[2,4,4,7],"texture":"#texture"},"west":{"uv":[0,4,1,7],"texture":"#texture"},"up":{"uv":[0,4,1.5,5],"texture":"#texture"},"down":{"uv":[0,6,1.5,7],"texture":"#texture"}}}],"display":{"thirdperson_righthand":{"rotation":[-90,180,0],"translation":[-0.25,-2,-4],"scale":[0.85,0.6,0.7]},"thirdperson_lefthand":{"rotation":[-90,180,0],"translation":[-11.75,-2,-4],"scale":[0.85,0.6,0.7]},"firstperson_righthand":{"rotation":[-29,180,0],"translation":[0,4,0],"scale":[0.6,0.6,0.6]},"firstperson_lefthand":{"rotation":[-29,180,0],"translation":[-19,4,0],"scale":[0.6,0.6,0.6]},"ground":{"translation":[0,2,0],"scale":[0.5,0.5,0.5]},"gui":{"rotation":[30,145,-45],"translation":[-1,1,0],"scale":[0.625,0.625,0.625]}}}