{"texture_size":[64,64],"textures":{"0":"item/alch/gpe","particle":"item/alch/gpe"},"elements":[{"from":[7,10.5,7.80109],"to":[9,17.5,8.19891],"rotation":{"angle":-45,"axis":"y","origin":[8,16,8]},"faces":{"north":{"uv":[0,0,0.5,1.75],"texture":"#0"},"east":{"uv":[6,6.25,6.25,8],"texture":"#0"},"south":{"uv":[0.5,0,1,1.75],"texture":"#0"},"west":{"uv":[6.25,6.25,6.5,8],"texture":"#0"},"up":{"uv":[8.5,5.25,8,5],"texture":"#0"},"down":{"uv":[10,4.5,9.5,4.75],"texture":"#0"}}},{"from":[7,10.5,7.80109],"to":[9,17.5,8.19891],"rotation":{"angle":-22.5,"axis":"y","origin":[8,16,8]},"faces":{"north":{"uv":[1,0,1.5,1.75],"texture":"#0"},"east":{"uv":[0,6.5,0.25,8.25],"texture":"#0"},"south":{"uv":[1.5,0,2,1.75],"texture":"#0"},"west":{"uv":[6.5,0,6.75,1.75],"texture":"#0"},"up":{"uv":[10,5,9.5,4.75],"texture":"#0"},"down":{"uv":[10,5,9.5,5.25],"texture":"#0"}}},{"from":[7,10.5,7.80109],"to":[9,17.5,8.19891],"rotation":{"angle":0,"axis":"y","origin":[8,16,8]},"faces":{"north":{"uv":[0,1.75,0.5,3.5],"texture":"#0"},"east":{"uv":[0.25,6.5,0.5,8.25],"texture":"#0"},"south":{"uv":[0.5,1.75,1,3.5],"texture":"#0"},"west":{"uv":[0.5,6.5,0.75,8.25],"texture":"#0"},"up":{"uv":[10,5.5,9.5,5.25],"texture":"#0"},"down":{"uv":[10,5.5,9.5,5.75],"texture":"#0"}}},{"from":[7,10.5,7.80109],"to":[9,17.5,8.19891],"rotation":{"angle":22.5,"axis":"y","origin":[8,16,8]},"faces":{"north":{"uv":[1,1.75,1.5,3.5],"texture":"#0"},"east":{"uv":[0.75,6.5,1,8.25],"texture":"#0"},"south":{"uv":[1.5,1.75,2,3.5],"texture":"#0"},"west":{"uv":[1,6.5,1.25,8.25],"texture":"#0"},"up":{"uv":[10,6,9.5,5.75],"texture":"#0"},"down":{"uv":[10,6,9.5,6.25],"texture":"#0"}}},{"from":[7,10.5,7.80109],"to":[9,17.5,8.19891],"rotation":{"angle":45,"axis":"y","origin":[8,16,8]},"faces":{"north":{"uv":[2,0,2.5,1.75],"texture":"#0"},"east":{"uv":[1.25,6.5,1.5,8.25],"texture":"#0"},"south":{"uv":[2,1.75,2.5,3.5],"texture":"#0"},"west":{"uv":[6.5,1.75,6.75,3.5],"texture":"#0"},"up":{"uv":[10,6.5,9.5,6.25],"texture":"#0"},"down":{"uv":[10,6.5,9.5,6.75],"texture":"#0"}}},{"from":[7.80109,10.5,7],"to":[8.19891,17.5,9],"rotation":{"angle":-22.5,"axis":"y","origin":[8,16,8]},"faces":{"north":{"uv":[6.5,3.5,6.75,5.25],"texture":"#0"},"east":{"uv":[2.5,0,3,1.75],"texture":"#0"},"south":{"uv":[6.5,5.25,6.75,7],"texture":"#0"},"west":{"uv":[2.5,1.75,3,3.5],"texture":"#0"},"up":{"uv":[6,10,5.75,9.5],"texture":"#0"},"down":{"uv":[9.75,6.75,9.5,7.25],"texture":"#0"}}},{"from":[7.80109,10.5,7],"to":[8.19891,17.5,9],"rotation":{"angle":0,"axis":"y","origin":[8,16,8]},"faces":{"north":{"uv":[6.75,0,7,1.75],"texture":"#0"},"east":{"uv":[3,0,3.5,1.75],"texture":"#0"},"south":{"uv":[6.75,1.75,7,3.5],"texture":"#0"},"west":{"uv":[3,1.75,3.5,3.5],"texture":"#0"},"up":{"uv":[7.5,10,7.25,9.5],"texture":"#0"},"down":{"uv":[9.75,7.25,9.5,7.75],"texture":"#0"}}},{"from":[7.80109,10.5,7],"to":[8.19891,17.5,9],"rotation":{"angle":22.5,"axis":"y","origin":[8,16,8]},"faces":{"north":{"uv":[3.5,6.75,3.75,8.5],"texture":"#0"},"east":{"uv":[0,3.5,0.5,5.25],"texture":"#0"},"south":{"uv":[6.75,3.5,7,5.25],"texture":"#0"},"west":{"uv":[3.5,0,4,1.75],"texture":"#0"},"up":{"uv":[9.75,8.25,9.5,7.75],"texture":"#0"},"down":{"uv":[8.25,9.5,8,10],"texture":"#0"}}},{"from":[7.1,17.122,7.82098],"to":[8.9,17.622,8.17902],"rotation":{"angle":-45,"axis":"y","origin":[8,17.622,8]},"faces":{"north":{"uv":[8.25,9.5,8.75,9.75],"texture":"#0"},"east":{"uv":[3,10.5,3.25,10.75],"texture":"#0"},"south":{"uv":[9.5,8.25,10,8.5],"texture":"#0"},"west":{"uv":[6.25,10.5,6.5,10.75],"texture":"#0"},"up":{"uv":[10,8.75,9.5,8.5],"texture":"#0"},"down":{"uv":[10,8.75,9.5,9],"texture":"#0"}}},{"from":[7.1,17.122,7.82098],"to":[8.9,17.622,8.17902],"rotation":{"angle":-22.5,"axis":"y","origin":[8,17.622,8]},"faces":{"north":{"uv":[9.5,9,10,9.25],"texture":"#0"},"east":{"uv":[7.25,10.5,7.5,10.75],"texture":"#0"},"south":{"uv":[9.5,9.25,10,9.5],"texture":"#0"},"west":{"uv":[9.25,10.5,9.5,10.75],"texture":"#0"},"up":{"uv":[10,9.75,9.5,9.5],"texture":"#0"},"down":{"uv":[10.25,0,9.75,0.25],"texture":"#0"}}},{"from":[7.1,17.122,7.82098],"to":[8.9,17.622,8.17902],"rotation":{"angle":0,"axis":"y","origin":[8,17.622,8]},"faces":{"north":{"uv":[9.75,0.25,10.25,0.5],"texture":"#0"},"east":{"uv":[10.5,9.25,10.75,9.5],"texture":"#0"},"south":{"uv":[9.75,0.5,10.25,0.75],"texture":"#0"},"west":{"uv":[9.5,10.5,9.75,10.75],"texture":"#0"},"up":{"uv":[10.25,1,9.75,0.75],"texture":"#0"},"down":{"uv":[10.25,1,9.75,1.25],"texture":"#0"}}},{"from":[7.1,17.122,7.82098],"to":[8.9,17.622,8.17902],"rotation":{"angle":22.5,"axis":"y","origin":[8,17.622,8]},"faces":{"north":{"uv":[9.75,1.25,10.25,1.5],"texture":"#0"},"east":{"uv":[10.5,9.5,10.75,9.75],"texture":"#0"},"south":{"uv":[9.75,1.5,10.25,1.75],"texture":"#0"},"west":{"uv":[9.75,10.5,10,10.75],"texture":"#0"},"up":{"uv":[10.25,2,9.75,1.75],"texture":"#0"},"down":{"uv":[10.25,2,9.75,2.25],"texture":"#0"}}},{"from":[7.1,17.122,7.82098],"to":[8.9,17.622,8.17902],"rotation":{"angle":45,"axis":"y","origin":[8,17.622,8]},"faces":{"north":{"uv":[9.75,2.25,10.25,2.5],"texture":"#0"},"east":{"uv":[10,10.5,10.25,10.75],"texture":"#0"},"south":{"uv":[9.75,2.5,10.25,2.75],"texture":"#0"},"west":{"uv":[10.5,10,10.75,10.25],"texture":"#0"},"up":{"uv":[10.25,3,9.75,2.75],"texture":"#0"},"down":{"uv":[10.25,3,9.75,3.25],"texture":"#0"}}},{"from":[7.82098,17.122,7.1],"to":[8.17902,17.622,8.9],"rotation":{"angle":-22.5,"axis":"y","origin":[8,17.622,8]},"faces":{"north":{"uv":[10.25,10.5,10.5,10.75],"texture":"#0"},"east":{"uv":[9.75,3.25,10.25,3.5],"texture":"#0"},"south":{"uv":[10.5,10.5,10.75,10.75],"texture":"#0"},"west":{"uv":[9.75,3.5,10.25,3.75],"texture":"#0"},"up":{"uv":[3.75,10.25,3.5,9.75],"texture":"#0"},"down":{"uv":[10,3.75,9.75,4.25],"texture":"#0"}}},{"from":[7.82098,17.122,7.1],"to":[8.17902,17.622,8.9],"rotation":{"angle":0,"axis":"y","origin":[8,17.622,8]},"faces":{"north":{"uv":[0,10.75,0.25,11],"texture":"#0"},"east":{"uv":[4,9.75,4.5,10],"texture":"#0"},"south":{"uv":[0.25,10.75,0.5,11],"texture":"#0"},"west":{"uv":[9.75,4.25,10.25,4.5],"texture":"#0"},"up":{"uv":[4.75,10.25,4.5,9.75],"texture":"#0"},"down":{"uv":[5,9.75,4.75,10.25],"texture":"#0"}}},{"from":[7.82098,17.122,7.1],"to":[8.17902,17.622,8.9],"rotation":{"angle":22.5,"axis":"y","origin":[8,17.622,8]},"faces":{"north":{"uv":[0.5,10.75,0.75,11],"texture":"#0"},"east":{"uv":[5,9.75,5.5,10],"texture":"#0"},"south":{"uv":[0.75,10.75,1,11],"texture":"#0"},"west":{"uv":[9.75,6.75,10.25,7],"texture":"#0"},"up":{"uv":[5.75,10.25,5.5,9.75],"texture":"#0"},"down":{"uv":[6.75,9.75,6.5,10.25],"texture":"#0"}}},{"from":[7.19,17.519,7.83888],"to":[8.81,17.719,8.16112],"rotation":{"angle":-45,"axis":"y","origin":[8,17.969,8]},"faces":{"north":{"uv":[9.75,7,10.25,7.25],"texture":"#0"},"east":{"uv":[1,10.75,1.25,11],"texture":"#0"},"south":{"uv":[9.75,7.25,10.25,7.5],"texture":"#0"},"west":{"uv":[10.75,1,11,1.25],"texture":"#0"},"up":{"uv":[8,10,7.5,9.75],"texture":"#0"},"down":{"uv":[10.25,7.5,9.75,7.75],"texture":"#0"}}},{"from":[7.271,17.619,7.85499],"to":[8.729,17.799,8.14501],"rotation":{"angle":-45,"axis":"y","origin":[8,18.024,8]},"faces":{"north":{"uv":[3.5,10.75,3.75,11],"texture":"#0"},"east":{"uv":[10.75,3.5,11,3.75],"texture":"#0"},"south":{"uv":[3.75,10.75,4,11],"texture":"#0"},"west":{"uv":[4,10.75,4.25,11],"texture":"#0"},"up":{"uv":[4.5,11,4.25,10.75],"texture":"#0"},"down":{"uv":[11,4.25,10.75,4.5],"texture":"#0"}}},{"from":[7.3439,17.692,7.86949],"to":[8.6561,17.854,8.13051],"rotation":{"angle":-45,"axis":"y","origin":[8,18.0565,8]},"faces":{"north":{"uv":[5.25,11,5.5,11.25],"texture":"#0"},"east":{"uv":[11,5.25,11.25,5.5],"texture":"#0"},"south":{"uv":[5.5,11,5.75,11.25],"texture":"#0"},"west":{"uv":[11,5.5,11.25,5.75],"texture":"#0"},"up":{"uv":[6,11.25,5.75,11],"texture":"#0"},"down":{"uv":[11.25,5.75,11,6],"texture":"#0"}}},{"from":[7.19,17.519,7.83888],"to":[8.81,17.719,8.16112],"rotation":{"angle":-22.5,"axis":"y","origin":[8,17.969,8]},"faces":{"north":{"uv":[9.75,7.75,10.25,8],"texture":"#0"},"east":{"uv":[1.25,10.75,1.5,11],"texture":"#0"},"south":{"uv":[9.75,8,10.25,8.25],"texture":"#0"},"west":{"uv":[10.75,1.25,11,1.5],"texture":"#0"},"up":{"uv":[8.75,10,8.25,9.75],"texture":"#0"},"down":{"uv":[9.75,9.75,9.25,10],"texture":"#0"}}},{"from":[7.271,17.619,7.85499],"to":[8.729,17.799,8.14501],"rotation":{"angle":-22.5,"axis":"y","origin":[8,18.024,8]},"faces":{"north":{"uv":[4.5,10.75,4.75,11],"texture":"#0"},"east":{"uv":[4.75,10.75,5,11],"texture":"#0"},"south":{"uv":[5,10.75,5.25,11],"texture":"#0"},"west":{"uv":[5.25,10.75,5.5,11],"texture":"#0"},"up":{"uv":[5.75,11,5.5,10.75],"texture":"#0"},"down":{"uv":[6,10.75,5.75,11],"texture":"#0"}}},{"from":[7.3439,17.692,7.86949],"to":[8.6561,17.854,8.13051],"rotation":{"angle":-22.5,"axis":"y","origin":[8,18.0565,8]},"faces":{"north":{"uv":[6,11,6.25,11.25],"texture":"#0"},"east":{"uv":[11,6,11.25,6.25],"texture":"#0"},"south":{"uv":[6.25,11,6.5,11.25],"texture":"#0"},"west":{"uv":[11,6.25,11.25,6.5],"texture":"#0"},"up":{"uv":[6.75,11.25,6.5,11],"texture":"#0"},"down":{"uv":[11.25,6.5,11,6.75],"texture":"#0"}}},{"from":[7.19,17.519,7.83888],"to":[8.81,17.719,8.16112],"rotation":{"angle":0,"axis":"y","origin":[8,17.969,8]},"faces":{"north":{"uv":[9.75,9.75,10.25,10],"texture":"#0"},"east":{"uv":[1.5,10.75,1.75,11],"texture":"#0"},"south":{"uv":[1.5,10,2,10.25],"texture":"#0"},"west":{"uv":[10.75,1.5,11,1.75],"texture":"#0"},"up":{"uv":[2.5,10.25,2,10],"texture":"#0"},"down":{"uv":[3,10,2.5,10.25],"texture":"#0"}}},{"from":[7.271,17.619,7.85499],"to":[8.729,17.799,8.14501],"rotation":{"angle":0,"axis":"y","origin":[8,18.024,8]},"faces":{"north":{"uv":[10.75,5.75,11,6],"texture":"#0"},"east":{"uv":[6,10.75,6.25,11],"texture":"#0"},"south":{"uv":[10.75,6,11,6.25],"texture":"#0"},"west":{"uv":[6.25,10.75,6.5,11],"texture":"#0"},"up":{"uv":[6.75,11,6.5,10.75],"texture":"#0"},"down":{"uv":[7,10.75,6.75,11],"texture":"#0"}}},{"from":[7.3439,17.692,7.86949],"to":[8.6561,17.854,8.13051],"rotation":{"angle":0,"axis":"y","origin":[8,18.0565,8]},"faces":{"north":{"uv":[0.75,11,1,11.25],"texture":"#0"},"east":{"uv":[11,0.75,11.25,1],"texture":"#0"},"south":{"uv":[1,11,1.25,11.25],"texture":"#0"},"west":{"uv":[11,1,11.25,1.25],"texture":"#0"},"up":{"uv":[1.5,11.25,1.25,11],"texture":"#0"},"down":{"uv":[11.25,1.25,11,1.5],"texture":"#0"}}},{"from":[7.19,17.519,7.83888],"to":[8.81,17.719,8.16112],"rotation":{"angle":22.5,"axis":"y","origin":[8,17.969,8]},"faces":{"north":{"uv":[10,3.75,10.5,4],"texture":"#0"},"east":{"uv":[1.75,10.75,2,11],"texture":"#0"},"south":{"uv":[4,10,4.5,10.25],"texture":"#0"},"west":{"uv":[10.75,1.75,11,2],"texture":"#0"},"up":{"uv":[10.5,4.25,10,4],"texture":"#0"},"down":{"uv":[10.5,4.5,10,4.75],"texture":"#0"}}},{"from":[7.271,17.619,7.85499],"to":[8.729,17.799,8.14501],"rotation":{"angle":22.5,"axis":"y","origin":[8,18.024,8]},"faces":{"north":{"uv":[10.75,6.75,11,7],"texture":"#0"},"east":{"uv":[7,10.75,7.25,11],"texture":"#0"},"south":{"uv":[7.25,10.75,7.5,11],"texture":"#0"},"west":{"uv":[7.5,10.75,7.75,11],"texture":"#0"},"up":{"uv":[8,11,7.75,10.75],"texture":"#0"},"down":{"uv":[8.25,10.75,8,11],"texture":"#0"}}},{"from":[7.3439,17.692,7.86949],"to":[8.6561,17.854,8.13051],"rotation":{"angle":22.5,"axis":"y","origin":[8,18.0565,8]},"faces":{"north":{"uv":[1.5,11,1.75,11.25],"texture":"#0"},"east":{"uv":[11,1.5,11.25,1.75],"texture":"#0"},"south":{"uv":[1.75,11,2,11.25],"texture":"#0"},"west":{"uv":[11,1.75,11.25,2],"texture":"#0"},"up":{"uv":[2.25,11.25,2,11],"texture":"#0"},"down":{"uv":[11.25,2,11,2.25],"texture":"#0"}}},{"from":[7.19,17.519,7.83888],"to":[8.81,17.719,8.16112],"rotation":{"angle":45,"axis":"y","origin":[8,17.969,8]},"faces":{"north":{"uv":[10,4.75,10.5,5],"texture":"#0"},"east":{"uv":[2,10.75,2.25,11],"texture":"#0"},"south":{"uv":[5,10,5.5,10.25],"texture":"#0"},"west":{"uv":[10.75,2,11,2.25],"texture":"#0"},"up":{"uv":[10.5,5.25,10,5],"texture":"#0"},"down":{"uv":[10.5,5.25,10,5.5],"texture":"#0"}}},{"from":[7.271,17.619,7.85499],"to":[8.729,17.799,8.14501],"rotation":{"angle":45,"axis":"y","origin":[8,18.024,8]},"faces":{"north":{"uv":[10.75,9.25,11,9.5],"texture":"#0"},"east":{"uv":[9.5,10.75,9.75,11],"texture":"#0"},"south":{"uv":[10.75,9.5,11,9.75],"texture":"#0"},"west":{"uv":[9.75,10.75,10,11],"texture":"#0"},"up":{"uv":[11,10,10.75,9.75],"texture":"#0"},"down":{"uv":[10.25,10.75,10,11],"texture":"#0"}}},{"from":[7.3439,17.692,7.86949],"to":[8.6561,17.854,8.13051],"rotation":{"angle":45,"axis":"y","origin":[8,18.0565,8]},"faces":{"north":{"uv":[2.25,11,2.5,11.25],"texture":"#0"},"east":{"uv":[11,2.25,11.25,2.5],"texture":"#0"},"south":{"uv":[2.5,11,2.75,11.25],"texture":"#0"},"west":{"uv":[11,2.5,11.25,2.75],"texture":"#0"},"up":{"uv":[3,11.25,2.75,11],"texture":"#0"},"down":{"uv":[11.25,2.75,11,3],"texture":"#0"}}},{"from":[7.83888,17.519,7.19],"to":[8.16112,17.719,8.81],"rotation":{"angle":-22.5,"axis":"y","origin":[8,17.969,8]},"faces":{"north":{"uv":[2.25,10.75,2.5,11],"texture":"#0"},"east":{"uv":[10,5.5,10.5,5.75],"texture":"#0"},"south":{"uv":[10.75,2.25,11,2.5],"texture":"#0"},"west":{"uv":[5.75,10,6.25,10.25],"texture":"#0"},"up":{"uv":[3.25,10.5,3,10],"texture":"#0"},"down":{"uv":[10.25,5.75,10,6.25],"texture":"#0"}}},{"from":[7.85499,17.619,7.271],"to":[8.14501,17.799,8.729],"rotation":{"angle":-22.5,"axis":"y","origin":[8,18.024,8]},"faces":{"north":{"uv":[10.75,8,11,8.25],"texture":"#0"},"east":{"uv":[8.25,10.75,8.5,11],"texture":"#0"},"south":{"uv":[8.5,10.75,8.75,11],"texture":"#0"},"west":{"uv":[8.75,10.75,9,11],"texture":"#0"},"up":{"uv":[9.25,11,9,10.75],"texture":"#0"},"down":{"uv":[9.5,10.75,9.25,11],"texture":"#0"}}},{"from":[7.86949,17.692,7.3439],"to":[8.13051,17.854,8.6561],"rotation":{"angle":-22.5,"axis":"y","origin":[8,18.0565,8]},"faces":{"north":{"uv":[3.75,11,4,11.25],"texture":"#0"},"east":{"uv":[11,3.75,11.25,4],"texture":"#0"},"south":{"uv":[4,11,4.25,11.25],"texture":"#0"},"west":{"uv":[11,4,11.25,4.25],"texture":"#0"},"up":{"uv":[4.5,11.25,4.25,11],"texture":"#0"},"down":{"uv":[11.25,4.25,11,4.5],"texture":"#0"}}},{"from":[7.83888,17.519,7.19],"to":[8.16112,17.719,8.81],"rotation":{"angle":0,"axis":"y","origin":[8,17.969,8]},"faces":{"north":{"uv":[2.5,10.75,2.75,11],"texture":"#0"},"east":{"uv":[10,6.25,10.5,6.5],"texture":"#0"},"south":{"uv":[2.75,10.75,3,11],"texture":"#0"},"west":{"uv":[10,6.5,10.5,6.75],"texture":"#0"},"up":{"uv":[6.5,10.5,6.25,10],"texture":"#0"},"down":{"uv":[7,10,6.75,10.5],"texture":"#0"}}},{"from":[7.85499,17.619,7.271],"to":[8.14501,17.799,8.729],"rotation":{"angle":0,"axis":"y","origin":[8,18.024,8]},"faces":{"north":{"uv":[0,11,0.25,11.25],"texture":"#0"},"east":{"uv":[11,0,11.25,0.25],"texture":"#0"},"south":{"uv":[0.25,11,0.5,11.25],"texture":"#0"},"west":{"uv":[11,0.25,11.25,0.5],"texture":"#0"},"up":{"uv":[0.75,11.25,0.5,11],"texture":"#0"},"down":{"uv":[11.25,0.5,11,0.75],"texture":"#0"}}},{"from":[7.86949,17.692,7.3439],"to":[8.13051,17.854,8.6561],"rotation":{"angle":0,"axis":"y","origin":[8,18.0565,8]},"faces":{"north":{"uv":[3,11,3.25,11.25],"texture":"#0"},"east":{"uv":[11,3,11.25,3.25],"texture":"#0"},"south":{"uv":[3.25,11,3.5,11.25],"texture":"#0"},"west":{"uv":[11,3.25,11.25,3.5],"texture":"#0"},"up":{"uv":[3.75,11.25,3.5,11],"texture":"#0"},"down":{"uv":[11.25,3.5,11,3.75],"texture":"#0"}}},{"from":[7.83888,17.519,7.19],"to":[8.16112,17.719,8.81],"rotation":{"angle":22.5,"axis":"y","origin":[8,17.969,8]},"faces":{"north":{"uv":[3,10.75,3.25,11],"texture":"#0"},"east":{"uv":[7,10,7.5,10.25],"texture":"#0"},"south":{"uv":[3.25,10.75,3.5,11],"texture":"#0"},"west":{"uv":[7.5,10,8,10.25],"texture":"#0"},"up":{"uv":[8.25,10.5,8,10],"texture":"#0"},"down":{"uv":[8.5,10,8.25,10.5],"texture":"#0"}}},{"from":[7.85499,17.619,7.271],"to":[8.14501,17.799,8.729],"rotation":{"angle":22.5,"axis":"y","origin":[8,18.024,8]},"faces":{"north":{"uv":[10.75,10,11,10.25],"texture":"#0"},"east":{"uv":[10.25,10.75,10.5,11],"texture":"#0"},"south":{"uv":[10.75,10.25,11,10.5],"texture":"#0"},"west":{"uv":[10.5,10.75,10.75,11],"texture":"#0"},"up":{"uv":[11,10.75,10.75,10.5],"texture":"#0"},"down":{"uv":[11,10.75,10.75,11],"texture":"#0"}}},{"from":[7.86949,17.692,7.3439],"to":[8.13051,17.854,8.6561],"rotation":{"angle":22.5,"axis":"y","origin":[8,18.0565,8]},"faces":{"north":{"uv":[4.5,11,4.75,11.25],"texture":"#0"},"east":{"uv":[11,4.5,11.25,4.75],"texture":"#0"},"south":{"uv":[4.75,11,5,11.25],"texture":"#0"},"west":{"uv":[11,4.75,11.25,5],"texture":"#0"},"up":{"uv":[5.25,11.25,5,11],"texture":"#0"},"down":{"uv":[11.25,5,11,5.25],"texture":"#0"}}},{"from":[7.05,6.175,7.81103],"to":[8.95,10.825,8.18897],"rotation":{"angle":-45,"axis":"y","origin":[8,9.4,8]},"faces":{"north":{"uv":[1.5,3.5,2,4.75],"texture":"#0"},"east":{"uv":[5.75,7.5,6,8.75],"texture":"#0"},"south":{"uv":[3.5,1.75,4,3],"texture":"#0"},"west":{"uv":[7.5,7.25,7.75,8.5],"texture":"#0"},"up":{"uv":[10.5,8.5,10,8.25],"texture":"#0"},"down":{"uv":[9,10,8.5,10.25],"texture":"#0"}}},{"from":[7.05,6.175,7.81103],"to":[8.95,10.825,8.18897],"rotation":{"angle":-22.5,"axis":"y","origin":[8,9.4,8]},"faces":{"north":{"uv":[2,3.5,2.5,4.75],"texture":"#0"},"east":{"uv":[7.75,0,8,1.25],"texture":"#0"},"south":{"uv":[2.5,3.5,3,4.75],"texture":"#0"},"west":{"uv":[7.75,1.25,8,2.5],"texture":"#0"},"up":{"uv":[10.5,8.75,10,8.5],"texture":"#0"},"down":{"uv":[10.5,8.75,10,9],"texture":"#0"}}},{"from":[7.05,6.175,7.81103],"to":[8.95,10.825,8.18897],"rotation":{"angle":0,"axis":"y","origin":[8,9.4,8]},"faces":{"north":{"uv":[3,3.5,3.5,4.75],"texture":"#0"},"east":{"uv":[7.75,2.5,8,3.75],"texture":"#0"},"south":{"uv":[3.5,3,4,4.25],"texture":"#0"},"west":{"uv":[7.75,7.25,8,8.5],"texture":"#0"},"up":{"uv":[9.5,10.25,9,10],"texture":"#0"},"down":{"uv":[10.5,9,10,9.25],"texture":"#0"}}},{"from":[7.05,6.175,7.81103],"to":[8.95,10.825,8.18897],"rotation":{"angle":22.5,"axis":"y","origin":[8,9.4,8]},"faces":{"north":{"uv":[4,0,4.5,1.25],"texture":"#0"},"east":{"uv":[8,0,8.25,1.25],"texture":"#0"},"south":{"uv":[4,1.25,4.5,2.5],"texture":"#0"},"west":{"uv":[8,1.25,8.25,2.5],"texture":"#0"},"up":{"uv":[10.5,9.5,10,9.25],"texture":"#0"},"down":{"uv":[10,10,9.5,10.25],"texture":"#0"}}},{"from":[7.05,6.175,7.81103],"to":[8.95,10.825,8.18897],"rotation":{"angle":45,"axis":"y","origin":[8,9.4,8]},"faces":{"north":{"uv":[4,2.5,4.5,3.75],"texture":"#0"},"east":{"uv":[8,2.5,8.25,3.75],"texture":"#0"},"south":{"uv":[4,3.75,4.5,5],"texture":"#0"},"west":{"uv":[8,3.75,8.25,5],"texture":"#0"},"up":{"uv":[10.5,9.75,10,9.5],"texture":"#0"},"down":{"uv":[10.5,10,10,10.25],"texture":"#0"}}},{"from":[7.81103,6.175,7.05],"to":[8.18897,10.825,8.95],"rotation":{"angle":-22.5,"axis":"y","origin":[8,9.4,8]},"faces":{"north":{"uv":[8,5.75,8.25,7],"texture":"#0"},"east":{"uv":[3.5,4.25,4,5.5],"texture":"#0"},"south":{"uv":[6,8,6.25,9.25],"texture":"#0"},"west":{"uv":[4.5,0,5,1.25],"texture":"#0"},"up":{"uv":[0.25,10.75,0,10.25],"texture":"#0"},"down":{"uv":[10.5,0,10.25,0.5],"texture":"#0"}}},{"from":[7.81103,6.175,7.05],"to":[8.18897,10.825,8.95],"rotation":{"angle":0,"axis":"y","origin":[8,9.4,8]},"faces":{"north":{"uv":[6.25,8,6.5,9.25],"texture":"#0"},"east":{"uv":[4.5,1.25,5,2.5],"texture":"#0"},"south":{"uv":[8,7,8.25,8.25],"texture":"#0"},"west":{"uv":[4.5,2.5,5,3.75],"texture":"#0"},"up":{"uv":[0.5,10.75,0.25,10.25],"texture":"#0"},"down":{"uv":[0.75,10.25,0.5,10.75],"texture":"#0"}}},{"from":[7.81103,6.175,7.05],"to":[8.18897,10.825,8.95],"rotation":{"angle":22.5,"axis":"y","origin":[8,9.4,8]},"faces":{"north":{"uv":[0,8.25,0.25,9.5],"texture":"#0"},"east":{"uv":[4.5,3.75,5,5],"texture":"#0"},"south":{"uv":[8.25,0,8.5,1.25],"texture":"#0"},"west":{"uv":[1.5,4.75,2,6],"texture":"#0"},"up":{"uv":[10.5,1,10.25,0.5],"texture":"#0"},"down":{"uv":[1,10.25,0.75,10.75],"texture":"#0"}}},{"from":[7.145,1.6325,7.82993],"to":[8.855,6.3675,8.17007],"rotation":{"angle":-45,"axis":"y","origin":[8,5.535,8]},"faces":{"north":{"uv":[2,4.75,2.5,6],"texture":"#0"},"east":{"uv":[0.25,8.25,0.5,9.5],"texture":"#0"},"south":{"uv":[2.5,4.75,3,6],"texture":"#0"},"west":{"uv":[0.5,8.25,0.75,9.5],"texture":"#0"},"up":{"uv":[1.5,10.5,1,10.25],"texture":"#0"},"down":{"uv":[10.75,1,10.25,1.25],"texture":"#0"}}},{"from":[7.145,1.6325,7.82993],"to":[8.855,6.3675,8.17007],"rotation":{"angle":-22.5,"axis":"y","origin":[8,5.535,8]},"faces":{"north":{"uv":[3,4.75,3.5,6],"texture":"#0"},"east":{"uv":[0.75,8.25,1,9.5],"texture":"#0"},"south":{"uv":[5,0,5.5,1.25],"texture":"#0"},"west":{"uv":[1,8.25,1.25,9.5],"texture":"#0"},"up":{"uv":[10.75,1.5,10.25,1.25],"texture":"#0"},"down":{"uv":[2,10.25,1.5,10.5],"texture":"#0"}}},{"from":[7.145,1.6325,7.82993],"to":[8.855,6.3675,8.17007],"rotation":{"angle":0,"axis":"y","origin":[8,5.535,8]},"faces":{"north":{"uv":[5,1.25,5.5,2.5],"texture":"#0"},"east":{"uv":[1.25,8.25,1.5,9.5],"texture":"#0"},"south":{"uv":[5,2.5,5.5,3.75],"texture":"#0"},"west":{"uv":[8.25,1.25,8.5,2.5],"texture":"#0"},"up":{"uv":[10.75,1.75,10.25,1.5],"texture":"#0"},"down":{"uv":[10.75,1.75,10.25,2],"texture":"#0"}}},{"from":[7.145,1.6325,7.82993],"to":[8.855,6.3675,8.17007],"rotation":{"angle":22.5,"axis":"y","origin":[8,5.535,8]},"faces":{"north":{"uv":[5,3.75,5.5,5],"texture":"#0"},"east":{"uv":[8.25,2.5,8.5,3.75],"texture":"#0"},"south":{"uv":[4,5,4.5,6.25],"texture":"#0"},"west":{"uv":[3.75,8.25,4,9.5],"texture":"#0"},"up":{"uv":[2.5,10.5,2,10.25],"texture":"#0"},"down":{"uv":[10.75,2,10.25,2.25],"texture":"#0"}}},{"from":[7.145,1.6325,7.82993],"to":[8.855,6.3675,8.17007],"rotation":{"angle":45,"axis":"y","origin":[8,5.535,8]},"faces":{"north":{"uv":[4.5,5,5,6.25],"texture":"#0"},"east":{"uv":[8.25,3.75,8.5,5],"texture":"#0"},"south":{"uv":[5,5,5.5,6.25],"texture":"#0"},"west":{"uv":[8.25,5.75,8.5,7],"texture":"#0"},"up":{"uv":[10.75,2.5,10.25,2.25],"texture":"#0"},"down":{"uv":[3,10.25,2.5,10.5],"texture":"#0"}}},{"from":[7.82993,1.6325,7.145],"to":[8.17007,6.3675,8.855],"rotation":{"angle":-22.5,"axis":"y","origin":[8,5.535,8]},"faces":{"north":{"uv":[8.25,7,8.5,8.25],"texture":"#0"},"east":{"uv":[0,5.25,0.5,6.5],"texture":"#0"},"south":{"uv":[8,8.25,8.25,9.5],"texture":"#0"},"west":{"uv":[0.5,5.25,1,6.5],"texture":"#0"},"up":{"uv":[10.5,3,10.25,2.5],"texture":"#0"},"down":{"uv":[10.5,3,10.25,3.5],"texture":"#0"}}},{"from":[7.82993,1.6325,7.145],"to":[8.17007,6.3675,8.855],"rotation":{"angle":0,"axis":"y","origin":[8,5.535,8]},"faces":{"north":{"uv":[8.25,8.25,8.5,9.5],"texture":"#0"},"east":{"uv":[1,5.25,1.5,6.5],"texture":"#0"},"south":{"uv":[8.5,0,8.75,1.25],"texture":"#0"},"west":{"uv":[5.5,0,6,1.25],"texture":"#0"},"up":{"uv":[3.5,10.75,3.25,10.25],"texture":"#0"},"down":{"uv":[3.75,10.25,3.5,10.75],"texture":"#0"}}},{"from":[7.82993,1.6325,7.145],"to":[8.17007,6.3675,8.855],"rotation":{"angle":22.5,"axis":"y","origin":[8,5.535,8]},"faces":{"north":{"uv":[8.5,1.25,8.75,2.5],"texture":"#0"},"east":{"uv":[5.5,1.25,6,2.5],"texture":"#0"},"south":{"uv":[8.5,2.5,8.75,3.75],"texture":"#0"},"west":{"uv":[5.5,2.5,6,3.75],"texture":"#0"},"up":{"uv":[4,10.75,3.75,10.25],"texture":"#0"},"down":{"uv":[4.25,10.25,4,10.75],"texture":"#0"}}},{"from":[7.2305,-3.63075,7.84694],"to":[8.7695,1.63075,8.15306],"rotation":{"angle":-45,"axis":"y","origin":[8,0.8815,8]},"faces":{"north":{"uv":[3.5,5.5,4,6.75],"texture":"#0"},"east":{"uv":[3.5,8.5,3.75,9.75],"texture":"#0"},"south":{"uv":[5.5,3.75,6,5],"texture":"#0"},"west":{"uv":[8.5,3.75,8.75,5],"texture":"#0"},"up":{"uv":[10.75,3.75,10.25,3.5],"texture":"#0"},"down":{"uv":[4.75,10.25,4.25,10.5],"texture":"#0"}}},{"from":[7.2305,-3.63075,7.84694],"to":[8.7695,1.63075,8.15306],"rotation":{"angle":-22.5,"axis":"y","origin":[8,0.8815,8]},"faces":{"north":{"uv":[5.5,5,6,6.25],"texture":"#0"},"east":{"uv":[8.5,5,8.75,6.25],"texture":"#0"},"south":{"uv":[6,0,6.5,1.25],"texture":"#0"},"west":{"uv":[8.5,6.25,8.75,7.5],"texture":"#0"},"up":{"uv":[10.75,4.5,10.25,4.25],"texture":"#0"},"down":{"uv":[5.25,10.25,4.75,10.5],"texture":"#0"}}},{"from":[7.2305,-3.63075,7.84694],"to":[8.7695,1.63075,8.15306],"rotation":{"angle":0,"axis":"y","origin":[8,0.8815,8]},"faces":{"north":{"uv":[6,1.25,6.5,2.5],"texture":"#0"},"east":{"uv":[6.5,8.5,6.75,9.75],"texture":"#0"},"south":{"uv":[1.5,6,2,7.25],"texture":"#0"},"west":{"uv":[7.5,8.5,7.75,9.75],"texture":"#0"},"up":{"uv":[5.75,10.5,5.25,10.25],"texture":"#0"},"down":{"uv":[6.25,10.25,5.75,10.5],"texture":"#0"}}},{"from":[7.2305,-3.63075,7.84694],"to":[8.7695,1.63075,8.15306],"rotation":{"angle":22.5,"axis":"y","origin":[8,0.8815,8]},"faces":{"north":{"uv":[2,6,2.5,7.25],"texture":"#0"},"east":{"uv":[8.5,7.5,8.75,8.75],"texture":"#0"},"south":{"uv":[2.5,6,3,7.25],"texture":"#0"},"west":{"uv":[7.75,8.5,8,9.75],"texture":"#0"},"up":{"uv":[10.75,6,10.25,5.75],"texture":"#0"},"down":{"uv":[10.75,6,10.25,6.25],"texture":"#0"}}},{"from":[7.2305,-3.63075,7.84694],"to":[8.7695,1.63075,8.15306],"rotation":{"angle":45,"axis":"y","origin":[8,0.8815,8]},"faces":{"north":{"uv":[6,2.5,6.5,3.75],"texture":"#0"},"east":{"uv":[8.75,0,9,1.25],"texture":"#0"},"south":{"uv":[3,6,3.5,7.25],"texture":"#0"},"west":{"uv":[8.75,1.25,9,2.5],"texture":"#0"},"up":{"uv":[10.75,7,10.25,6.75],"texture":"#0"},"down":{"uv":[7.5,10.25,7,10.5],"texture":"#0"}}},{"from":[7.84694,-3.63075,7.2305],"to":[8.15306,1.63075,8.7695],"rotation":{"angle":-22.5,"axis":"y","origin":[8,0.8815,8]},"faces":{"north":{"uv":[1.5,8.75,1.75,10],"texture":"#0"},"east":{"uv":[6,3.75,6.5,5],"texture":"#0"},"south":{"uv":[1.75,8.75,2,10],"texture":"#0"},"west":{"uv":[6,5,6.5,6.25],"texture":"#0"},"up":{"uv":[6.75,10.75,6.5,10.25],"texture":"#0"},"down":{"uv":[10.5,7,10.25,7.5],"texture":"#0"}}},{"from":[7.84694,-3.63075,7.2305],"to":[8.15306,1.63075,8.7695],"rotation":{"angle":0,"axis":"y","origin":[8,0.8815,8]},"faces":{"north":{"uv":[2,8.75,2.25,10],"texture":"#0"},"east":{"uv":[4,6.25,4.5,7.5],"texture":"#0"},"south":{"uv":[2.25,8.75,2.5,10],"texture":"#0"},"west":{"uv":[4.5,6.25,5,7.5],"texture":"#0"},"up":{"uv":[7.75,10.75,7.5,10.25],"texture":"#0"},"down":{"uv":[10.5,7.5,10.25,8],"texture":"#0"}}},{"from":[7.84694,-3.63075,7.2305],"to":[8.15306,1.63075,8.7695],"rotation":{"angle":22.5,"axis":"y","origin":[8,0.8815,8]},"faces":{"north":{"uv":[2.5,8.75,2.75,10],"texture":"#0"},"east":{"uv":[5,6.25,5.5,7.5],"texture":"#0"},"south":{"uv":[8.75,2.5,9,3.75],"texture":"#0"},"west":{"uv":[5.5,6.25,6,7.5],"texture":"#0"},"up":{"uv":[8,10.75,7.75,10.25],"texture":"#0"},"down":{"uv":[8.75,10.25,8.5,10.75],"texture":"#0"}}},{"from":[7.30745,-9.36767,7.86224],"to":[8.69255,-3.63232,8.13776],"rotation":{"angle":-45,"axis":"y","origin":[8,-4.30665,8]},"faces":{"north":{"uv":[3.75,6.75,4,8.25],"texture":"#0"},"east":{"uv":[6.75,5.75,7,7.25],"texture":"#0"},"south":{"uv":[7,0,7.25,1.5],"texture":"#0"},"west":{"uv":[7,1.5,7.25,3],"texture":"#0"},"up":{"uv":[7,11.25,6.75,11],"texture":"#0"},"down":{"uv":[11.25,6.75,11,7],"texture":"#0"}}},{"from":[7.30745,-9.36767,7.86224],"to":[8.69255,-3.63232,8.13776],"rotation":{"angle":-22.5,"axis":"y","origin":[8,-4.30665,8]},"faces":{"north":{"uv":[7,3,7.25,4.5],"texture":"#0"},"east":{"uv":[7,5.75,7.25,7.25],"texture":"#0"},"south":{"uv":[6.5,7,6.75,8.5],"texture":"#0"},"west":{"uv":[7.25,0,7.5,1.5],"texture":"#0"},"up":{"uv":[7.25,11.25,7,11],"texture":"#0"},"down":{"uv":[11.25,7,11,7.25],"texture":"#0"}}},{"from":[7.30745,-9.36767,7.86224],"to":[8.69255,-3.63232,8.13776],"rotation":{"angle":0,"axis":"y","origin":[8,-4.30665,8]},"faces":{"north":{"uv":[1.5,7.25,1.75,8.75],"texture":"#0"},"east":{"uv":[7.25,1.5,7.5,3],"texture":"#0"},"south":{"uv":[1.75,7.25,2,8.75],"texture":"#0"},"west":{"uv":[2,7.25,2.25,8.75],"texture":"#0"},"up":{"uv":[7.5,11.25,7.25,11],"texture":"#0"},"down":{"uv":[11.25,7.25,11,7.5],"texture":"#0"}}},{"from":[7.30745,-9.36767,7.86224],"to":[8.69255,-3.63232,8.13776],"rotation":{"angle":22.5,"axis":"y","origin":[8,-4.30665,8]},"faces":{"north":{"uv":[2.25,7.25,2.5,8.75],"texture":"#0"},"east":{"uv":[2.5,7.25,2.75,8.75],"texture":"#0"},"south":{"uv":[2.75,7.25,3,8.75],"texture":"#0"},"west":{"uv":[3,7.25,3.25,8.75],"texture":"#0"},"up":{"uv":[7.75,11.25,7.5,11],"texture":"#0"},"down":{"uv":[11.25,7.5,11,7.75],"texture":"#0"}}},{"from":[7.30745,-9.36767,7.86224],"to":[8.69255,-3.63232,8.13776],"rotation":{"angle":45,"axis":"y","origin":[8,-4.30665,8]},"faces":{"north":{"uv":[7.25,3,7.5,4.5],"texture":"#0"},"east":{"uv":[3.25,7.25,3.5,8.75],"texture":"#0"},"south":{"uv":[7.25,5.75,7.5,7.25],"texture":"#0"},"west":{"uv":[6.75,7.25,7,8.75],"texture":"#0"},"up":{"uv":[8,11.25,7.75,11],"texture":"#0"},"down":{"uv":[11.25,7.75,11,8],"texture":"#0"}}},{"from":[7.86224,-9.36767,7.30745],"to":[8.13776,-3.63232,8.69255],"rotation":{"angle":-22.5,"axis":"y","origin":[8,-4.30665,8]},"faces":{"north":{"uv":[7,7.25,7.25,8.75],"texture":"#0"},"east":{"uv":[7.25,7.25,7.5,8.75],"texture":"#0"},"south":{"uv":[7.5,0,7.75,1.5],"texture":"#0"},"west":{"uv":[7.5,1.5,7.75,3],"texture":"#0"},"up":{"uv":[8.25,11.25,8,11],"texture":"#0"},"down":{"uv":[11.25,8,11,8.25],"texture":"#0"}}},{"from":[7.86224,-9.36767,7.30745],"to":[8.13776,-3.63232,8.69255],"rotation":{"angle":0,"axis":"y","origin":[8,-4.30665,8]},"faces":{"north":{"uv":[7.5,3,7.75,4.5],"texture":"#0"},"east":{"uv":[4,7.5,4.25,9],"texture":"#0"},"south":{"uv":[4.25,7.5,4.5,9],"texture":"#0"},"west":{"uv":[4.5,7.5,4.75,9],"texture":"#0"},"up":{"uv":[8.5,11.25,8.25,11],"texture":"#0"},"down":{"uv":[11.25,8.25,11,8.5],"texture":"#0"}}},{"from":[7.86224,-9.36767,7.30745],"to":[8.13776,-3.63232,8.69255],"rotation":{"angle":22.5,"axis":"y","origin":[8,-4.30665,8]},"faces":{"north":{"uv":[4.75,7.5,5,9],"texture":"#0"},"east":{"uv":[5,7.5,5.25,9],"texture":"#0"},"south":{"uv":[5.25,7.5,5.5,9],"texture":"#0"},"west":{"uv":[5.5,7.5,5.75,9],"texture":"#0"},"up":{"uv":[8.75,11.25,8.5,11],"texture":"#0"},"down":{"uv":[11.25,8.5,11,8.75],"texture":"#0"}}},{"from":[6.60755,12.35,7.18496],"to":[7.84755,15.15,7.38053],"rotation":{"angle":-45,"axis":"y","origin":[7.72755,13.47,7.40775]},"faces":{"north":{"uv":[7.75,3.75,8,4.5],"texture":"#0"},"east":{"uv":[3.25,8.75,3.5,9.5],"texture":"#0"},"south":{"uv":[5.75,8.75,6,9.5],"texture":"#0"},"west":{"uv":[7.25,8.75,7.5,9.5],"texture":"#0"},"up":{"uv":[9,11.25,8.75,11],"texture":"#0"},"down":{"uv":[11.25,8.75,11,9],"texture":"#0"}}},{"from":[6.60755,12.35,8.61947],"to":[7.84755,15.15,8.81504],"rotation":{"angle":45,"axis":"y","origin":[7.72755,13.47,8.59225]},"faces":{"north":{"uv":[9.5,3,9.75,3.75],"texture":"#0"},"east":{"uv":[3.25,9.5,3.5,10.25],"texture":"#0"},"south":{"uv":[3.75,9.5,4,10.25],"texture":"#0"},"west":{"uv":[9.5,3.75,9.75,4.5],"texture":"#0"},"up":{"uv":[11.5,1,11.25,0.75],"texture":"#0"},"down":{"uv":[1.25,11.25,1,11.5],"texture":"#0"}}},{"from":[6.78433,12.35,7.00819],"to":[8.02433,15.15,7.20375],"rotation":{"angle":-22.5,"axis":"y","origin":[7.90433,13.47,7.23097]},"faces":{"north":{"uv":[8.75,7.75,9,8.5],"texture":"#0"},"east":{"uv":[8.5,8.75,8.75,9.5],"texture":"#0"},"south":{"uv":[8.75,8.5,9,9.25],"texture":"#0"},"west":{"uv":[9,0,9.25,0.75],"texture":"#0"},"up":{"uv":[9.25,11.25,9,11],"texture":"#0"},"down":{"uv":[11.25,9,11,9.25],"texture":"#0"}}},{"from":[6.78433,12.35,8.79625],"to":[8.02433,15.15,8.99181],"rotation":{"angle":22.5,"axis":"y","origin":[7.90433,13.47,8.76903]},"faces":{"north":{"uv":[1,9.5,1.25,10.25],"texture":"#0"},"east":{"uv":[1.25,9.5,1.5,10.25],"texture":"#0"},"south":{"uv":[9.5,1.5,9.75,2.25],"texture":"#0"},"west":{"uv":[9.5,2.25,9.75,3],"texture":"#0"},"up":{"uv":[11.5,0.75,11.25,0.5],"texture":"#0"},"down":{"uv":[1,11.25,0.75,11.5],"texture":"#0"}}},{"from":[6.88,12.35,6.77722],"to":[9.12,15.15,9.22278],"rotation":{"angle":0,"axis":"y","origin":[8,19.47,8]},"faces":{"north":{"uv":[7,4.5,7.5,5.25],"texture":"#0"},"east":{"uv":[7.5,4.5,8,5.25],"texture":"#0"},"south":{"uv":[7.5,5.75,8,6.5],"texture":"#0"},"west":{"uv":[7.5,6.5,8,7.25],"texture":"#0"},"up":{"uv":[3.25,9.25,2.75,8.75],"texture":"#0"},"down":{"uv":[9.25,3.75,8.75,4.25],"texture":"#0"}}},{"from":[7.97567,12.35,7.00819],"to":[9.21567,15.15,7.20375],"rotation":{"angle":22.5,"axis":"y","origin":[8.09567,13.47,7.23097]},"faces":{"north":{"uv":[9,0.75,9.25,1.5],"texture":"#0"},"east":{"uv":[9,1.5,9.25,2.25],"texture":"#0"},"south":{"uv":[9,2.25,9.25,3],"texture":"#0"},"west":{"uv":[9,3,9.25,3.75],"texture":"#0"},"up":{"uv":[9.5,11.25,9.25,11],"texture":"#0"},"down":{"uv":[11.25,9.25,11,9.5],"texture":"#0"}}},{"from":[7.97567,12.35,8.79625],"to":[9.21567,15.15,8.99181],"rotation":{"angle":-22.5,"axis":"y","origin":[8.09567,13.47,8.76903]},"faces":{"north":{"uv":[9.25,6,9.5,6.75],"texture":"#0"},"east":{"uv":[6.25,9.25,6.5,10],"texture":"#0"},"south":{"uv":[6.75,9.25,7,10],"texture":"#0"},"west":{"uv":[9.25,6.75,9.5,7.5],"texture":"#0"},"up":{"uv":[11,11.25,10.75,11],"texture":"#0"},"down":{"uv":[11.25,10.75,11,11],"texture":"#0"}}},{"from":[8.15245,12.35,7.18496],"to":[9.39245,15.15,7.38053],"rotation":{"angle":45,"axis":"y","origin":[8.27245,13.47,7.40775]},"faces":{"north":{"uv":[4,9,4.25,9.75],"texture":"#0"},"east":{"uv":[4.25,9,4.5,9.75],"texture":"#0"},"south":{"uv":[4.5,9,4.75,9.75],"texture":"#0"},"west":{"uv":[4.75,9,5,9.75],"texture":"#0"},"up":{"uv":[9.75,11.25,9.5,11],"texture":"#0"},"down":{"uv":[11.25,9.5,11,9.75],"texture":"#0"}}},{"from":[8.15245,12.35,8.61947],"to":[9.39245,15.15,8.81504],"rotation":{"angle":-45,"axis":"y","origin":[8.27245,13.47,8.59225]},"faces":{"north":{"uv":[9.25,3.75,9.5,4.5],"texture":"#0"},"east":{"uv":[9.25,4.5,9.5,5.25],"texture":"#0"},"south":{"uv":[9.25,5.25,9.5,6],"texture":"#0"},"west":{"uv":[6,9.25,6.25,10],"texture":"#0"},"up":{"uv":[10.75,11.25,10.5,11],"texture":"#0"},"down":{"uv":[11.25,10.5,11,10.75],"texture":"#0"}}},{"from":[8.04967,12.35,6.28775],"to":[8.49523,15.15,7.52775],"rotation":{"angle":-22.5,"axis":"y","origin":[8.27245,13.47,7.40775]},"faces":{"north":{"uv":[5,9,5.25,9.75],"texture":"#0"},"east":{"uv":[5.25,9,5.5,9.75],"texture":"#0"},"south":{"uv":[5.5,9,5.75,9.75],"texture":"#0"},"west":{"uv":[9,7.75,9.25,8.5],"texture":"#0"},"up":{"uv":[10,11.25,9.75,11],"texture":"#0"},"down":{"uv":[11.25,9.75,11,10],"texture":"#0"}}},{"from":[8.04967,12.35,8.47225],"to":[8.49523,15.15,9.71225],"rotation":{"angle":22.5,"axis":"y","origin":[8.27245,13.47,8.59225]},"faces":{"north":{"uv":[7,9.25,7.25,10],"texture":"#0"},"east":{"uv":[9.25,7.5,9.5,8.25],"texture":"#0"},"south":{"uv":[9.25,8.25,9.5,9],"texture":"#0"},"west":{"uv":[8.75,9.25,9,10],"texture":"#0"},"up":{"uv":[11.25,11.25,11,11],"texture":"#0"},"down":{"uv":[0.25,11.25,0,11.5],"texture":"#0"}}},{"from":[7.50477,12.35,6.28775],"to":[8.49523,15.15,7.52775],"rotation":{"angle":0,"axis":"y","origin":[7.72755,13.47,7.40775]},"faces":{"north":{"uv":[9,8.5,9.25,9.25],"texture":"#0"},"east":{"uv":[9.25,0,9.5,0.75],"texture":"#0"},"south":{"uv":[9.25,0.75,9.5,1.5],"texture":"#0"},"west":{"uv":[9.25,1.5,9.5,2.25],"texture":"#0"},"up":{"uv":[10.25,11.25,10,11],"texture":"#0"},"down":{"uv":[11.25,10,11,10.25],"texture":"#0"}}},{"from":[7.15406,13.568,4.3875],"to":[8.84594,14.868,11.6125],"rotation":{"angle":0,"axis":"y","origin":[7.76842,13.22,7.4645]},"faces":{"north":{"uv":[10.25,8,10.75,8.25],"texture":"#0"},"east":{"uv":[6.75,5.25,8.5,5.5],"texture":"#0"},"south":{"uv":[8.75,10.25,9.25,10.5],"texture":"#0"},"west":{"uv":[6.75,5.5,8.5,5.75],"texture":"#0"},"up":{"uv":[1,5.25,0.5,3.5],"texture":"#0"},"down":{"uv":[1.5,3.5,1,5.25],"texture":"#0"}}},{"from":[7.15406,13.76,11.6125],"to":[8.84594,14.81,13.525],"rotation":{"angle":0,"axis":"y","origin":[7.76842,13.22,7.0395]},"faces":{"north":{"uv":[1,10.5,1.5,10.75],"texture":"#0"},"east":{"uv":[1.5,10.5,2,10.75],"texture":"#0"},"south":{"uv":[2,10.5,2.5,10.75],"texture":"#0"},"west":{"uv":[2.5,10.5,3,10.75],"texture":"#0"},"up":{"uv":[9.25,6.75,8.75,6.25],"texture":"#0"},"down":{"uv":[7.25,8.75,6.75,9.25],"texture":"#0"}}},{"from":[7.15406,13.76,2.475],"to":[8.84594,14.81,4.3875],"rotation":{"angle":0,"axis":"y","origin":[7.76842,13.22,8.9605]},"faces":{"north":{"uv":[10.5,6.5,11,6.75],"texture":"#0"},"east":{"uv":[6.75,10.5,7.25,10.75],"texture":"#0"},"south":{"uv":[10.5,7,11,7.25],"texture":"#0"},"west":{"uv":[10.5,7.25,11,7.5],"texture":"#0"},"up":{"uv":[9.25,7.25,8.75,6.75],"texture":"#0"},"down":{"uv":[9.25,7.25,8.75,7.75],"texture":"#0"}}},{"from":[7.15406,13.92,13.525],"to":[8.84594,14.72,14.5875],"rotation":{"angle":0,"axis":"y","origin":[7.76842,13.22,5.977]},"faces":{"north":{"uv":[10.5,2.5,11,2.75],"texture":"#0"},"east":{"uv":[11.25,1,11.5,1.25],"texture":"#0"},"south":{"uv":[10.5,2.75,11,3],"texture":"#0"},"west":{"uv":[1.25,11.25,1.5,11.5],"texture":"#0"},"up":{"uv":[11,3.25,10.5,3],"texture":"#0"},"down":{"uv":[11,3.25,10.5,3.5],"texture":"#0"}}},{"from":[7.15406,13.92,1.4125],"to":[8.84594,14.72,2.475],"rotation":{"angle":0,"axis":"y","origin":[7.76842,13.22,10.023]},"faces":{"north":{"uv":[10.5,8.5,11,8.75],"texture":"#0"},"east":{"uv":[11.25,2.25,11.5,2.5],"texture":"#0"},"south":{"uv":[8.75,10.5,9.25,10.75],"texture":"#0"},"west":{"uv":[2.5,11.25,2.75,11.5],"texture":"#0"},"up":{"uv":[11,9,10.5,8.75],"texture":"#0"},"down":{"uv":[11,9,10.5,9.25],"texture":"#0"}}},{"from":[7.15406,14.048,14.5875],"to":[8.84594,14.598,15.65],"rotation":{"angle":0,"axis":"y","origin":[7.76842,13.22,5.7645]},"faces":{"north":{"uv":[10.5,3.75,11,4],"texture":"#0"},"east":{"uv":[11.25,1.25,11.5,1.5],"texture":"#0"},"south":{"uv":[10.5,4,11,4.25],"texture":"#0"},"west":{"uv":[1.5,11.25,1.75,11.5],"texture":"#0"},"up":{"uv":[4.75,10.75,4.25,10.5],"texture":"#0"},"down":{"uv":[11,4.5,10.5,4.75],"texture":"#0"}}},{"from":[7.15406,14.048,0.35],"to":[8.84594,14.598,1.4125],"rotation":{"angle":0,"axis":"y","origin":[7.76842,13.22,10.2355]},"faces":{"north":{"uv":[10.5,7.5,11,7.75],"texture":"#0"},"east":{"uv":[11.25,2,11.5,2.25],"texture":"#0"},"south":{"uv":[10.5,7.75,11,8],"texture":"#0"},"west":{"uv":[2.25,11.25,2.5,11.5],"texture":"#0"},"up":{"uv":[8.5,10.75,8,10.5],"texture":"#0"},"down":{"uv":[11,8.25,10.5,8.5],"texture":"#0"}}},{"from":[7.15406,14.202,15.65],"to":[8.84594,14.502,16.7125],"rotation":{"angle":0,"axis":"y","origin":[7.76842,13.22,5.552]},"faces":{"north":{"uv":[4.75,10.5,5.25,10.75],"texture":"#0"},"east":{"uv":[11.25,1.5,11.5,1.75],"texture":"#0"},"south":{"uv":[10.5,4.75,11,5],"texture":"#0"},"west":{"uv":[1.75,11.25,2,11.5],"texture":"#0"},"up":{"uv":[11,5.25,10.5,5],"texture":"#0"},"down":{"uv":[5.75,10.5,5.25,10.75],"texture":"#0"}}},{"from":[7.15406,14.202,-0.7125],"to":[8.84594,14.502,0.35],"rotation":{"angle":0,"axis":"y","origin":[7.76842,13.22,10.448]},"faces":{"north":{"uv":[10.5,5.25,11,5.5],"texture":"#0"},"east":{"uv":[11.25,1.75,11.5,2],"texture":"#0"},"south":{"uv":[10.5,5.5,11,5.75],"texture":"#0"},"west":{"uv":[2,11.25,2.25,11.5],"texture":"#0"},"up":{"uv":[6.25,10.75,5.75,10.5],"texture":"#0"},"down":{"uv":[11,6.25,10.5,6.5],"texture":"#0"}}},{"from":[7.18126,12.542,5.2375],"to":[8.81874,13.342,7.3625],"rotation":{"angle":22.5,"axis":"x","origin":[8,12.218,8]},"faces":{"north":{"uv":[9.25,10.25,9.75,10.5],"texture":"#0"},"east":{"uv":[9.75,10.25,10.25,10.5],"texture":"#0"},"south":{"uv":[10.25,9.75,10.75,10],"texture":"#0"},"west":{"uv":[10.25,10.25,10.75,10.5],"texture":"#0"},"up":{"uv":[9.25,4.75,8.75,4.25],"texture":"#0"},"down":{"uv":[9.25,4.75,8.75,5.25],"texture":"#0"}}},{"from":[7.18126,12.542,8.6375],"to":[8.81874,13.342,10.7625],"rotation":{"angle":-22.5,"axis":"x","origin":[8,12.218,8]},"faces":{"north":{"uv":[10.5,0,11,0.25],"texture":"#0"},"east":{"uv":[10.5,0.25,11,0.5],"texture":"#0"},"south":{"uv":[10.5,0.5,11,0.75],"texture":"#0"},"west":{"uv":[10.5,0.75,11,1],"texture":"#0"},"up":{"uv":[9.25,5.75,8.75,5.25],"texture":"#0"},"down":{"uv":[9.25,5.75,8.75,6.25],"texture":"#0"}}},{"from":[7.50477,12.35,8.47225],"to":[8.49523,15.15,9.71225],"rotation":{"angle":0,"axis":"y","origin":[7.72755,13.47,8.59225]},"faces":{"north":{"uv":[9,9.25,9.25,10],"texture":"#0"},"east":{"uv":[9.25,9,9.5,9.75],"texture":"#0"},"south":{"uv":[0,9.5,0.25,10.25],"texture":"#0"},"west":{"uv":[9.5,0,9.75,0.75],"texture":"#0"},"up":{"uv":[11.5,0.25,11.25,0],"texture":"#0"},"down":{"uv":[0.5,11.25,0.25,11.5],"texture":"#0"}}},{"from":[7.50477,12.35,6.28775],"to":[7.95033,15.15,7.52775],"rotation":{"angle":22.5,"axis":"y","origin":[7.72755,13.47,7.40775]},"faces":{"north":{"uv":[9.25,2.25,9.5,3],"texture":"#0"},"east":{"uv":[2.75,9.25,3,10],"texture":"#0"},"south":{"uv":[3,9.25,3.25,10],"texture":"#0"},"west":{"uv":[9.25,3,9.5,3.75],"texture":"#0"},"up":{"uv":[10.5,11.25,10.25,11],"texture":"#0"},"down":{"uv":[11.25,10.25,11,10.5],"texture":"#0"}}},{"from":[7.50477,12.35,8.47225],"to":[7.95033,15.15,9.71225],"rotation":{"angle":-22.5,"axis":"y","origin":[7.72755,13.47,8.59225]},"faces":{"north":{"uv":[0.25,9.5,0.5,10.25],"texture":"#0"},"east":{"uv":[0.5,9.5,0.75,10.25],"texture":"#0"},"south":{"uv":[0.75,9.5,1,10.25],"texture":"#0"},"west":{"uv":[9.5,0.75,9.75,1.5],"texture":"#0"},"up":{"uv":[11.5,0.5,11.25,0.25],"texture":"#0"},"down":{"uv":[0.75,11.25,0.5,11.5],"texture":"#0"}}}],"gui_light":"front","display":{"thirdperson_righthand":{"translation":[0,5.25,1.25],"scale":[0.7,0.75,0.7]},"thirdperson_lefthand":{"translation":[0,5.25,1.25],"scale":[0.7,0.75,0.7]},"firstperson_righthand":{"rotation":[0,14.25,0],"translation":[3.25,4.75,0],"scale":[0.5,0.65,0.5]},"firstperson_lefthand":{"rotation":[0,14.25,0],"translation":[3.25,4.75,0],"scale":[0.5,0.65,0.5]},"ground":{"rotation":[90,90,-180],"translation":[0,-3,0],"scale":[0.5,0.5,0.5]},"gui":{"rotation":[30,225,49.25],"translation":[0.5,1.75,0],"scale":[0.55,0.6,0.55]}}}