{"texture_size":[32,32],"textures":{"0":"item/alch/healkit","1":"item/alch/plus","particle":"item/alch/healkit"},"elements":[{"from":[3.5006,3.64089,7.44464],"to":[12.5006,11.14089,7.44464],"rotation":{"angle":0,"axis":"y","origin":[12.0006,16.64089,-6.15136]},"faces":{"north":{"uv":[0,4,4.5,0],"texture":"#0"},"east":{"uv":[0,0,4,0],"rotation":270,"texture":"#0"},"south":{"uv":[0,4,4.5,8],"rotation":180,"texture":"#0"},"west":{"uv":[0,0,4,0],"rotation":90,"texture":"#0"},"up":{"uv":[0,0,4.5,0],"rotation":180,"texture":"#0"},"down":{"uv":[0,0,4.5,0],"texture":"#0"}}},{"from":[3.62429,3.82742,7.72054],"to":[12.3206,10.99089,9.12454],"rotation":{"angle":0,"axis":"y","origin":[11.8406,16.27089,-5.87536]},"faces":{"north":{"uv":[4.5,3.5,9,0],"texture":"#0"},"east":{"uv":[11,1.5,14.5,1],"rotation":270,"texture":"#0"},"south":{"uv":[4.5,3.5,9,7],"rotation":180,"texture":"#0"},"west":{"uv":[11,2,14.5,1.5],"rotation":90,"texture":"#0"},"up":{"uv":[9,4.5,13.5,4],"rotation":180,"texture":"#0"},"down":{"uv":[9,5,13.5,4.5],"texture":"#0"}}},{"from":[3.32724,10.52619,7.34864],"to":[3.82724,11.02619,7.84864],"rotation":{"angle":-22.5,"axis":"z","origin":[3.57724,10.77619,7.34864]},"faces":{"north":{"uv":[9.5,13.5,10,13],"texture":"#0"},"east":{"uv":[13,9,13.5,8.5],"rotation":270,"texture":"#0"},"south":{"uv":[13,9.5,13.5,10],"rotation":180,"texture":"#0"},"west":{"uv":[13,9.5,13.5,9],"rotation":90,"texture":"#0"},"up":{"uv":[8.5,13.5,9,13],"rotation":180,"texture":"#0"},"down":{"uv":[9,13.5,9.5,13],"texture":"#0"}}},{"from":[3.51417,10.40077,7.62464],"to":[3.99417,10.88077,9.12464],"rotation":{"angle":-22.5,"axis":"z","origin":[3.75417,10.64077,7.62464]},"faces":{"north":{"uv":[9.5,14.5,10,14],"texture":"#0"},"east":{"uv":[4.5,12,5,11],"rotation":270,"texture":"#0"},"south":{"uv":[14,9.5,14.5,10],"rotation":180,"texture":"#0"},"west":{"uv":[5.5,12,6,11],"rotation":90,"texture":"#0"},"up":{"uv":[4,12,4.5,11],"rotation":180,"texture":"#0"},"down":{"uv":[5,12,5.5,11],"texture":"#0"}}},{"from":[3.32724,3.75559,7.34864],"to":[3.82724,4.25559,7.84864],"rotation":{"angle":22.5,"axis":"z","origin":[3.57724,4.00559,7.34864]},"faces":{"north":{"uv":[7,14.5,7.5,14],"texture":"#0"},"east":{"uv":[14,6.5,14.5,6],"rotation":270,"texture":"#0"},"south":{"uv":[14,7,14.5,7.5],"rotation":180,"texture":"#0"},"west":{"uv":[14,7,14.5,6.5],"rotation":90,"texture":"#0"},"up":{"uv":[6,14.5,6.5,14],"rotation":180,"texture":"#0"},"down":{"uv":[6.5,14.5,7,14],"texture":"#0"}}},{"from":[3.51417,3.901,7.62464],"to":[3.99417,4.381,9.12464],"rotation":{"angle":22.5,"axis":"z","origin":[3.75417,4.141,7.62464]},"faces":{"north":{"uv":[14.5,0.5,15,0],"texture":"#0"},"east":{"uv":[4,14,4.5,13],"rotation":270,"texture":"#0"},"south":{"uv":[0.5,14.5,1,15],"rotation":180,"texture":"#0"},"west":{"uv":[5,14,5.5,13],"rotation":90,"texture":"#0"},"up":{"uv":[13,4,13.5,3],"rotation":180,"texture":"#0"},"down":{"uv":[4.5,14,5,13],"texture":"#0"}}},{"from":[12.17396,10.52619,7.34864],"to":[12.67396,11.02619,7.84864],"rotation":{"angle":22.5,"axis":"z","origin":[12.42396,10.77619,7.34864]},"faces":{"north":{"uv":[8.5,14,9,13.5],"texture":"#0"},"east":{"uv":[13.5,7,14,6.5],"rotation":270,"texture":"#0"},"south":{"uv":[13.5,8.5,14,9],"rotation":180,"texture":"#0"},"west":{"uv":[8,14,8.5,13.5],"rotation":90,"texture":"#0"},"up":{"uv":[13.5,6.5,14,6],"rotation":180,"texture":"#0"},"down":{"uv":[7.5,14,8,13.5],"texture":"#0"}}},{"from":[12.00702,10.40077,7.62464],"to":[12.48702,10.88077,9.12464],"rotation":{"angle":22.5,"axis":"z","origin":[12.24702,10.64077,7.62464]},"faces":{"north":{"uv":[11.5,14.5,12,14],"texture":"#0"},"east":{"uv":[4,13,4.5,12],"rotation":270,"texture":"#0"},"south":{"uv":[14,11.5,14.5,12],"rotation":180,"texture":"#0"},"west":{"uv":[5,13,5.5,12],"rotation":90,"texture":"#0"},"up":{"uv":[12,4,12.5,3],"rotation":180,"texture":"#0"},"down":{"uv":[4.5,13,5,12],"texture":"#0"}}},{"from":[12.17396,3.75559,7.34864],"to":[12.67396,4.25559,7.84864],"rotation":{"angle":-22.5,"axis":"z","origin":[12.42396,4.00559,7.34864]},"faces":{"north":{"uv":[2.5,14.5,3,14],"texture":"#0"},"east":{"uv":[13.5,14,14,13.5],"rotation":270,"texture":"#0"},"south":{"uv":[14,2.5,14.5,3],"rotation":180,"texture":"#0"},"west":{"uv":[14,2.5,14.5,2],"rotation":90,"texture":"#0"},"up":{"uv":[13.5,13.5,14,13],"rotation":180,"texture":"#0"},"down":{"uv":[2,14.5,2.5,14],"texture":"#0"}}},{"from":[12.00702,3.901,7.62464],"to":[12.48702,4.381,9.12464],"rotation":{"angle":-22.5,"axis":"z","origin":[12.24702,4.141,7.62464]},"faces":{"north":{"uv":[13,14.5,13.5,14],"texture":"#0"},"east":{"uv":[11,13,11.5,12],"rotation":270,"texture":"#0"},"south":{"uv":[14,13,14.5,13.5],"rotation":180,"texture":"#0"},"west":{"uv":[11.5,13,12,12],"rotation":90,"texture":"#0"},"up":{"uv":[10.5,13,11,12],"rotation":180,"texture":"#0"},"down":{"uv":[12,12,12.5,11],"texture":"#0"}}},{"from":[3.69536,10.8943,7.34864],"to":[4.19536,11.3943,7.84864],"rotation":{"angle":22.5,"axis":"z","origin":[3.94536,11.1443,7.34864]},"faces":{"north":{"uv":[13,13,13.5,12.5],"texture":"#0"},"east":{"uv":[12,13.5,12.5,13],"rotation":270,"texture":"#0"},"south":{"uv":[13,13,13.5,13.5],"rotation":180,"texture":"#0"},"west":{"uv":[12.5,13.5,13,13],"rotation":90,"texture":"#0"},"up":{"uv":[13,12,13.5,11.5],"rotation":180,"texture":"#0"},"down":{"uv":[13,12.5,13.5,12],"texture":"#0"}}},{"from":[3.86757,10.75417,7.62464],"to":[4.34757,11.23417,9.12464],"rotation":{"angle":22.5,"axis":"z","origin":[4.10757,10.99417,7.62464]},"faces":{"north":{"uv":[10.5,14.5,11,14],"texture":"#0"},"east":{"uv":[8.5,12,9,11],"rotation":270,"texture":"#0"},"south":{"uv":[14,10.5,14.5,11],"rotation":180,"texture":"#0"},"west":{"uv":[9.5,12,10,11],"rotation":90,"texture":"#0"},"up":{"uv":[8,12,8.5,11],"rotation":180,"texture":"#0"},"down":{"uv":[9,12,9.5,11],"texture":"#0"}}},{"from":[3.69536,3.38747,7.34864],"to":[4.19536,3.88747,7.84864],"rotation":{"angle":-22.5,"axis":"z","origin":[3.94536,3.63747,7.34864]},"faces":{"north":{"uv":[5.5,14.5,6,14],"texture":"#0"},"east":{"uv":[14,5,14.5,4.5],"rotation":270,"texture":"#0"},"south":{"uv":[14,5.5,14.5,6],"rotation":180,"texture":"#0"},"west":{"uv":[14,5.5,14.5,5],"rotation":90,"texture":"#0"},"up":{"uv":[4.5,14.5,5,14],"rotation":180,"texture":"#0"},"down":{"uv":[5,14.5,5.5,14],"texture":"#0"}}},{"from":[3.86757,3.54761,7.62464],"to":[4.34757,4.02761,9.12464],"rotation":{"angle":-22.5,"axis":"z","origin":[4.10757,3.78761,7.62464]},"faces":{"north":{"uv":[14,14.5,14.5,14],"texture":"#0"},"east":{"uv":[12.5,12,13,11],"rotation":270,"texture":"#0"},"south":{"uv":[0,14.5,0.5,15],"rotation":180,"texture":"#0"},"west":{"uv":[13,3,13.5,2],"rotation":90,"texture":"#0"},"up":{"uv":[12.5,9,13,8],"rotation":180,"texture":"#0"},"down":{"uv":[12.5,13,13,12],"texture":"#0"}}},{"from":[11.80584,10.8943,7.34864],"to":[12.30584,11.3943,7.84864],"rotation":{"angle":-22.5,"axis":"z","origin":[12.05584,11.1443,7.34864]},"faces":{"north":{"uv":[13.5,5.5,14,5],"texture":"#0"},"east":{"uv":[13.5,4,14,3.5],"rotation":270,"texture":"#0"},"south":{"uv":[13.5,5.5,14,6],"rotation":180,"texture":"#0"},"west":{"uv":[13.5,5,14,4.5],"rotation":90,"texture":"#0"},"up":{"uv":[13.5,3.5,14,3],"rotation":180,"texture":"#0"},"down":{"uv":[13.5,4.5,14,4],"texture":"#0"}}},{"from":[11.65363,10.75417,7.62464],"to":[12.13363,11.23417,9.12464],"rotation":{"angle":-22.5,"axis":"z","origin":[11.89363,10.99417,7.62464]},"faces":{"north":{"uv":[11,14.5,11.5,14],"texture":"#0"},"east":{"uv":[11.5,8,12,7],"rotation":270,"texture":"#0"},"south":{"uv":[14,11,14.5,11.5],"rotation":180,"texture":"#0"},"west":{"uv":[12,3,12.5,2],"rotation":90,"texture":"#0"},"up":{"uv":[11,12,11.5,11],"rotation":180,"texture":"#0"},"down":{"uv":[11.5,12,12,11],"texture":"#0"}}},{"from":[11.80584,3.38747,7.34864],"to":[12.30584,3.88747,7.84864],"rotation":{"angle":22.5,"axis":"z","origin":[12.05584,3.63747,7.34864]},"faces":{"north":{"uv":[13.5,13,14,12.5],"texture":"#0"},"east":{"uv":[12,14,12.5,13.5],"rotation":270,"texture":"#0"},"south":{"uv":[13,13.5,13.5,14],"rotation":180,"texture":"#0"},"west":{"uv":[12.5,14,13,13.5],"rotation":90,"texture":"#0"},"up":{"uv":[13.5,12,14,11.5],"rotation":180,"texture":"#0"},"down":{"uv":[13.5,12.5,14,12],"texture":"#0"}}},{"from":[11.65363,3.54761,7.62464],"to":[12.13363,4.02761,9.12464],"rotation":{"angle":22.5,"axis":"z","origin":[11.89363,3.78761,7.62464]},"faces":{"north":{"uv":[12.5,14.5,13,14],"texture":"#0"},"east":{"uv":[9,13,9.5,12],"rotation":270,"texture":"#0"},"south":{"uv":[14,12.5,14.5,13],"rotation":180,"texture":"#0"},"west":{"uv":[10,13,10.5,12],"rotation":90,"texture":"#0"},"up":{"uv":[8.5,13,9,12],"rotation":180,"texture":"#0"},"down":{"uv":[9.5,13,10,12],"texture":"#0"}}},{"from":[4.08066,10.97094,7.34864],"to":[11.92054,11.47094,7.84864],"rotation":{"angle":0,"axis":"y","origin":[4.33066,11.22094,7.34864]},"faces":{"north":{"uv":[9,6,13,5.5],"texture":"#0"},"east":{"uv":[13.5,2.5,14,2],"rotation":270,"texture":"#0"},"south":{"uv":[9,6,13,6.5],"rotation":180,"texture":"#0"},"west":{"uv":[13.5,3,14,2.5],"rotation":90,"texture":"#0"},"up":{"uv":[5,9.5,9,9],"rotation":180,"texture":"#0"},"down":{"uv":[9,5.5,13,5],"texture":"#0"}}},{"from":[4.23745,10.82774,7.62464],"to":[11.76374,11.30774,9.12464],"rotation":{"angle":0,"axis":"y","origin":[4.47745,11.06774,7.62464]},"faces":{"north":{"uv":[2,10.5,6,10],"texture":"#0"},"east":{"uv":[10,12,10.5,11],"rotation":270,"texture":"#0"},"south":{"uv":[6,10,10,10.5],"rotation":180,"texture":"#0"},"west":{"uv":[10.5,12,11,11],"rotation":90,"texture":"#0"},"up":{"uv":[4.5,8,8.5,7],"rotation":180,"texture":"#0"},"down":{"uv":[0,9,4,8],"texture":"#0"}}},{"from":[4.08066,3.31083,7.34864],"to":[11.92054,3.81083,7.84864],"rotation":{"angle":0,"axis":"y","origin":[11.67054,3.56083,7.34864]},"faces":{"north":{"uv":[5,10,9,9.5],"texture":"#0"},"east":{"uv":[13.5,11.5,14,11],"rotation":270,"texture":"#0"},"south":{"uv":[9,9.5,13,10],"rotation":180,"texture":"#0"},"west":{"uv":[11.5,14,12,13.5],"rotation":90,"texture":"#0"},"up":{"uv":[9,7,13,6.5],"rotation":180,"texture":"#0"},"down":{"uv":[9,9.5,13,9],"texture":"#0"}}},{"from":[4.23745,3.47403,7.62464],"to":[11.76374,3.95403,9.12464],"rotation":{"angle":0,"axis":"y","origin":[11.52374,3.71403,7.62464]},"faces":{"north":{"uv":[10,10.5,14,10],"texture":"#0"},"east":{"uv":[8,13,8.5,12],"rotation":270,"texture":"#0"},"south":{"uv":[2,10.5,6,11],"rotation":180,"texture":"#0"},"west":{"uv":[12,9,12.5,8],"rotation":90,"texture":"#0"},"up":{"uv":[4,9,8,8],"rotation":180,"texture":"#0"},"down":{"uv":[8,9,12,8],"texture":"#0"}}},{"from":[3.54549,10.85283,7.34864],"to":[4.04549,11.10283,7.84864],"rotation":{"angle":-45,"axis":"z","origin":[3.79549,11.10283,7.34864]},"faces":{"north":{"uv":[13,11.5,13.5,11],"texture":"#0"},"east":{"uv":[10.5,13.5,11,13],"rotation":270,"texture":"#0"},"south":{"uv":[11.5,13,12,13.5],"rotation":180,"texture":"#0"},"west":{"uv":[11,13.5,11.5,13],"rotation":90,"texture":"#0"},"up":{"uv":[10,13.5,10.5,13],"rotation":180,"texture":"#0"},"down":{"uv":[13,11,13.5,10.5],"texture":"#0"}}},{"from":[3.7237,10.71435,7.62464],"to":[4.2037,10.95435,9.12464],"rotation":{"angle":-45,"axis":"z","origin":[3.9637,10.95435,7.62464]},"faces":{"north":{"uv":[10,14.5,10.5,14],"texture":"#0"},"east":{"uv":[6.5,12,7,11],"rotation":270,"texture":"#0"},"south":{"uv":[14,10,14.5,10.5],"rotation":180,"texture":"#0"},"west":{"uv":[7.5,12,8,11],"rotation":90,"texture":"#0"},"up":{"uv":[6,12,6.5,11],"rotation":180,"texture":"#0"},"down":{"uv":[7,12,7.5,11],"texture":"#0"}}},{"from":[3.54549,3.67895,7.34864],"to":[4.04549,3.92895,7.84864],"rotation":{"angle":45,"axis":"z","origin":[3.79549,3.67895,7.34864]},"faces":{"north":{"uv":[8.5,14.5,9,14],"texture":"#0"},"east":{"uv":[14,8,14.5,7.5],"rotation":270,"texture":"#0"},"south":{"uv":[14,8.5,14.5,9],"rotation":180,"texture":"#0"},"west":{"uv":[14,8.5,14.5,8],"rotation":90,"texture":"#0"},"up":{"uv":[7.5,14.5,8,14],"rotation":180,"texture":"#0"},"down":{"uv":[8,14.5,8.5,14],"texture":"#0"}}},{"from":[3.7237,3.82742,7.62464],"to":[4.2037,4.06742,9.12464],"rotation":{"angle":45,"axis":"z","origin":[3.9637,3.82742,7.62464]},"faces":{"north":{"uv":[14.5,1,15,0.5],"texture":"#0"},"east":{"uv":[5.5,14,6,13],"rotation":270,"texture":"#0"},"south":{"uv":[1,14.5,1.5,15],"rotation":180,"texture":"#0"},"west":{"uv":[13,7,13.5,6],"rotation":90,"texture":"#0"},"up":{"uv":[13,6,13.5,5],"rotation":180,"texture":"#0"},"down":{"uv":[6,14,6.5,13],"texture":"#0"}}},{"from":[11.9557,10.85283,7.34864],"to":[12.4557,11.10283,7.84864],"rotation":{"angle":45,"axis":"z","origin":[12.2057,11.10283,7.34864]},"faces":{"north":{"uv":[10,14,10.5,13.5],"texture":"#0"},"east":{"uv":[13.5,9.5,14,9],"rotation":270,"texture":"#0"},"south":{"uv":[10.5,13.5,11,14],"rotation":180,"texture":"#0"},"west":{"uv":[13.5,10,14,9.5],"rotation":90,"texture":"#0"},"up":{"uv":[9,14,9.5,13.5],"rotation":180,"texture":"#0"},"down":{"uv":[9.5,14,10,13.5],"texture":"#0"}}},{"from":[11.7975,10.71435,7.62464],"to":[12.2775,10.95435,9.12464],"rotation":{"angle":45,"axis":"z","origin":[12.0375,10.95435,7.62464]},"faces":{"north":{"uv":[12,14.5,12.5,14],"texture":"#0"},"east":{"uv":[6,13,6.5,12],"rotation":270,"texture":"#0"},"south":{"uv":[14,12,14.5,12.5],"rotation":180,"texture":"#0"},"west":{"uv":[7,13,7.5,12],"rotation":90,"texture":"#0"},"up":{"uv":[5.5,13,6,12],"rotation":180,"texture":"#0"},"down":{"uv":[6.5,13,7,12],"texture":"#0"}}},{"from":[11.9557,3.67895,7.34864],"to":[12.4557,3.92895,7.84864],"rotation":{"angle":-45,"axis":"z","origin":[12.2057,3.67895,7.34864]},"faces":{"north":{"uv":[4,14.5,4.5,14],"texture":"#0"},"east":{"uv":[14,3.5,14.5,3],"rotation":270,"texture":"#0"},"south":{"uv":[14,4,14.5,4.5],"rotation":180,"texture":"#0"},"west":{"uv":[14,4,14.5,3.5],"rotation":90,"texture":"#0"},"up":{"uv":[3,14.5,3.5,14],"rotation":180,"texture":"#0"},"down":{"uv":[3.5,14.5,4,14],"texture":"#0"}}},{"from":[11.7975,3.82742,7.62464],"to":[12.2775,4.06742,9.12464],"rotation":{"angle":-45,"axis":"z","origin":[12.0375,3.82742,7.62464]},"faces":{"north":{"uv":[13.5,14.5,14,14],"texture":"#0"},"east":{"uv":[12.5,3,13,2],"rotation":270,"texture":"#0"},"south":{"uv":[14,13.5,14.5,14],"rotation":180,"texture":"#0"},"west":{"uv":[12.5,8,13,7],"rotation":90,"texture":"#0"},"up":{"uv":[12,13,12.5,12],"rotation":180,"texture":"#0"},"down":{"uv":[12.5,4,13,3],"texture":"#0"}}},{"from":[3.2506,4.14089,7.34864],"to":[3.7506,10.64089,7.84864],"rotation":{"angle":0,"axis":"y","origin":[3.5006,3.39089,7.34864]},"faces":{"north":{"uv":[1,14.5,1.5,11],"texture":"#0"},"east":{"uv":[11,0.5,14.5,0],"rotation":270,"texture":"#0"},"south":{"uv":[1.5,11,2,14.5],"rotation":180,"texture":"#0"},"west":{"uv":[11,1,14.5,0.5],"rotation":90,"texture":"#0"},"up":{"uv":[9,14.5,9.5,14],"rotation":180,"texture":"#0"},"down":{"uv":[14,9.5,14.5,9],"texture":"#0"}}},{"from":[3.4406,4.27089,7.62464],"to":[3.9206,10.51089,9.12464],"rotation":{"angle":0,"axis":"y","origin":[3.6806,3.55089,7.62464]},"faces":{"north":{"uv":[3,14,3.5,11],"texture":"#0"},"east":{"uv":[9,3,12,2],"rotation":270,"texture":"#0"},"south":{"uv":[3.5,11,4,14],"rotation":180,"texture":"#0"},"west":{"uv":[9,4,12,3],"rotation":90,"texture":"#0"},"up":{"uv":[6.5,14,7,13],"rotation":180,"texture":"#0"},"down":{"uv":[7,14,7.5,13],"texture":"#0"}}},{"from":[12.2506,4.14089,7.34864],"to":[12.7506,10.64089,7.84864],"rotation":{"angle":0,"axis":"y","origin":[12.5006,3.39089,7.34864]},"faces":{"north":{"uv":[0,14.5,0.5,11],"texture":"#0"},"east":{"uv":[6,11,9.5,10.5],"rotation":270,"texture":"#0"},"south":{"uv":[0.5,11,1,14.5],"rotation":180,"texture":"#0"},"west":{"uv":[9.5,11,13,10.5],"rotation":90,"texture":"#0"},"up":{"uv":[13.5,11,14,10.5],"rotation":180,"texture":"#0"},"down":{"uv":[11,14,11.5,13.5],"texture":"#0"}}},{"from":[12.0806,4.27089,7.62464],"to":[12.5606,10.51089,9.12464],"rotation":{"angle":0,"axis":"y","origin":[12.3206,3.55089,7.62464]},"faces":{"north":{"uv":[2,14,2.5,11],"texture":"#0"},"east":{"uv":[8.5,8,11.5,7],"rotation":270,"texture":"#0"},"south":{"uv":[2.5,11,3,14],"rotation":180,"texture":"#0"},"west":{"uv":[2,10,5,9],"rotation":90,"texture":"#0"},"up":{"uv":[12,8,12.5,7],"rotation":180,"texture":"#0"},"down":{"uv":[7.5,13,8,12],"texture":"#0"}}},{"from":[4.7506,3.17289,7.62464],"to":[6.0006,3.67289,8.37464],"rotation":{"angle":0,"axis":"y","origin":[0.0006,15.39089,9.12464]},"faces":{"north":{"uv":[14.5,2.5,15,2],"texture":"#0"},"east":{"uv":[1.5,15,2,14.5],"rotation":270,"texture":"#0"},"south":{"uv":[2.5,14.5,3,15],"rotation":180,"texture":"#0"},"west":{"uv":[2,15,2.5,14.5],"rotation":90,"texture":"#0"},"up":{"uv":[14.5,1.5,15,1],"rotation":180,"texture":"#0"},"down":{"uv":[14.5,2,15,1.5],"texture":"#0"}}},{"from":[10.0006,3.17289,7.62464],"to":[11.2506,3.67289,8.37464],"rotation":{"angle":0,"axis":"y","origin":[16.0006,15.39089,9.12464]},"faces":{"north":{"uv":[14.5,4,15,3.5],"texture":"#0"},"east":{"uv":[3,15,3.5,14.5],"rotation":270,"texture":"#0"},"south":{"uv":[4,14.5,4.5,15],"rotation":180,"texture":"#0"},"west":{"uv":[3.5,15,4,14.5],"rotation":90,"texture":"#0"},"up":{"uv":[14.5,3,15,2.5],"rotation":180,"texture":"#0"},"down":{"uv":[14.5,3.5,15,3],"texture":"#0"}}},{"from":[7.3756,3.17289,7.62464],"to":[8.6256,3.67289,8.37464],"rotation":{"angle":0,"axis":"y","origin":[13.3756,15.39089,9.12464]},"faces":{"north":{"uv":[14.5,5.5,15,5],"texture":"#0"},"east":{"uv":[4.5,15,5,14.5],"rotation":270,"texture":"#0"},"south":{"uv":[5.5,14.5,6,15],"rotation":180,"texture":"#0"},"west":{"uv":[5,15,5.5,14.5],"rotation":90,"texture":"#0"},"up":{"uv":[14.5,4.5,15,4],"rotation":180,"texture":"#0"},"down":{"uv":[14.5,5,15,4.5],"texture":"#0"}}},{"from":[7.2506,12.14089,7.87464],"to":[8.7506,12.39089,8.37464],"rotation":{"angle":0,"axis":"y","origin":[8.0006,12.26589,8.12464]},"faces":{"north":{"uv":[13,8,14,7.5],"texture":"#0"},"east":{"uv":[14.5,6,15,5.5],"rotation":270,"texture":"#0"},"south":{"uv":[13,8,14,8.5],"rotation":180,"texture":"#0"},"west":{"uv":[6,15,6.5,14.5],"rotation":90,"texture":"#0"},"up":{"uv":[13,7.5,14,7],"rotation":180,"texture":"#0"},"down":{"uv":[7.5,13.5,8.5,13],"texture":"#0"}}},{"from":[7.14359,11.67205,7.87464],"to":[7.39359,11.92205,8.37464],"rotation":{"angle":22.5,"axis":"z","origin":[6.14359,11.79705,8.12464]},"faces":{"north":{"uv":[14.5,7.5,15,7],"texture":"#0"},"east":{"uv":[6.5,15,7,14.5],"rotation":270,"texture":"#0"},"south":{"uv":[7.5,14.5,8,15],"rotation":180,"texture":"#0"},"west":{"uv":[7,15,7.5,14.5],"rotation":90,"texture":"#0"},"up":{"uv":[14.5,6.5,15,6],"rotation":180,"texture":"#0"},"down":{"uv":[14.5,7,15,6.5],"texture":"#0"}}},{"from":[8.60761,11.67205,7.87464],"to":[8.85761,11.92205,8.37464],"rotation":{"angle":-22.5,"axis":"z","origin":[9.85761,11.79705,8.12464]},"faces":{"north":{"uv":[3,15.5,3.5,15],"texture":"#0"},"east":{"uv":[15,2.5,15.5,2],"rotation":270,"texture":"#0"},"south":{"uv":[15,3,15.5,3.5],"rotation":180,"texture":"#0"},"west":{"uv":[15,3,15.5,2.5],"rotation":90,"texture":"#0"},"up":{"uv":[2,15.5,2.5,15],"rotation":180,"texture":"#0"},"down":{"uv":[2.5,15.5,3,15],"texture":"#0"}}},{"from":[6.89463,11.99344,7.87464],"to":[7.14463,12.24344,8.37464],"rotation":{"angle":45,"axis":"z","origin":[7.01963,12.11844,8.12464]},"faces":{"north":{"uv":[14.5,9,15,8.5],"texture":"#0"},"east":{"uv":[8,15,8.5,14.5],"rotation":270,"texture":"#0"},"south":{"uv":[9,14.5,9.5,15],"rotation":180,"texture":"#0"},"west":{"uv":[8.5,15,9,14.5],"rotation":90,"texture":"#0"},"up":{"uv":[14.5,8,15,7.5],"rotation":180,"texture":"#0"},"down":{"uv":[14.5,8.5,15,8],"texture":"#0"}}},{"from":[8.85657,11.99344,7.87464],"to":[9.10657,12.24344,8.37464],"rotation":{"angle":-45,"axis":"z","origin":[8.98157,12.11844,8.12464]},"faces":{"north":{"uv":[1.5,15.5,2,15],"texture":"#0"},"east":{"uv":[15,1,15.5,0.5],"rotation":270,"texture":"#0"},"south":{"uv":[15,1.5,15.5,2],"rotation":180,"texture":"#0"},"west":{"uv":[15,1.5,15.5,1],"rotation":90,"texture":"#0"},"up":{"uv":[0.5,15.5,1,15],"rotation":180,"texture":"#0"},"down":{"uv":[1,15.5,1.5,15],"texture":"#0"}}},{"from":[6.7855,11.83012,7.87464],"to":[7.0355,12.08012,8.37464],"rotation":{"angle":-22.5,"axis":"z","origin":[6.9105,11.95512,8.12464]},"faces":{"north":{"uv":[14.5,10.5,15,10],"texture":"#0"},"east":{"uv":[9.5,15,10,14.5],"rotation":270,"texture":"#0"},"south":{"uv":[10.5,14.5,11,15],"rotation":180,"texture":"#0"},"west":{"uv":[10,15,10.5,14.5],"rotation":90,"texture":"#0"},"up":{"uv":[14.5,9.5,15,9],"rotation":180,"texture":"#0"},"down":{"uv":[14.5,10,15,9.5],"texture":"#0"}}},{"from":[8.9657,11.83012,7.87464],"to":[9.2157,12.08012,8.37464],"rotation":{"angle":22.5,"axis":"z","origin":[9.0907,11.95512,8.12464]},"faces":{"north":{"uv":[0,15.5,0.5,15],"texture":"#0"},"east":{"uv":[14,15,14.5,14.5],"rotation":270,"texture":"#0"},"south":{"uv":[15,0,15.5,0.5],"rotation":180,"texture":"#0"},"west":{"uv":[14.5,15,15,14.5],"rotation":90,"texture":"#0"},"up":{"uv":[14.5,14,15,13.5],"rotation":180,"texture":"#0"},"down":{"uv":[14.5,14.5,15,14],"texture":"#0"}}},{"from":[6.74718,11.13747,7.87464],"to":[6.99718,11.88747,8.37464],"rotation":{"angle":0,"axis":"y","origin":[6.87218,11.76247,8.12464]},"faces":{"north":{"uv":[14.5,12,15,11.5],"texture":"#0"},"east":{"uv":[11,15,11.5,14.5],"rotation":270,"texture":"#0"},"south":{"uv":[12,14.5,12.5,15],"rotation":180,"texture":"#0"},"west":{"uv":[11.5,15,12,14.5],"rotation":90,"texture":"#0"},"up":{"uv":[14.5,11,15,10.5],"rotation":180,"texture":"#0"},"down":{"uv":[14.5,11.5,15,11],"texture":"#0"}}},{"from":[9.00402,11.13747,7.87464],"to":[9.25402,11.88747,8.37464],"rotation":{"angle":0,"axis":"y","origin":[9.12902,11.76247,8.12464]},"faces":{"north":{"uv":[14.5,13.5,15,13],"texture":"#0"},"east":{"uv":[12.5,15,13,14.5],"rotation":270,"texture":"#0"},"south":{"uv":[13.5,14.5,14,15],"rotation":180,"texture":"#0"},"west":{"uv":[13,15,13.5,14.5],"rotation":90,"texture":"#0"},"up":{"uv":[14.5,12.5,15,12],"rotation":180,"texture":"#0"},"down":{"uv":[14.5,13,15,12.5],"texture":"#0"}}},{"from":[6.2506,5.64089,7.43964],"to":[9.7506,9.14089,7.43964],"rotation":{"angle":0,"axis":"y","origin":[7.7506,7.64089,1.59864]},"faces":{"north":{"uv":[0,16,16,0],"texture":"#1"},"east":{"uv":[14,16,16,15.5],"rotation":270,"texture":"#0"},"south":{"uv":[15.5,15.5,16,16],"rotation":180,"texture":"#0"},"west":{"uv":[14,16,16,15.5],"rotation":90,"texture":"#0"},"up":{"uv":[14,16,16,15.5],"rotation":180,"texture":"#0"},"down":{"uv":[14,16,16,15.5],"texture":"#0"}}}],"gui_light":"front","display":{"thirdperson_righthand":{"rotation":[144.25,-90,55],"translation":[0.25,-2,-4]},"thirdperson_lefthand":{"rotation":[144.25,-90,55],"translation":[0.25,-2,-4]},"firstperson_righthand":{"rotation":[0,90,25],"translation":[2.5,2.35,0.8],"scale":[0.68,0.68,0.68]},"firstperson_lefthand":{"rotation":[0,90,25],"translation":[2.5,2.35,0.8],"scale":[0.68,0.68,0.68]},"ground":{"rotation":[90,0,0],"translation":[0,-3.25,0]},"gui":{"rotation":[30,225,0],"translation":[0.25,0.5,0],"scale":[1.4,1.4,1.4]}}}