{"textures":{"texture":"item/alch/moneybag"},"elements":[{"from":[5.5,0,-2.5],"to":[10.5,16,18.5],"faces":{"north":{"uv":[11,6.5,14.5,12],"texture":"#texture"},"east":{"uv":[0,0,9.5,5.5],"texture":"#texture"},"south":{"uv":[11,6.5,14.5,12],"texture":"#texture"},"west":{"uv":[0,0,9.5,6],"texture":"#texture"},"up":{"uv":[11,6.5,14.5,12],"texture":"#texture"},"down":{"uv":[0,0,9.5,6],"texture":"#texture"}}},{"from":[7,16,15],"to":[9,16.5,16],"faces":{"north":{"uv":[7,15.5,9,16],"texture":"#texture"},"east":{"uv":[1.5,7,9.5,12],"texture":"#texture"},"south":{"uv":[2,9,9,13],"texture":"#texture"},"west":{"uv":[2,7,8.5,11.5],"texture":"#texture"},"up":{"uv":[2.5,10,9,13],"texture":"#texture"},"down":{"uv":[1.5,7,8,11],"texture":"#texture"}}},{"from":[7,16,13.5],"to":[9,16.5,14.5],"faces":{"north":{"uv":[2,8.5,6.5,11],"texture":"#texture"},"east":{"uv":[1.5,7,8,12],"texture":"#texture"},"south":{"uv":[2.5,8,7,11.5],"texture":"#texture"},"west":{"uv":[2.5,9.5,7,13],"texture":"#texture"},"up":{"uv":[2.5,8,9.5,12.5],"texture":"#texture"},"down":{"uv":[2.5,7.5,6,10],"texture":"#texture"}}},{"from":[7,16,12],"to":[9,16.5,13],"faces":{"north":{"uv":[1.5,7,7.5,12.5],"texture":"#texture"},"east":{"uv":[1,7,8,11.5],"texture":"#texture"},"south":{"uv":[2.5,8.5,7.5,12],"texture":"#texture"},"west":{"uv":[3,7.5,8,12],"texture":"#texture"},"up":{"uv":[1,7.5,9,12],"texture":"#texture"},"down":{"uv":[1,7,7,12],"texture":"#texture"}}},{"from":[7,16,0],"to":[9,16.5,1],"faces":{"north":{"uv":[0.5,7,9,13],"texture":"#texture"},"east":{"uv":[1.5,7,7.5,12],"texture":"#texture"},"south":{"uv":[2.5,7,8,12],"texture":"#texture"},"west":{"uv":[2.5,7.5,8,11.5],"texture":"#texture"},"up":{"uv":[0.5,7.5,9,12],"texture":"#texture"},"down":{"uv":[1,7,7,11],"texture":"#texture"}}},{"from":[7,16,1.5],"to":[9,16.5,2.5],"faces":{"north":{"uv":[1,8,7,12],"texture":"#texture"},"east":{"uv":[1.5,7.5,8.5,12],"texture":"#texture"},"south":{"uv":[2,7.5,8.5,11.5],"texture":"#texture"},"west":{"uv":[0.5,7.5,8,12],"texture":"#texture"},"up":{"uv":[1,7.5,7,11],"texture":"#texture"},"down":{"uv":[1.5,7.5,7.5,11],"texture":"#texture"}}},{"from":[7,16,3],"to":[9,16.5,4],"faces":{"north":{"uv":[1.5,7.5,8.5,10.5],"texture":"#texture"},"east":{"uv":[3,7.5,8.5,11.5],"texture":"#texture"},"south":{"uv":[1,8,6,11.5],"texture":"#texture"},"west":{"uv":[2.5,7.5,8,11.5],"texture":"#texture"},"up":{"uv":[1,7.5,6.5,11.5],"texture":"#texture"},"down":{"uv":[1.5,7,8,11],"texture":"#texture"}}},{"from":[7.5,16,4.5],"to":[8.5,20,5],"faces":{"north":{"uv":[1,13.5,7.5,16],"texture":"#texture"},"east":{"uv":[1,13.5,8.5,16],"texture":"#texture"},"south":{"uv":[2.5,13.5,5.5,16],"texture":"#texture"},"west":{"uv":[2.5,13.5,7,16],"texture":"#texture"},"up":{"uv":[2.5,13.5,7.5,16],"texture":"#texture"},"down":{"uv":[1,14,4.5,16],"texture":"#texture"}}},{"from":[7.5,16,11],"to":[8.5,20,11.5],"faces":{"north":{"uv":[1.5,13.5,7,16],"texture":"#texture"},"east":{"uv":[1,13.5,8,16],"texture":"#texture"},"south":{"uv":[7.5,14,8.5,16],"texture":"#texture"},"west":{"uv":[1.5,13.5,6.5,16],"texture":"#texture"},"up":{"uv":[2,13.5,6,16],"texture":"#texture"},"down":{"uv":[1.5,13.5,5.5,16],"texture":"#texture"}}},{"from":[7,19,5.5],"to":[9,20.5,10.5],"faces":{"north":{"uv":[10.5,0.5,15.5,3.5],"texture":"#texture"},"east":{"uv":[11.5,0.5,15.5,3.5],"texture":"#texture"},"south":{"uv":[10.5,0.5,15.5,3.5],"texture":"#texture"},"west":{"uv":[10,0.5,15.5,4],"texture":"#texture"},"up":{"uv":[10.5,0.5,15.5,3],"texture":"#texture"},"down":{"uv":[10.5,1,14,3.5],"texture":"#texture"}}},{"from":[7.5,19.5,5],"to":[8.5,20,11],"faces":{"north":{"uv":[2.5,13.5,8,16],"texture":"#texture"},"east":{"uv":[1.5,13.5,6,15.5],"rotation":270,"texture":"#texture"},"south":{"uv":[1,13.5,7.5,16],"texture":"#texture"},"west":{"uv":[2,13.5,8,15],"rotation":90,"texture":"#texture"},"up":{"uv":[8.5,16,2,13.5],"texture":"#texture"},"down":{"uv":[7.5,13.5,3,16],"texture":"#texture"}}}],"display":{"thirdperson_righthand":{"rotation":[89,0,0],"translation":[0,-1.95,-6.26],"scale":[0.65,0.65,0.8]},"thirdperson_lefthand":{"rotation":[89,0,0],"translation":[0,-1.95,-6.26],"scale":[0.65,0.65,0.8]},"firstperson_righthand":{"rotation":[0,45,0],"scale":[0.4,0.4,0.4]},"firstperson_lefthand":{"rotation":[0,45,0],"scale":[0.4,0.4,0.4]},"ground":{"rotation":[180,0,90],"translation":[0,-2.086,0]},"gui":{"rotation":[30,225,0],"translation":[0,-0.695,0],"scale":[0.6,0.6,0.6]},"fixed":{"rotation":[0,88,0]}}}