{
	"credit": "Made with Blockbench",
	"parent": "minecraft:block/rail_flat",
	"textures": {
		"1": "rail/smooth_stone",
		"2": "rail/rail",
		"particle": "rail/smooth_stone"
	},
	"elements": [
		{
			"from": [-10.7, 4.3, 6],
			"to": [27.3, 4.8, 8],
			"rotation": {"angle": 45, "axis": "x", "origin": [8.3, 12.3, 14]},
			"faces": {
				"north": {"uv": [0, 0, 16, 0.5], "texture": "#1"},
				"east": {"uv": [0, 0, 2, 0.5], "texture": "#1"},
				"south": {"uv": [0, 0, 16, 0.5], "texture": "#1"},
				"west": {"uv": [0, 0, 2, 0.5], "texture": "#1"},
				"up": {"uv": [0, 0, 16, 2], "texture": "#1"},
				"down": {"uv": [0, 0, 16, 2], "texture": "#1"}
			}
		},
		{
			"from": [-11, 8.3, 2],
			"to": [27, 8.8, 4],
			"rotation": {"angle": 45, "axis": "x", "origin": [8, 16.3, 10]},
			"faces": {
				"north": {"uv": [0, 0, 16, 0.5], "texture": "#1"},
				"east": {"uv": [0, 0, 2, 0.5], "texture": "#1"},
				"south": {"uv": [0, 0, 16, 0.5], "texture": "#1"},
				"west": {"uv": [0, 0, 2, 0.5], "texture": "#1"},
				"up": {"uv": [0, 0, 16, 2], "texture": "#1"},
				"down": {"uv": [0, 0, 16, 2], "texture": "#1"}
			}
		},
		{
			"from": [-11, 0.3, 10],
			"to": [27, 0.8, 12],
			"rotation": {"angle": 45, "axis": "x", "origin": [8, 8.3, 18]},
			"faces": {
				"north": {"uv": [0, 0, 16, 0.5], "texture": "#1"},
				"east": {"uv": [0, 0, 2, 0.5], "texture": "#1"},
				"south": {"uv": [0, 0, 16, 0.5], "texture": "#1"},
				"west": {"uv": [0, 0, 2, 0.5], "texture": "#1"},
				"up": {"uv": [0, 0, 16, 2], "texture": "#1"},
				"down": {"uv": [0, 0, 16, 2], "texture": "#1"}
			}
		},
		{
			"from": [-11, -4.7, 15],
			"to": [27, -4.2, 17],
			"rotation": {"angle": 45, "axis": "x", "origin": [8, 3.3, 23]},
			"faces": {
				"north": {"uv": [0, 0, 16, 0.5], "texture": "#1"},
				"east": {"uv": [0, 0, 2, 0.5], "texture": "#1"},
				"south": {"uv": [0, 0, 16, 0.5], "texture": "#1"},
				"west": {"uv": [0, 0, 2, 0.5], "texture": "#1"},
				"up": {"uv": [0, 0, 16, 2], "texture": "#1"},
				"down": {"uv": [0, 0, 16, 2], "texture": "#1"}
			}
		},
		{
			"from": [-4.1, 8.3, 2],
			"to": [-2.6, 8.9, 25],
			"rotation": {"angle": 45, "axis": "x", "origin": [3.9, 16.3, 10]},
			"faces": {
				"north": {"uv": [0, 0, 1, 1], "texture": "#1"},
				"east": {"uv": [4, 1, 12, 3], "texture": "#2"},
				"south": {"uv": [0, 0, 1, 1], "texture": "#1"},
				"west": {"uv": [4, 1, 12, 3], "texture": "#2"},
				"up": {"uv": [8, 14, 11, 15], "texture": "#2"},
				"down": {"uv": [2, 0, 3, 16], "texture": "#2"}
			}
		},
		{
			"from": [18.8, 8, 1.9],
			"to": [19.8, 8.6, 25.6],
			"rotation": {"angle": 45, "axis": "x", "origin": [26.5, 16, 11.1]},
			"faces": {
				"north": {"uv": [0, 0, 1, 1], "texture": "#1"},
				"east": {"uv": [4, 1, 12, 3], "texture": "#2"},
				"south": {"uv": [0, 0, 1, 1], "texture": "#1"},
				"west": {"uv": [4, 1, 12, 3], "texture": "#2"},
				"up": {"uv": [12, 0, 14, 16], "texture": "#2"},
				"down": {"uv": [2, 0, 3, 16], "texture": "#2"}
			}
		},
		{
			"from": [18.575, 8.6, 2.3],
			"to": [20.075, 9.2, 26.3],
			"rotation": {"angle": 45, "axis": "x", "origin": [26.575, 16.6, 11.3]},
			"faces": {
				"north": {"uv": [0, 0, 1, 1], "texture": "#1"},
				"east": {"uv": [4, 1, 12, 3], "texture": "#2"},
				"south": {"uv": [0, 0, 1, 1], "texture": "#1"},
				"west": {"uv": [4, 1, 12, 3], "texture": "#2"},
				"up": {"uv": [9, 14, 11, 15], "texture": "#2"},
				"down": {"uv": [2, 0, 3, 16], "texture": "#2"}
			}
		},
		{
			"from": [-3.8, 8.3, 2.2],
			"to": [-2.8, 8.9, 25.2],
			"rotation": {"angle": 45, "axis": "x", "origin": [3.9, 16.3, 10.7]},
			"faces": {
				"north": {"uv": [0, 0, 1, 1], "texture": "#1"},
				"east": {"uv": [4, 1, 12, 3], "texture": "#2"},
				"south": {"uv": [0, 0, 1, 1], "texture": "#1"},
				"west": {"uv": [4, 1, 12, 3], "texture": "#2"},
				"up": {"uv": [12, 0, 14, 16], "texture": "#2"},
				"down": {"uv": [2, 0, 3, 16], "texture": "#2"}
			}
		},
		{
			"from": [-4.1, 8.7, 2.6],
			"to": [-2.6, 9.3, 25.6],
			"rotation": {"angle": 45, "axis": "x", "origin": [3.9, 16.7, 11.1]},
			"faces": {
				"north": {"uv": [0, 0, 1, 1], "texture": "#1"},
				"east": {"uv": [4, 1, 12, 3], "texture": "#2"},
				"south": {"uv": [0, 0, 1, 1], "texture": "#1"},
				"west": {"uv": [4, 1, 12, 3], "texture": "#2"},
				"up": {"uv": [12, 0, 14, 16], "texture": "#2"},
				"down": {"uv": [2, 0, 3, 16], "texture": "#2"}
			}
		},
		{
			"from": [18.5, 7.6, 3],
			"to": [20, 8.2, 25.2],
			"rotation": {"angle": 45, "axis": "x", "origin": [26.5, 15.6, 10.7]},
			"faces": {
				"north": {"uv": [0, 0, 1, 1], "texture": "#1"},
				"east": {"uv": [4, 1, 12, 3], "texture": "#2"},
				"south": {"uv": [0, 0, 1, 1], "texture": "#1"},
				"west": {"uv": [4, 1, 12, 3], "texture": "#2"},
				"up": {"uv": [12, 0, 14, 16], "texture": "#2"},
				"down": {"uv": [2, 0, 3, 16], "texture": "#2"}
			}
		}
	],
	"groups": [
		{
			"name": "group",
			"origin": [8, 8, 8],
			"children": [0, 1, 2, 3, 4, 5, 6, 7, 8, 9]
		}
	]
}