{
	"credit": "Made with Blockbench",
	"parent": "minecraft:block/rail_flat",
	"textures": {
		"1": "rail/smooth_stone",
		"2": "rail/rail",
		"particle": "rail/smooth_stone"
	},
	"elements": [
		{
			"from": [-10.7, 6.9, -4],
			"to": [27.3, 7.4, -2],
			"rotation": {"angle": -45, "axis": "x", "origin": [8.3, 14.9, 4]},
			"faces": {
				"north": {"uv": [0, 0, 16, 0.5], "texture": "#1"},
				"east": {"uv": [0, 0, 2, 0.5], "texture": "#1"},
				"south": {"uv": [0, 0, 16, 0.5], "texture": "#1"},
				"west": {"uv": [0, 0, 2, 0.5], "texture": "#1"},
				"up": {"uv": [0, 0, 16, 2], "texture": "#1"},
				"down": {"uv": [0, 0, 16, 2], "texture": "#1"}
			}
		},
		{
			"from": [-11, 3.2, -8],
			"to": [27, 3.7, -6],
			"rotation": {"angle": -45, "axis": "x", "origin": [8, 11.2, 0]},
			"faces": {
				"north": {"uv": [0, 0, 16, 0.5], "texture": "#1"},
				"east": {"uv": [0, 0, 2, 0.5], "texture": "#1"},
				"south": {"uv": [0, 0, 16, 0.5], "texture": "#1"},
				"west": {"uv": [0, 0, 2, 0.5], "texture": "#1"},
				"up": {"uv": [0, 0, 16, 2], "texture": "#1"},
				"down": {"uv": [0, 0, 16, 2], "texture": "#1"}
			}
		},
		{
			"from": [-11, 10.9, 0],
			"to": [27, 11.4, 2],
			"rotation": {"angle": -45, "axis": "x", "origin": [8, 18.9, 8]},
			"faces": {
				"north": {"uv": [0, 0, 16, 0.5], "texture": "#1"},
				"east": {"uv": [0, 0, 2, 0.5], "texture": "#1"},
				"south": {"uv": [0, 0, 16, 0.5], "texture": "#1"},
				"west": {"uv": [0, 0, 2, 0.5], "texture": "#1"},
				"up": {"uv": [0, 0, 16, 2], "texture": "#1"},
				"down": {"uv": [0, 0, 16, 2], "texture": "#1"}
			}
		},
		{
			"from": [-11, 15.9, 5],
			"to": [27, 16.4, 7],
			"rotation": {"angle": -45, "axis": "x", "origin": [8, 23.9, 13]},
			"faces": {
				"north": {"uv": [0, 0, 16, 0.5], "texture": "#1"},
				"east": {"uv": [0, 0, 2, 0.5], "texture": "#1"},
				"south": {"uv": [0, 0, 16, 0.5], "texture": "#1"},
				"west": {"uv": [0, 0, 2, 0.5], "texture": "#1"},
				"up": {"uv": [0, 0, 16, 2], "texture": "#1"},
				"down": {"uv": [0, 0, 16, 2], "texture": "#1"}
			}
		},
		{
			"from": [-4.1, 4.3, -8],
			"to": [-2.6, 4.9, 15],
			"rotation": {"angle": -45, "axis": "x", "origin": [3.9, 12.3, 0]},
			"faces": {
				"north": {"uv": [0, 0, 1, 1], "texture": "#1"},
				"east": {"uv": [4, 1, 12, 3], "texture": "#2"},
				"south": {"uv": [0, 0, 1, 1], "texture": "#1"},
				"west": {"uv": [4, 1, 12, 3], "texture": "#2"},
				"up": {"uv": [8, 14, 11, 15], "texture": "#2"},
				"down": {"uv": [2, 0, 3, 16], "texture": "#2"}
			}
		},
		{
			"from": [18.8, 4, -7.7],
			"to": [19.8, 4.6, 14.8],
			"rotation": {"angle": -45, "axis": "x", "origin": [26.5, 12, 0.3]},
			"faces": {
				"north": {"uv": [0, 0, 1, 1], "texture": "#1"},
				"east": {"uv": [4, 1, 12, 3], "texture": "#2"},
				"south": {"uv": [0, 0, 1, 1], "texture": "#1"},
				"west": {"uv": [4, 1, 12, 3], "texture": "#2"},
				"up": {"uv": [12, 0, 14, 16], "texture": "#2"},
				"down": {"uv": [2, 0, 3, 16], "texture": "#2"}
			}
		},
		{
			"from": [18.475, 4.4, -8],
			"to": [19.975, 5, 15],
			"rotation": {"angle": -45, "axis": "x", "origin": [26.475, 12.4, 0]},
			"faces": {
				"north": {"uv": [0, 0, 1, 1], "texture": "#1"},
				"east": {"uv": [4, 1, 12, 3], "texture": "#2"},
				"south": {"uv": [0, 0, 1, 1], "texture": "#1"},
				"west": {"uv": [4, 1, 12, 3], "texture": "#2"},
				"up": {"uv": [9, 14, 11, 15], "texture": "#2"},
				"down": {"uv": [2, 0, 3, 16], "texture": "#2"}
			}
		},
		{
			"from": [-3.8, 4, -7.7],
			"to": [-2.8, 4.6, 14.8],
			"rotation": {"angle": -45, "axis": "x", "origin": [3.9, 12, 0.3]},
			"faces": {
				"north": {"uv": [0, 0, 1, 1], "texture": "#1"},
				"east": {"uv": [4, 1, 12, 3], "texture": "#2"},
				"south": {"uv": [0, 0, 1, 1], "texture": "#1"},
				"west": {"uv": [4, 1, 12, 3], "texture": "#2"},
				"up": {"uv": [12, 0, 14, 16], "texture": "#2"},
				"down": {"uv": [2, 0, 3, 16], "texture": "#2"}
			}
		},
		{
			"from": [-4.1, 3.6, -7.3],
			"to": [-2.6, 4.2, 15.2],
			"rotation": {"angle": -45, "axis": "x", "origin": [3.9, 11.6, 0.7]},
			"faces": {
				"north": {"uv": [0, 0, 1, 1], "texture": "#1"},
				"east": {"uv": [4, 1, 12, 3], "texture": "#2"},
				"south": {"uv": [0, 0, 1, 1], "texture": "#1"},
				"west": {"uv": [4, 1, 12, 3], "texture": "#2"},
				"up": {"uv": [12, 0, 14, 16], "texture": "#2"},
				"down": {"uv": [2, 0, 3, 16], "texture": "#2"}
			}
		},
		{
			"from": [18.5, 3.6, -7.3],
			"to": [20, 4.2, 15.2],
			"rotation": {"angle": -45, "axis": "x", "origin": [26.5, 11.6, 0.7]},
			"faces": {
				"north": {"uv": [0, 0, 1, 1], "texture": "#1"},
				"east": {"uv": [4, 1, 12, 3], "texture": "#2"},
				"south": {"uv": [0, 0, 1, 1], "texture": "#1"},
				"west": {"uv": [4, 1, 12, 3], "texture": "#2"},
				"up": {"uv": [12, 0, 14, 16], "texture": "#2"},
				"down": {"uv": [2, 0, 3, 16], "texture": "#2"}
			}
		}
	],
	"groups": [
		{
			"name": "group",
			"origin": [8, 8, 8],
			"children": [0, 1, 2, 3, 4, 5, 6, 7, 8, 9]
		}
	]
}