{"texture_size":[64,64],"textures":{"0":"item/moon/paint","1":"item/moon/1","particle":"item/moon/paint"},"elements":[{"from":[-4,16,0],"to":[20,17,1],"faces":{"north":{"uv":[6,0,12,0.25],"texture":"#0"},"east":{"uv":[7,2.5,7.25,2.75],"texture":"#0"},"south":{"uv":[6,0.25,12,0.5],"texture":"#0"},"west":{"uv":[7,2.75,7.25,3],"texture":"#0"},"up":{"uv":[12,0.75,6,0.5],"texture":"#0"},"down":{"uv":[12,0.75,6,1],"texture":"#0"}}},{"from":[-4,0,0],"to":[20,1,1],"faces":{"north":{"uv":[6,1,12,1.25],"texture":"#0"},"east":{"uv":[7,3.5,7.25,3.75],"texture":"#0"},"south":{"uv":[6,1.25,12,1.5],"texture":"#0"},"west":{"uv":[7,3.75,7.25,4],"texture":"#0"},"up":{"uv":[12,1.75,6,1.5],"texture":"#0"},"down":{"uv":[12,1.75,6,2],"texture":"#0"}}},{"from":[-4,1,0],"to":[20,16,0],"faces":{"north":{"uv":[0,0,6,3.75],"texture":"#0"},"east":{"uv":[0,0,0,3.75],"texture":"#0"},"south":{"uv":[0,3.26563,15.8125,13.15625],"texture":"#1"},"west":{"uv":[0,0,0,3.75],"texture":"#0"},"up":{"uv":[6,0,0,0],"texture":"#0"},"down":{"uv":[6,0,0,0],"texture":"#0"}}},{"from":[-5,0,0],"to":[-4,17,1],"faces":{"north":{"uv":[6.5,2,6.75,6.25],"texture":"#0"},"east":{"uv":[6.5,6.25,6.75,10.5],"texture":"#0"},"south":{"uv":[6.75,2,7,6.25],"texture":"#0"},"west":{"uv":[6.75,6.25,7,10.5],"texture":"#0"},"up":{"uv":[7.25,3.25,7,3],"texture":"#0"},"down":{"uv":[7.25,3.25,7,3.5],"texture":"#0"}}},{"from":[20,0,0],"to":[21,17,1],"rotation":{"angle":0,"axis":"y","origin":[16,0,0]},"faces":{"north":{"uv":[6,2,6.25,6.25],"texture":"#0"},"east":{"uv":[6.25,2,6.5,6.25],"texture":"#0"},"south":{"uv":[6,6.25,6.25,10.5],"texture":"#0"},"west":{"uv":[6.25,6.25,6.5,10.5],"texture":"#0"},"up":{"uv":[7.25,2.25,7,2],"texture":"#0"},"down":{"uv":[7.25,2.25,7,2.5],"texture":"#0"}}}],"display":{"fixed":{"rotation":[0,-180,0],"translation":[0,-1.25,-24.02],"scale":[3,3,3]}}}