{
"parent":"item/handheld",
"overrides":[
{"predicate":{"custom_model_data":101},"model":"megat/101"},
{"predicate":{"custom_model_data":102},"model":"megat/102"},
{"predicate":{"custom_model_data":103},"model":"megat/103"},
{"predicate":{"custom_model_data":104},"model":"megat/104"},
{"predicate":{"custom_model_data":105},"model":"megat/105"},
{"predicate":{"custom_model_data":106},"model":"megat/106"},
{"predicate":{"custom_model_data":107},"model":"megat/107"},
{"predicate":{"custom_model_data":108},"model":"megat/108"},
{"predicate":{"custom_model_data":109},"model":"megat/109"},
{"predicate":{"custom_model_data":110},"model":"megat/110"},
{"predicate":{"custom_model_data":111},"model":"megat/111"},
{"predicate":{"custom_model_data":112},"model":"megat/112"},
{"predicate":{"custom_model_data":113},"model":"megat/113"},
{"predicate":{"custom_model_data":114},"model":"megat/114"},
{"predicate":{"custom_model_data":115},"model":"megat/115"},
{"predicate":{"custom_model_data":116},"model":"megat/116"},
{"predicate":{"custom_model_data":117},"model":"megat/117"},
{"predicate":{"custom_model_data":118},"model":"megat/118"},
{"predicate":{"custom_model_data":119},"model":"megat/119"},
{"predicate":{"custom_model_data":120},"model":"megat/120"},
{"predicate":{"custom_model_data":121},"model":"megat/121"},
{"predicate":{"custom_model_data":122},"model":"megat/122"},
{"predicate":{"custom_model_data":123},"model":"megat/123"},
{"predicate":{"custom_model_data":124},"model":"megat/124"},
{"predicate":{"custom_model_data":125},"model":"megat/125"},
{"predicate":{"custom_model_data":201},"model":"purple/201"},
{"predicate":{"custom_model_data":301},"model":"alch/301"},
{"predicate":{"custom_model_data":302},"model":"alch/302"},
{"predicate":{"custom_model_data":303},"model":"alch/303"},
{"predicate":{"custom_model_data":304},"model":"alch/304"},
{"predicate":{"custom_model_data":305},"model":"alch/305"},
{"predicate":{"custom_model_data":306},"model":"alch/306"},
{"predicate":{"custom_model_data":307},"model":"alch/307"},
{"predicate":{"custom_model_data":308},"model":"alch/308"},
{"predicate":{"custom_model_data":401},"model":"adg/401"},
{"predicate":{"custom_model_data":501},"model":"moon/501"},
{"predicate":{"custom_model_data":502},"model":"moon/502"},
{"predicate":{"custom_model_data":503},"model":"moon/503"},
{"predicate":{"custom_model_data":504},"model":"moon/504"},
{"predicate":{"custom_model_data":505},"model":"moon/505"},
{"predicate":{"custom_model_data":506},"model":"moon/506"},
{"predicate":{"custom_model_data":507},"model":"moon/507"},
{"predicate":{"custom_model_data":508},"model":"moon/508"},
{"predicate":{"custom_model_data":509},"model":"moon/509"},
{"predicate":{"custom_model_data":510},"model":"moon/510"},
{"predicate":{"custom_model_data":601},"model":"boni/601"}
]
}