{"texture_size":[128,128],"textures":{"1":"item/megat/2"},"elements":[{"from":[0,-10,0],"to":[16,-9,16],"faces":{"north":{"uv":[6.875,2.25,8.875,2.375],"texture":"#1"},"east":{"uv":[6.875,4.125,8.875,4.25],"texture":"#1"},"south":{"uv":[6.875,4.375,8.875,4.5],"texture":"#1"},"west":{"uv":[6.875,4.625,8.875,4.75],"texture":"#1"},"up":{"uv":[5,2,3,0],"texture":"#1"},"down":{"uv":[5,2.125,3,4.125],"texture":"#1"}}},{"from":[2.5,-9,1],"to":[13.5,-2,10],"faces":{"north":{"uv":[5.125,2.625,6.5,3.5],"texture":"#1"},"east":{"uv":[1.25,5.375,2.375,6.25],"texture":"#1"},"south":{"uv":[4.25,5.125,5.625,6],"texture":"#1"},"west":{"uv":[2.5,5.5,3.625,6.375],"texture":"#1"},"up":{"uv":[2.625,5.25,1.25,4.125],"texture":"#1"},"down":{"uv":[4.125,4.25,2.75,5.375],"texture":"#1"}}},{"from":[2.5,-9,11],"to":[13.5,23,15],"faces":{"north":{"uv":[0,0,1.375,4],"texture":"#1"},"east":{"uv":[0,4.125,0.5,8.125],"texture":"#1"},"south":{"uv":[1.5,0,2.875,4],"texture":"#1"},"west":{"uv":[0.625,4.125,1.125,8.125],"texture":"#1"},"up":{"uv":[6.5,4.125,5.125,3.625],"texture":"#1"},"down":{"uv":[7.125,5.125,5.75,5.625],"texture":"#1"}}},{"from":[1.5,23,10],"to":[14.5,29,16],"faces":{"north":{"uv":[4.25,4.25,5.875,5],"texture":"#1"},"east":{"uv":[6,4.25,6.75,5],"texture":"#1"},"south":{"uv":[5.125,0,6.75,0.75],"texture":"#1"},"west":{"uv":[4.875,6.125,5.625,6.875],"texture":"#1"},"up":{"uv":[6.75,1.625,5.125,0.875],"texture":"#1"},"down":{"uv":[6.75,1.75,5.125,2.5],"texture":"#1"}}},{"from":[-6.5,-9.5,14],"to":[-2.5,-5.5,15],"rotation":{"angle":-22.5,"axis":"z","origin":[-2.5,-4.91667,6.5]},"faces":{"north":{"uv":[6.875,5.75,7.375,6.25],"texture":"#1"},"east":{"uv":[3.5,6.5,3.625,7],"texture":"#1"},"south":{"uv":[6.875,6.375,7.375,6.875],"texture":"#1"},"west":{"uv":[5.5,7,5.625,7.5],"texture":"#1"},"up":{"uv":[7.875,3.375,7.375,3.25],"texture":"#1"},"down":{"uv":[7.875,3.5,7.375,3.625],"texture":"#1"}}},{"from":[-6.5,-9.5,8],"to":[-2.5,-5.5,9],"rotation":{"angle":-22.5,"axis":"z","origin":[-2.5,-4.91667,6.5]},"faces":{"north":{"uv":[6.875,5.75,7.375,6.25],"texture":"#1"},"east":{"uv":[3.5,6.5,3.625,7],"texture":"#1"},"south":{"uv":[6.875,6.375,7.375,6.875],"texture":"#1"},"west":{"uv":[5.5,7,5.625,7.5],"texture":"#1"},"up":{"uv":[7.875,3.375,7.375,3.25],"texture":"#1"},"down":{"uv":[7.875,3.5,7.375,3.625],"texture":"#1"}}},{"from":[-5.5,-9,10.5],"to":[-3.5,13,12.5],"rotation":{"angle":-22.5,"axis":"z","origin":[-2.5,-4.91667,6.5]},"faces":{"north":{"uv":[3.75,5.5,4,8.25],"texture":"#1"},"east":{"uv":[5.75,5.75,6,8.5],"texture":"#1"},"south":{"uv":[3.75,5.5,4,8.25],"texture":"#1"},"west":{"uv":[5.75,5.75,6,8.5],"texture":"#1"},"up":{"uv":[7.75,6.125,7.5,5.875],"texture":"#1"},"down":{"uv":[7.75,6.25,7.5,6.5],"texture":"#1"}}},{"from":[-7,-10,15],"to":[-2,-5,17],"rotation":{"angle":-22.5,"axis":"z","origin":[-2.5,-4.91667,6.5]},"faces":{"north":{"uv":[6.875,0.75,7.5,1.375],"texture":"#1"},"east":{"uv":[7.25,4.875,7.5,5.5],"texture":"#1"},"south":{"uv":[6.875,1.5,7.5,2.125],"texture":"#1"},"west":{"uv":[6.125,7.25,6.375,7.875],"texture":"#1"},"up":{"uv":[8,2.75,7.375,2.5],"texture":"#1"},"down":{"uv":[8,2.875,7.375,3.125],"texture":"#1"}}},{"from":[-7,-10,6],"to":[-2,-5,8],"rotation":{"angle":-22.5,"axis":"z","origin":[-2.5,-4.91667,6.5]},"faces":{"north":{"uv":[7.5,1.5,6.875,2.125],"texture":"#1"},"east":{"uv":[7.5,4.875,7.25,5.5],"texture":"#1"},"south":{"uv":[7.5,0.75,6.875,1.375],"texture":"#1"},"west":{"uv":[6.375,7.25,6.125,7.875],"texture":"#1"},"up":{"uv":[8,2.5,7.375,2.75],"texture":"#1"},"down":{"uv":[8,3.125,7.375,2.875],"texture":"#1"}}},{"from":[-7,-10,9],"to":[-2,-5,14],"rotation":{"angle":-22.5,"axis":"z","origin":[-2.5,-4.91667,6.5]},"faces":{"north":{"uv":[1.875,7,1.25,6.375],"texture":"#1"},"east":{"uv":[1.875,7,1.25,6.375],"texture":"#1"},"south":{"uv":[1.875,7,1.25,6.375],"texture":"#1"},"west":{"uv":[1.875,7,1.25,6.375],"texture":"#1"},"up":{"uv":[1.875,7,1.25,6.375],"texture":"#1"},"down":{"uv":[1.875,7,1.25,6.375],"texture":"#1"}}}],"display":{"head":{"translation":[0,-17.25,0],"scale":[1.45,1.45,1.45]},"fixed":{"rotation":[-90,0,0],"translation":[0,0,-34.5],"scale":[2.07,2.07,2.07]}}}