{"texture_size":[64,64],"textures":{"1":"item/megat/3"},"elements":[{"from":[1,8,0],"to":[15,12,15],"rotation":{"angle":0,"axis":"y","origin":[16,0,0]},"faces":{"north":{"uv":[0,4,3.75,5],"texture":"#1"},"east":{"uv":[0,4,3.75,5],"texture":"#1"},"south":{"uv":[0,4,3.75,5],"texture":"#1"},"west":{"uv":[0,4,3.75,5],"texture":"#1"},"up":{"uv":[3.5,3.75,0,0],"texture":"#1"},"down":{"uv":[3.5,0,0,3.75],"texture":"#1"}}},{"from":[13,0,13],"to":[14,10,14],"rotation":{"angle":0,"axis":"y","origin":[16,0,16]},"faces":{"north":{"uv":[6,6.5,6.25,9],"texture":"#1"},"east":{"uv":[6.5,6.5,6.75,9],"texture":"#1"},"south":{"uv":[7,6.5,7.25,9],"texture":"#1"},"west":{"uv":[7.5,0,7.75,2.5],"texture":"#1"},"up":{"uv":[7.75,7.5,7.5,7.25],"texture":"#1"},"down":{"uv":[7.75,7.75,7.5,8],"texture":"#1"}}},{"from":[2,0,13],"to":[3,10,14],"rotation":{"angle":0,"axis":"y","origin":[0,0,16]},"faces":{"north":{"uv":[4,6.5,4.25,9],"texture":"#1"},"east":{"uv":[4.5,6.5,4.75,9],"texture":"#1"},"south":{"uv":[5,6.5,5.25,9],"texture":"#1"},"west":{"uv":[5.5,6.5,5.75,9],"texture":"#1"},"up":{"uv":[7.75,6.5,7.5,6.25],"texture":"#1"},"down":{"uv":[7.75,6.75,7.5,7],"texture":"#1"}}},{"from":[13,0,1],"to":[14,10,2],"rotation":{"angle":0,"axis":"y","origin":[16,0,16]},"faces":{"north":{"uv":[6,6.5,6.25,9],"texture":"#1"},"east":{"uv":[6.5,6.5,6.75,9],"texture":"#1"},"south":{"uv":[7,6.5,7.25,9],"texture":"#1"},"west":{"uv":[7.5,0,7.75,2.5],"texture":"#1"},"up":{"uv":[7.75,7.5,7.5,7.25],"texture":"#1"},"down":{"uv":[7.75,7.75,7.5,8],"texture":"#1"}}},{"from":[2,0,1],"to":[3,10,2],"rotation":{"angle":0,"axis":"y","origin":[0,0,16]},"faces":{"north":{"uv":[4,6.5,4.25,9],"texture":"#1"},"east":{"uv":[4.5,6.5,4.75,9],"texture":"#1"},"south":{"uv":[5,6.5,5.25,9],"texture":"#1"},"west":{"uv":[5.5,6.5,5.75,9],"texture":"#1"},"up":{"uv":[7.75,6.5,7.5,6.25],"texture":"#1"},"down":{"uv":[7.75,6.75,7.5,7],"texture":"#1"}}}],"display":{"head":{"translation":[0,-31.25,1],"scale":[1.45,1.45,1.45]},"fixed":{"rotation":[-90,0,0],"translation":[0,0.5,-13],"scale":[1.62,1.62,1.62]}}}