{"texture_size":[32,32],"textures":{"1":"item/megat/4"},"elements":[{"from":[2,0,3],"to":[14,8,6],"faces":{"north":{"uv":[0,0,6,4],"texture":"#1"},"east":{"uv":[11,4,12.5,8],"texture":"#1"},"south":{"uv":[0,4.5,6,8.5],"texture":"#1"},"west":{"uv":[11,8.5,12.5,12.5],"texture":"#1"},"up":{"uv":[12.5,1.5,6.5,0],"texture":"#1"},"down":{"uv":[12.5,0,6.5,1.5],"texture":"#1"}}},{"from":[14,0,3],"to":[18,8,6],"faces":{"north":{"uv":[0,9,2,13],"texture":"#1"},"east":{"uv":[13,0,14.5,4],"texture":"#1"},"south":{"uv":[2.5,9,4.5,13],"texture":"#1"},"west":{"uv":[13,4.5,14.5,8.5],"texture":"#1"},"up":{"uv":[15,10.5,13,9],"texture":"#1"},"down":{"uv":[12,13,10,14.5],"texture":"#1"}}},{"from":[-2,0,3],"to":[2,8,6],"rotation":{"angle":0,"axis":"y","origin":[16,0,0]},"faces":{"north":{"uv":[6.5,4,8.5,8],"texture":"#1"},"east":{"uv":[9,4,10.5,8],"texture":"#1"},"south":{"uv":[6.5,8.5,8.5,12.5],"texture":"#1"},"west":{"uv":[9,8.5,10.5,12.5],"texture":"#1"},"up":{"uv":[7,14.5,5,13],"texture":"#1"},"down":{"uv":[9.5,13,7.5,14.5],"texture":"#1"}}}],"display":{"head":{"translation":[0,-35.25,3.5]},"fixed":{"translation":[0,5.25,3.25],"scale":[1.24,1.24,1.24]}}}