{"texture_size":[128,128],"textures":{"1":"item/megat/5"},"elements":[{"from":[-1,-3,1],"to":[17,7,16],"faces":{"north":{"uv":[4.75,1.625,7,2.875],"texture":"#1"},"east":{"uv":[6.125,3,8,4.25],"texture":"#1"},"south":{"uv":[0,6.125,2.25,7.375],"texture":"#1"},"west":{"uv":[6.125,4.375,8,5.625],"texture":"#1"},"up":{"uv":[4.625,1.875,2.375,0],"texture":"#1"},"down":{"uv":[4.625,2,2.375,3.875],"texture":"#1"}}},{"from":[11,8,4],"to":[13,11,6],"faces":{"north":{"uv":[1.375,8.5,1.625,8.875],"texture":"#1"},"east":{"uv":[1.75,8.5,2,8.875],"texture":"#1"},"south":{"uv":[8.5,3.125,8.75,3.5],"texture":"#1"},"west":{"uv":[8.5,3.625,8.75,4],"texture":"#1"},"up":{"uv":[8.75,4.375,8.5,4.125],"texture":"#1"},"down":{"uv":[8.75,4.5,8.5,4.75],"texture":"#1"}}},{"from":[11.5,6.5,5],"to":[12.5,8.5,5],"faces":{"north":{"uv":[2.125,8.5,2.25,8.75],"texture":"#1"},"east":{"uv":[6,3,6,3.25],"texture":"#1"},"south":{"uv":[8.5,5.625,8.625,5.875],"texture":"#1"},"west":{"uv":[6,3.375,6,3.625],"texture":"#1"},"up":{"uv":[5.625,3.875,5.5,3.875],"texture":"#1"},"down":{"uv":[5.875,3.875,5.75,3.875],"texture":"#1"}}},{"from":[9,6.1,3.25],"to":[10,7.1,4.25],"faces":{"north":{"uv":[4.75,3.75,4.875,3.875],"texture":"#1"},"east":{"uv":[5,3.75,5.125,3.875],"texture":"#1"},"south":{"uv":[5.25,3.75,5.375,3.875],"texture":"#1"},"west":{"uv":[5.5,6.25,5.625,6.375],"texture":"#1"},"up":{"uv":[5.875,6.375,5.75,6.25],"texture":"#1"},"down":{"uv":[7.25,2.75,7.125,2.875],"texture":"#1"}}},{"from":[6,6.1,3.25],"to":[7,7.1,4.25],"faces":{"north":{"uv":[7.375,2.75,7.5,2.875],"texture":"#1"},"east":{"uv":[7.625,2.75,7.75,2.875],"texture":"#1"},"south":{"uv":[7.875,2.75,8,2.875],"texture":"#1"},"west":{"uv":[8.125,5.5,8.25,5.625],"texture":"#1"},"up":{"uv":[8.625,6.125,8.5,6],"texture":"#1"},"down":{"uv":[8.625,6.25,8.5,6.375],"texture":"#1"}}},{"from":[3,6.1,3.5],"to":[4,7.1,4.5],"faces":{"north":{"uv":[2.125,8.875,2.25,9],"texture":"#1"},"east":{"uv":[8.875,3.125,9,3.25],"texture":"#1"},"south":{"uv":[8.875,3.375,9,3.5],"texture":"#1"},"west":{"uv":[8.875,3.625,9,3.75],"texture":"#1"},"up":{"uv":[9,4,8.875,3.875],"texture":"#1"},"down":{"uv":[9,4.125,8.875,4.25],"texture":"#1"}}},{"from":[4.5,6.1,5],"to":[5.5,7.1,6],"faces":{"north":{"uv":[8.75,7.375,8.875,7.5],"texture":"#1"},"east":{"uv":[8.75,7.625,8.875,7.75],"texture":"#1"},"south":{"uv":[8.75,7.875,8.875,8],"texture":"#1"},"west":{"uv":[8.75,8.125,8.875,8.25],"texture":"#1"},"up":{"uv":[8.875,8.5,8.75,8.375],"texture":"#1"},"down":{"uv":[8.875,8.625,8.75,8.75],"texture":"#1"}}},{"from":[7.5,6.1,1.75],"to":[8.5,7.1,2.75],"faces":{"north":{"uv":[6,8.75,6.125,8.875],"texture":"#1"},"east":{"uv":[8.75,6.125,8.875,6.25],"texture":"#1"},"south":{"uv":[6.25,8.75,6.375,8.875],"texture":"#1"},"west":{"uv":[6.5,8.75,6.625,8.875],"texture":"#1"},"up":{"uv":[6.875,8.875,6.75,8.75],"texture":"#1"},"down":{"uv":[8.875,7.125,8.75,7.25],"texture":"#1"}}},{"from":[4.5,6.1,2],"to":[5.5,7.1,3],"faces":{"north":{"uv":[8.875,4.375,9,4.5],"texture":"#1"},"east":{"uv":[8.875,4.625,9,4.75],"texture":"#1"},"south":{"uv":[4.75,8.875,4.875,9],"texture":"#1"},"west":{"uv":[8.875,4.875,9,5],"texture":"#1"},"up":{"uv":[5.125,9,5,8.875],"texture":"#1"},"down":{"uv":[9,5.125,8.875,5.25],"texture":"#1"}}},{"from":[7.5,6.1,4.75],"to":[8.5,7.1,5.75],"faces":{"north":{"uv":[8.75,2.125,8.875,2.25],"texture":"#1"},"east":{"uv":[8.75,2.375,8.875,2.5],"texture":"#1"},"south":{"uv":[5.5,8.75,5.625,8.875],"texture":"#1"},"west":{"uv":[8.75,5.625,8.875,5.75],"texture":"#1"},"up":{"uv":[5.875,8.875,5.75,8.75],"texture":"#1"},"down":{"uv":[8.875,5.875,8.75,6],"texture":"#1"}}},{"from":[-1,7,11],"to":[17,24,16],"faces":{"north":{"uv":[0,0,2.25,2.125],"texture":"#1"},"east":{"uv":[4.75,6.25,5.375,8.375],"texture":"#1"},"south":{"uv":[0,2.25,2.25,4.375],"texture":"#1"},"west":{"uv":[5.5,6.5,6.125,8.625],"texture":"#1"},"up":{"uv":[8.375,6.375,6.125,5.75],"texture":"#1"},"down":{"uv":[4.625,6.25,2.375,6.875],"texture":"#1"}}},{"from":[15,7,7],"to":[17,24,11],"faces":{"north":{"uv":[4.375,7,4.625,9.125],"texture":"#1"},"east":{"uv":[3.125,7,3.625,9.125],"texture":"#1"},"south":{"uv":[7.625,7.125,7.875,9.25],"texture":"#1"},"west":{"uv":[3.75,7,4.25,9.125],"texture":"#1"},"up":{"uv":[8.375,5.375,8.125,4.875],"texture":"#1"},"down":{"uv":[8.625,7.125,8.375,7.625],"texture":"#1"}}},{"from":[15,7,1],"to":[17,9,7],"faces":{"north":{"uv":[4.75,8.5,5,8.75],"texture":"#1"},"east":{"uv":[4.75,3,5.5,3.25],"texture":"#1"},"south":{"uv":[8.5,4.875,8.75,5.125],"texture":"#1"},"west":{"uv":[4.75,3.375,5.5,3.625],"texture":"#1"},"up":{"uv":[5.875,3.75,5.625,3],"texture":"#1"},"down":{"uv":[1.25,8.125,1,8.875],"texture":"#1"}}},{"from":[-1,7,1],"to":[1,9,7],"rotation":{"angle":0,"axis":"y","origin":[16,0,0]},"faces":{"north":{"uv":[5.125,8.5,5.375,8.75],"texture":"#1"},"east":{"uv":[1.375,8.125,2.125,8.375],"texture":"#1"},"south":{"uv":[8.5,5.25,8.75,5.5],"texture":"#1"},"west":{"uv":[8.125,2.75,8.875,3],"texture":"#1"},"up":{"uv":[8.375,3.875,8.125,3.125],"texture":"#1"},"down":{"uv":[8.375,4,8.125,4.75],"texture":"#1"}}},{"from":[-1,7,7],"to":[1,24,11],"rotation":{"angle":0,"axis":"y","origin":[16,0,0]},"faces":{"north":{"uv":[8,7.125,8.25,9.25],"texture":"#1"},"east":{"uv":[7,7.125,7.5,9.25],"texture":"#1"},"south":{"uv":[0.625,8.125,0.875,10.25],"texture":"#1"},"west":{"uv":[0,7.5,0.5,9.625],"texture":"#1"},"up":{"uv":[8.625,8.25,8.375,7.75],"texture":"#1"},"down":{"uv":[8.625,8.375,8.375,8.875],"texture":"#1"}}},{"from":[1,7,9],"to":[15,24,14],"rotation":{"angle":0,"axis":"y","origin":[16,0,0]},"faces":{"north":{"uv":[2.375,4,4.125,6.125],"texture":"#1"},"east":{"uv":[6.25,6.5,6.875,8.625],"texture":"#1"},"south":{"uv":[4.25,4,6,6.125],"texture":"#1"},"west":{"uv":[2.375,7,3,9.125],"texture":"#1"},"up":{"uv":[8.875,1.25,7.125,0.625],"texture":"#1"},"down":{"uv":[8.875,1.375,7.125,2],"texture":"#1"}}},{"from":[-1,24,4],"to":[17,28,16],"rotation":{"angle":0,"axis":"y","origin":[16,0,0]},"faces":{"north":{"uv":[7,6.5,9.25,7],"texture":"#1"},"east":{"uv":[7.125,2.125,8.625,2.625],"texture":"#1"},"south":{"uv":[7.125,0,9.375,0.5],"texture":"#1"},"west":{"uv":[0.625,7.5,2.125,8],"texture":"#1"},"up":{"uv":[2.25,6,0,4.5],"texture":"#1"},"down":{"uv":[7,0,4.75,1.5],"texture":"#1"}}}],"display":{"head":{"translation":[0,-28.75,-1],"scale":[1.34,1.34,1.34]},"fixed":{"rotation":[-90,0,0],"translation":[0,1.5,-18.75],"scale":[1.79,1.79,1.79]}}}