{"texture_size":[64,64],"textures":{"0":"item/megat/6","particle":"item/megat/6"},"elements":[{"from":[2.5,0,0],"to":[13.5,2,16],"faces":{"north":{"uv":[0,5,2.75,5.5],"texture":"#0"},"east":{"uv":[0,4.25,4,4.75],"texture":"#0"},"south":{"uv":[3,5,5.75,5.5],"texture":"#0"},"west":{"uv":[4.25,4.25,8.25,4.75],"texture":"#0"},"up":{"uv":[2.75,4,0,0],"texture":"#0"},"down":{"uv":[5.75,0,3,4],"texture":"#0"}}}],"display":{"thirdperson_righthand":{"rotation":[100,-180,0],"translation":[0,0,3.75],"scale":[0.45,0.45,0.45]},"thirdperson_lefthand":{"rotation":[100,-180,0],"translation":[0,0,3.75],"scale":[0.45,0.45,0.45]},"gui":{"rotation":[53,148,0],"translation":[0,3.25,0],"scale":[0.7,0.7,0.7]},"head":{"translation":[0,-37.25,0],"scale":[0.76,0.76,0.76]},"fixed":{"rotation":[-90,0,0],"translation":[0,0,-7]}}}