{"texture_size":[32,32],"textures":{"1":"item/megat/7"},"elements":[{"from":[11,0,15],"to":[16,3,20],"rotation":{"angle":0,"axis":"y","origin":[16,0,9]},"faces":{"north":{"uv":[3,12,5.5,13.5],"texture":"#1"},"east":{"uv":[6,12,8.5,13.5],"texture":"#1"},"south":{"uv":[12,6,14.5,7.5],"texture":"#1"},"west":{"uv":[12,8,14.5,9.5],"texture":"#1"},"up":{"uv":[8.5,9.5,6,7],"texture":"#1"},"down":{"uv":[11.5,7,9,9.5],"texture":"#1"}}},{"from":[5,0.5,14],"to":[11,2.5,20],"rotation":{"angle":0,"axis":"y","origin":[16,0,9]},"faces":{"north":{"uv":[13,2,16,3],"texture":"#1"},"east":{"uv":[13,3.5,16,4.5],"texture":"#1"},"south":{"uv":[0,14,3,15],"texture":"#1"},"west":{"uv":[3.5,14,6.5,15],"texture":"#1"},"up":{"uv":[3,3,0,0],"texture":"#1"},"down":{"uv":[3,3.5,0,6.5],"texture":"#1"}}},{"from":[11,0.25,10],"to":[16,2.75,16],"rotation":{"angle":-22.5,"axis":"y","origin":[13.5,1.5,12]},"faces":{"north":{"uv":[9,12,11.5,13.5],"texture":"#1"},"east":{"uv":[9.5,0,12.5,1.5],"texture":"#1"},"south":{"uv":[12,12,14.5,13.5],"texture":"#1"},"west":{"uv":[9.5,2,12.5,3.5],"texture":"#1"},"up":{"uv":[6,3,3.5,0],"texture":"#1"},"down":{"uv":[6,3.5,3.5,6.5],"texture":"#1"}}},{"from":[0,0.25,10],"to":[5,2.75,16],"rotation":{"angle":22.5,"axis":"y","origin":[2.5,1.5,12]},"faces":{"north":{"uv":[12.5,10,15,11.5],"texture":"#1"},"east":{"uv":[9.5,4,12.5,5.5],"texture":"#1"},"south":{"uv":[13,0,15.5,1.5],"texture":"#1"},"west":{"uv":[0,10,3,11.5],"texture":"#1"},"up":{"uv":[9,3,6.5,0],"texture":"#1"},"down":{"uv":[9,3.5,6.5,6.5],"texture":"#1"}}},{"from":[0,0,15],"to":[5,3,20],"rotation":{"angle":0,"axis":"y","origin":[0,0,9]},"faces":{"north":{"uv":[3.5,10,6,11.5],"texture":"#1"},"east":{"uv":[6.5,10,9,11.5],"texture":"#1"},"south":{"uv":[9.5,10,12,11.5],"texture":"#1"},"west":{"uv":[0,12,2.5,13.5],"texture":"#1"},"up":{"uv":[2.5,9.5,0,7],"texture":"#1"},"down":{"uv":[5.5,7,3,9.5],"texture":"#1"}}}],"display":{"thirdperson_righthand":{"translation":[0,7,0]},"head":{"translation":[0,-35.25,-6.25]},"fixed":{"rotation":[-90,0,0],"translation":[0,-10.25,-11.75],"scale":[1.59,1.59,1.59]}}}