{"texture_size":[64,64],"textures":{"1":"item/megat/14"},"elements":[{"from":[9.064,4.9,-10.172],"to":[10.072,5.908,1.924],"rotation":{"angle":0,"axis":"y","origin":[13.6,4.9,-1.1]},"faces":{"north":{"uv":[0.75,10.75,1.25,11.25],"texture":"#1"},"east":{"uv":[4.5,0,10.5,0.5],"texture":"#1"},"south":{"uv":[10.75,4.25,11.25,4.75],"texture":"#1"},"west":{"uv":[4.5,0.5,10.5,1],"texture":"#1"},"up":{"uv":[2,11,1.5,5],"texture":"#1"},"down":{"uv":[2.5,5,2,11],"texture":"#1"}}},{"from":[9.064,3.766,-8.66],"to":[10.072,4.774,1.924],"rotation":{"angle":0,"axis":"y","origin":[13.6,4.9,-1.1]},"faces":{"north":{"uv":[10.75,4.75,11.25,5.25],"texture":"#1"},"east":{"uv":[4,6,9.25,6.5],"texture":"#1"},"south":{"uv":[10.75,5.25,11.25,5.75],"texture":"#1"},"west":{"uv":[4,6,9.25,6.5],"texture":"#1"},"up":{"uv":[9.25,6.5,4,6],"rotation":90,"texture":"#1"},"down":{"uv":[9.25,6,4,6.5],"rotation":90,"texture":"#1"}}},{"from":[9.568,1.624,4.948],"to":[9.568,4.144,13.012],"rotation":{"angle":0,"axis":"y","origin":[13.6,4.9,-1.1]},"faces":{"north":{"uv":[0,0,0,1.25],"texture":"#1"},"east":{"uv":[0,2.5,4,3.75],"texture":"#1"},"south":{"uv":[0,0,0,1.25],"texture":"#1"},"west":{"uv":[0,3.75,4,5],"texture":"#1"},"up":{"uv":[0,4,0,0],"texture":"#1"},"down":{"uv":[0,0,0,4],"texture":"#1"}}},{"from":[8.81704,3.09042,9.35236],"to":[10.31896,5.48442,11.36836],"rotation":{"angle":22.5,"axis":"x","origin":[9.6184,4.22442,11.36836]},"faces":{"north":{"uv":[9.75,9,10.5,10.25],"texture":"#1"},"east":{"uv":[9,6.5,10,7.75],"texture":"#1"},"south":{"uv":[10,4.5,10.75,5.75],"texture":"#1"},"west":{"uv":[9,7.75,10,9],"texture":"#1"},"up":{"uv":[7.75,6,7,5],"texture":"#1"},"down":{"uv":[11,1,10.25,2],"texture":"#1"}}},{"from":[8.812,3.136,5.452],"to":[10.324,3.64,10.996],"rotation":{"angle":0,"axis":"y","origin":[13.6,4.9,-1.1]},"faces":{"north":{"uv":[10.5,2.25,11.25,2.5],"texture":"#1"},"east":{"uv":[7.5,1.75,10.25,2],"texture":"#1"},"south":{"uv":[10.75,5.75,11.5,6],"texture":"#1"},"west":{"uv":[9.75,2,12.5,2.25],"texture":"#1"},"up":{"uv":[9,9.25,8.25,6.5],"texture":"#1"},"down":{"uv":[5.75,8.5,5,11.25],"texture":"#1"}}},{"from":[8.812,5.7403,11.88929],"to":[10.324,8.1343,13.52729],"rotation":{"angle":22.5,"axis":"x","origin":[9.568,7.0003,4.95929]},"faces":{"north":{"uv":[9.25,5.25,10,6.5],"texture":"#1"},"east":{"uv":[8.25,9.25,9,10.5],"texture":"#1"},"south":{"uv":[0,9.5,0.75,10.75],"texture":"#1"},"west":{"uv":[0.75,9.5,1.5,10.75],"texture":"#1"},"up":{"uv":[10.5,11,9.75,10.25],"texture":"#1"},"down":{"uv":[11.25,0,10.5,0.75],"texture":"#1"}}},{"from":[8.81704,1.29724,16.11543],"to":[10.31896,3.18724,22.16343],"rotation":{"angle":22.5,"axis":"x","origin":[9.568,2.46904,20.19783]},"faces":{"north":{"uv":[3.25,10.25,4,11.25],"texture":"#1"},"east":{"uv":[4.5,1,7.5,2],"texture":"#1"},"south":{"uv":[10.25,3.25,11,4.25],"texture":"#1"},"west":{"uv":[4,5,7,6],"texture":"#1"},"up":{"uv":[8.25,9.5,7.5,6.5],"texture":"#1"},"down":{"uv":[8.75,2.5,8,5.5],"texture":"#1"}}},{"from":[8.812,2.36741,13.10632],"to":[10.324,4.76141,22.30432],"rotation":{"angle":0,"axis":"x","origin":[9.568,2.85881,16.62172]},"faces":{"north":{"uv":[9.5,3.25,10.25,4.5],"texture":"#1"},"east":{"uv":[0,0,4.5,1.25],"texture":"#1"},"south":{"uv":[7.25,9.5,8,10.75],"texture":"#1"},"west":{"uv":[0,1.25,4.5,2.5],"texture":"#1"},"up":{"uv":[0.75,9.5,0,5],"texture":"#1"},"down":{"uv":[1.5,5,0.75,9.5],"texture":"#1"}}},{"from":[8.81704,0.63885,12.06098],"to":[10.31896,4.67085,14.45498],"rotation":{"angle":-22.5,"axis":"x","origin":[9.568,2.02485,13.88798]},"faces":{"north":{"uv":[8.75,3.25,9.5,5.25],"texture":"#1"},"east":{"uv":[5,6.5,6.25,8.5],"texture":"#1"},"south":{"uv":[2.5,9,3.25,11],"texture":"#1"},"west":{"uv":[6.25,6.5,7.5,8.5],"texture":"#1"},"up":{"uv":[10.75,7,10,5.75],"texture":"#1"},"down":{"uv":[10.75,7,10,8.25],"texture":"#1"}}},{"from":[8.812,0.62861,21.54832],"to":[10.324,2.36741,22.30432],"rotation":{"angle":0,"axis":"x","origin":[9.568,2.98481,16.62172]},"faces":{"north":{"uv":[8,10.5,8.75,11.25],"texture":"#1"},"east":{"uv":[8.75,5.25,9.25,6],"texture":"#1"},"south":{"uv":[10.5,9,11.25,9.75],"texture":"#1"},"west":{"uv":[9.5,4.5,10,5.25],"texture":"#1"},"up":{"uv":[8.5,6,7.75,5.5],"texture":"#1"},"down":{"uv":[0.75,10.75,0,11.25],"texture":"#1"}}},{"from":[8.938,3.514,-6.14],"to":[10.198,4.9,-0.596],"rotation":{"angle":0,"axis":"y","origin":[13.6,4.9,-1.1]},"faces":{"north":{"uv":[10.5,9.75,11.25,10.5],"texture":"#1"},"east":{"uv":[7.5,1,10.25,1.75],"texture":"#1"},"south":{"uv":[10.5,9.75,11.25,10.5],"rotation":180,"texture":"#1"},"west":{"uv":[8.75,2.5,11.5,3.25],"texture":"#1"},"up":{"uv":[10.25,1.75,7.5,1],"rotation":90,"texture":"#1"},"down":{"uv":[11.5,2.5,8.75,3.25],"rotation":90,"texture":"#1"}}},{"from":[8.938,3.64,-8.156],"to":[10.198,4.9,-7.652],"rotation":{"angle":0,"axis":"y","origin":[13.6,4.9,-1.1]},"faces":{"north":{"uv":[10,8.25,10.75,9],"texture":"#1"},"east":{"uv":[7.25,8.5,7.5,9.25],"texture":"#1"},"south":{"uv":[9,10.25,9.75,11],"texture":"#1"},"west":{"uv":[8,9.5,8.25,10.25],"texture":"#1"},"up":{"uv":[10.5,2.5,9.75,2.25],"texture":"#1"},"down":{"uv":[11.25,0.75,10.5,1],"texture":"#1"}}},{"from":[9.316,5.404,-9.794],"to":[9.82,6.412,-9.29],"rotation":{"angle":-45,"axis":"x","origin":[9.568,6.412,-9.416]},"faces":{"north":{"uv":[7.75,5,8,5.5],"texture":"#1"},"east":{"uv":[8.5,5.5,8.75,6],"texture":"#1"},"south":{"uv":[8.75,10.5,9,11],"texture":"#1"},"west":{"uv":[1.25,10.75,1.5,11.25],"texture":"#1"},"up":{"uv":[7.5,9.5,7.25,9.25],"texture":"#1"},"down":{"uv":[10.5,4.25,10.25,4.5],"texture":"#1"}}},{"from":[9.3664,5.13671,-9.68329],"to":[9.7696,6.14471,-9.17929],"rotation":{"angle":0,"axis":"x","origin":[9.568,5.64071,-9.43129]},"faces":{"north":{"uv":[10.75,6,11,6.5],"texture":"#1"},"east":{"uv":[10.75,6.5,11,7],"texture":"#1"},"south":{"uv":[10.75,7,11,7.5],"texture":"#1"},"west":{"uv":[7.25,10.75,7.5,11.25],"texture":"#1"},"up":{"uv":[8.25,10.5,8,10.25],"texture":"#1"},"down":{"uv":[10.75,4.25,10.5,4.5],"texture":"#1"}}},{"from":[8.812,3.64,1.924],"to":[10.324,6.16,9.988],"rotation":{"angle":0,"axis":"y","origin":[13.6,4.9,-1.1]},"faces":{"north":{"uv":[3.25,9,4,10.25],"texture":"#1"},"east":{"uv":[4,2.5,8,3.75],"texture":"#1"},"south":{"uv":[9,9,9.75,10.25],"texture":"#1"},"west":{"uv":[4,3.75,8,5],"texture":"#1"},"up":{"uv":[3.25,9,2.5,5],"texture":"#1"},"down":{"uv":[4,5,3.25,9],"texture":"#1"}}}],"display":{"thirdperson_righthand":{"translation":[0,2.5,0],"scale":[0.58,0.58,0.58]},"thirdperson_lefthand":{"translation":[0,2.5,0],"scale":[0.58,0.58,0.58]},"firstperson_righthand":{"translation":[0,5.5,4],"scale":[1.53,1.53,1.53]},"firstperson_lefthand":{"translation":[3.5,5.5,4],"scale":[1.53,1.53,1.53]},"ground":{"translation":[0,6.25,5]},"gui":{"rotation":[26,141,0],"translation":[1.5,2.25,0],"scale":[0.83,0.83,0.83]},"fixed":{"rotation":[0,90,0],"translation":[3,13.5,2.75],"scale":[2.86,2.86,2.86]}}}