{"texture_size":[256,256],"textures":{"2":"item/megat/15","particle":"item/megat/15"},"elements":[{"from":[0,-16,16],"to":[16,-14,32],"faces":{"north":{"uv":[6.3125,5.0625,7.3125,5.1875],"texture":"#2"},"east":{"uv":[3.0625,6.4375,4.0625,6.5625],"texture":"#2"},"south":{"uv":[5.4375,6.4375,6.4375,6.5625],"texture":"#2"},"west":{"uv":[4.125,6.5,5.125,6.625],"texture":"#2"},"up":{"uv":[3.875,3.125,2.875,2.125],"texture":"#2"},"down":{"uv":[1,3.1875,0,4.1875],"texture":"#2"}}},{"from":[-3,-14,16],"to":[19,-10,32],"faces":{"north":{"uv":[3.9375,2.875,5.3125,3.125],"texture":"#2"},"east":{"uv":[5.375,2.875,6.375,3.125],"texture":"#2"},"south":{"uv":[4.875,3.1875,6.25,3.4375],"texture":"#2"},"west":{"uv":[0.75,5.5625,1.75,5.8125],"texture":"#2"},"up":{"uv":[1.375,3.125,0,2.125],"texture":"#2"},"down":{"uv":[2.8125,2.125,1.4375,3.125],"texture":"#2"}}},{"from":[-4,-10,16],"to":[20,-7,32],"faces":{"north":{"uv":[5.1875,2.375,6.6875,2.5625],"texture":"#2"},"east":{"uv":[5.8125,1.5,6.8125,1.6875],"texture":"#2"},"south":{"uv":[5.1875,2.625,6.6875,2.8125],"texture":"#2"},"west":{"uv":[5.8125,5.5625,6.8125,5.75],"texture":"#2"},"up":{"uv":[3.125,1,1.625,0],"texture":"#2"},"down":{"uv":[3.125,1.0625,1.625,2.0625],"texture":"#2"}}},{"from":[-4.5,-7,16],"to":[20.5,-1,32],"faces":{"north":{"uv":[3.1875,1.5,4.75,1.875],"texture":"#2"},"east":{"uv":[4.5625,0.5,5.5625,0.875],"texture":"#2"},"south":{"uv":[3.9375,1.9375,5.5,2.3125],"texture":"#2"},"west":{"uv":[4.5625,0.9375,5.5625,1.3125],"texture":"#2"},"up":{"uv":[1.5625,1,0,0],"texture":"#2"},"down":{"uv":[1.5625,1.0625,0,2.0625],"texture":"#2"}}},{"from":[20.25,-1,16],"to":[20.25,3,32],"rotation":{"angle":0,"axis":"y","origin":[16,0,0]},"faces":{"north":{"uv":[5.5625,1.8125,6.5625,2.0625],"texture":"#2"},"east":{"uv":[5.5625,1.8125,6.5625,2.0625],"texture":"#2"},"south":{"uv":[5.5625,1.8125,6.5625,2.0625],"texture":"#2"},"west":{"uv":[5.5625,1.8125,6.5625,2.0625],"texture":"#2"},"up":{"uv":[5.5625,1.8125,6.5625,2.0625],"texture":"#2"},"down":{"uv":[5.5625,1.8125,6.5625,2.0625],"texture":"#2"}}},{"from":[18.25,-1,5],"to":[18.25,3,16],"rotation":{"angle":0,"axis":"y","origin":[16,0,0]},"faces":{"north":{"uv":[5,5.875,5.6875,6.125],"texture":"#2"},"east":{"uv":[5,5.875,5.6875,6.125],"texture":"#2"},"south":{"uv":[5,5.875,5.6875,6.125],"texture":"#2"},"west":{"uv":[5,5.875,5.6875,6.125],"texture":"#2"},"up":{"uv":[5,5.875,5.6875,6.125],"texture":"#2"},"down":{"uv":[5,5.875,5.6875,6.125],"texture":"#2"}}},{"from":[16.25,-1,-3],"to":[16.25,3,5],"rotation":{"angle":0,"axis":"y","origin":[16,0,0]},"faces":{"north":{"uv":[6.5,6.125,7,6.375],"texture":"#2"},"east":{"uv":[6.5,6.125,7,6.375],"texture":"#2"},"south":{"uv":[6.5,6.125,7,6.375],"texture":"#2"},"west":{"uv":[6.5,6.125,7,6.375],"texture":"#2"},"up":{"uv":[6.5,6.125,7,6.375],"texture":"#2"},"down":{"uv":[6.5,6.125,7,6.375],"texture":"#2"}}},{"from":[14.25,-1,-9],"to":[14.25,3,-1],"rotation":{"angle":0,"axis":"y","origin":[16,0,0]},"faces":{"north":{"uv":[3.0625,6.625,3.5625,6.875],"texture":"#2"},"east":{"uv":[3.0625,6.625,3.5625,6.875],"texture":"#2"},"south":{"uv":[3.0625,6.625,3.5625,6.875],"texture":"#2"},"west":{"uv":[3.0625,6.625,3.5625,6.875],"texture":"#2"},"up":{"uv":[3.0625,6.625,3.5625,6.875],"texture":"#2"},"down":{"uv":[3.0625,6.625,3.5625,6.875],"texture":"#2"}}},{"from":[12.25,-1,-14],"to":[12.25,3,-6],"rotation":{"angle":0,"axis":"y","origin":[16,0,0]},"faces":{"north":{"uv":[5.75,6.625,6.25,6.875],"texture":"#2"},"east":{"uv":[5.75,6.625,6.25,6.875],"texture":"#2"},"south":{"uv":[5.75,6.625,6.25,6.875],"texture":"#2"},"west":{"uv":[5.75,6.625,6.25,6.875],"texture":"#2"},"up":{"uv":[5.75,6.625,6.25,6.875],"texture":"#2"},"down":{"uv":[5.75,6.625,6.25,6.875],"texture":"#2"}}},{"from":[-4.25,-1,16],"to":[-4.25,3,32],"faces":{"north":{"uv":[6.5625,1.8125,5.5625,2.0625],"texture":"#2"},"east":{"uv":[6.5625,1.8125,5.5625,2.0625],"texture":"#2"},"south":{"uv":[6.5625,1.8125,5.5625,2.0625],"texture":"#2"},"west":{"uv":[6.5625,1.8125,5.5625,2.0625],"texture":"#2"},"up":{"uv":[6.5625,1.8125,5.5625,2.0625],"texture":"#2"},"down":{"uv":[6.5625,1.8125,5.5625,2.0625],"texture":"#2"}}},{"from":[-2.25,-1,5],"to":[-2.25,3,16],"faces":{"north":{"uv":[5.6875,5.875,5,6.125],"texture":"#2"},"east":{"uv":[5.6875,5.875,5,6.125],"texture":"#2"},"south":{"uv":[5.6875,5.875,5,6.125],"texture":"#2"},"west":{"uv":[5.6875,5.875,5,6.125],"texture":"#2"},"up":{"uv":[5.6875,5.875,5,6.125],"texture":"#2"},"down":{"uv":[5.6875,5.875,5,6.125],"texture":"#2"}}},{"from":[-0.25,-1,-3],"to":[-0.25,3,5],"faces":{"north":{"uv":[7,6.125,6.5,6.375],"texture":"#2"},"east":{"uv":[7,6.125,6.5,6.375],"texture":"#2"},"south":{"uv":[7,6.125,6.5,6.375],"texture":"#2"},"west":{"uv":[7,6.125,6.5,6.375],"texture":"#2"},"up":{"uv":[7,6.125,6.5,6.375],"texture":"#2"},"down":{"uv":[7,6.125,6.5,6.375],"texture":"#2"}}},{"from":[1.75,-1,-9],"to":[1.75,3,-1],"faces":{"north":{"uv":[3.5625,6.625,3.0625,6.875],"texture":"#2"},"east":{"uv":[3.5625,6.625,3.0625,6.875],"texture":"#2"},"south":{"uv":[3.5625,6.625,3.0625,6.875],"texture":"#2"},"west":{"uv":[3.5625,6.625,3.0625,6.875],"texture":"#2"},"up":{"uv":[3.5625,6.625,3.0625,6.875],"texture":"#2"},"down":{"uv":[3.5625,6.625,3.0625,6.875],"texture":"#2"}}},{"from":[3.75,-1,-14],"to":[3.75,3,-6],"faces":{"north":{"uv":[6.25,6.625,5.75,6.875],"texture":"#2"},"east":{"uv":[6.25,6.625,5.75,6.875],"texture":"#2"},"south":{"uv":[6.25,6.625,5.75,6.875],"texture":"#2"},"west":{"uv":[6.25,6.625,5.75,6.875],"texture":"#2"},"up":{"uv":[6.25,6.625,5.75,6.875],"texture":"#2"},"down":{"uv":[6.25,6.625,5.75,6.875],"texture":"#2"}}},{"from":[4.75,-1,-15.25],"to":[11.25,3,-15.25],"faces":{"north":{"uv":[6.3125,6.75,6.75,7],"texture":"#2"},"east":{"uv":[6.3125,6.75,6.75,7],"texture":"#2"},"south":{"uv":[6.3125,6.75,6.75,7],"texture":"#2"},"west":{"uv":[6.3125,6.75,6.75,7],"texture":"#2"},"up":{"uv":[6.3125,6.75,6.75,7],"texture":"#2"},"down":{"uv":[6.3125,6.75,6.75,7],"texture":"#2"}}},{"from":[2,-15,5],"to":[14,-12,16],"faces":{"north":{"uv":[3.4375,4.6875,4.1875,4.875],"texture":"#2"},"east":{"uv":[6.25,5.25,6.9375,5.4375],"texture":"#2"},"south":{"uv":[6.25,3.5,7,3.6875],"texture":"#2"},"west":{"uv":[6.3125,3.1875,7,3.375],"texture":"#2"},"up":{"uv":[4.25,4.625,3.5,3.9375],"texture":"#2"},"down":{"uv":[0.75,4.25,0,4.9375],"texture":"#2"}}},{"from":[-1,-12,5],"to":[17,-8,16],"faces":{"north":{"uv":[1.25,5.25,2.375,5.5],"texture":"#2"},"east":{"uv":[5.75,6.125,6.4375,6.375],"texture":"#2"},"south":{"uv":[5.0625,5.25,6.1875,5.5],"texture":"#2"},"west":{"uv":[4.6875,6.1875,5.375,6.4375],"texture":"#2"},"up":{"uv":[4.8125,3.875,3.6875,3.1875],"texture":"#2"},"down":{"uv":[2.1875,3.9375,1.0625,4.625],"texture":"#2"}}},{"from":[-2,-8,5],"to":[18,-5,16],"faces":{"north":{"uv":[5.5625,2.125,6.8125,2.3125],"texture":"#2"},"east":{"uv":[6.3125,4.8125,7,5],"texture":"#2"},"south":{"uv":[5.8125,1.25,7.0625,1.4375],"texture":"#2"},"west":{"uv":[6.4375,2.875,7.125,3.0625],"texture":"#2"},"up":{"uv":[2.3125,3.875,1.0625,3.1875],"texture":"#2"},"down":{"uv":[3.625,3.1875,2.375,3.875],"texture":"#2"}}},{"from":[-2.5,-5,5],"to":[18.5,-1,16],"faces":{"north":{"uv":[4.875,3.5,6.1875,3.75],"texture":"#2"},"east":{"uv":[1.125,6.25,1.8125,6.5],"texture":"#2"},"south":{"uv":[1.8125,4.9375,3.125,5.1875],"texture":"#2"},"west":{"uv":[1.875,6.25,2.5625,6.5],"texture":"#2"},"up":{"uv":[4.5,0.6875,3.1875,0],"texture":"#2"},"down":{"uv":[4.5,0.75,3.1875,1.4375],"texture":"#2"}}},{"from":[3,-14,-2],"to":[13,-11,5],"faces":{"north":{"uv":[6.6875,0.625,7.3125,0.8125],"texture":"#2"},"east":{"uv":[1.8125,5.5625,2.25,5.75],"texture":"#2"},"south":{"uv":[6.6875,0.875,7.3125,1.0625],"texture":"#2"},"west":{"uv":[6.875,2.0625,7.3125,2.25],"texture":"#2"},"up":{"uv":[4.6875,5.8125,4.0625,5.375],"texture":"#2"},"down":{"uv":[6,4.4375,5.375,4.875],"texture":"#2"}}},{"from":[-1.5,-5,-2],"to":[17.5,-1,5],"faces":{"north":{"uv":[5.0625,4.9375,6.25,5.1875],"texture":"#2"},"east":{"uv":[2.125,6.5625,2.5625,6.8125],"texture":"#2"},"south":{"uv":[0,5.125,1.1875,5.375],"texture":"#2"},"west":{"uv":[3.625,6.625,4.0625,6.875],"texture":"#2"},"up":{"uv":[3.4375,4.375,2.25,3.9375],"texture":"#2"},"down":{"uv":[5.125,2.375,3.9375,2.8125],"texture":"#2"}}},{"from":[-1,-7,-2],"to":[17,-5,5],"faces":{"north":{"uv":[6.25,3.75,7.375,3.875],"texture":"#2"},"east":{"uv":[5.5,4.25,5.9375,4.375],"texture":"#2"},"south":{"uv":[6.25,3.9375,7.375,4.0625],"texture":"#2"},"west":{"uv":[2.3125,7.0625,2.75,7.1875],"texture":"#2"},"up":{"uv":[5.4375,4.375,4.3125,3.9375],"texture":"#2"},"down":{"uv":[3.375,4.4375,2.25,4.875],"texture":"#2"}}},{"from":[0,-11,-2],"to":[16,-7,5],"faces":{"north":{"uv":[5.625,0.625,6.625,0.875],"texture":"#2"},"east":{"uv":[4.125,6.6875,4.5625,6.9375],"texture":"#2"},"south":{"uv":[5.625,0.9375,6.625,1.1875],"texture":"#2"},"west":{"uv":[4.625,6.6875,5.0625,6.9375],"texture":"#2"},"up":{"uv":[5.3125,4.875,4.3125,4.4375],"texture":"#2"},"down":{"uv":[5.5625,0,4.5625,0.4375],"texture":"#2"}}},{"from":[0.5,-4,-8],"to":[15.5,-1,-2],"faces":{"north":{"uv":[4,5.875,4.9375,6.0625],"texture":"#2"},"east":{"uv":[1.8125,4.6875,2.1875,4.875],"texture":"#2"},"south":{"uv":[6.0625,4.25,7,4.4375],"texture":"#2"},"west":{"uv":[0.375,6.9375,0.75,7.125],"texture":"#2"},"up":{"uv":[1.75,5.0625,0.8125,4.6875],"texture":"#2"},"down":{"uv":[5.75,1.375,4.8125,1.75],"texture":"#2"}}},{"from":[2,-10,-8],"to":[14,-6,-2],"faces":{"north":{"uv":[3.1875,5.8125,3.9375,6.0625],"texture":"#2"},"east":{"uv":[6.8125,6.75,7.1875,7],"texture":"#2"},"south":{"uv":[5.8125,5.8125,6.5625,6.0625],"texture":"#2"},"west":{"uv":[1,6.875,1.375,7.125],"texture":"#2"},"up":{"uv":[3.1875,5.75,2.4375,5.375],"texture":"#2"},"down":{"uv":[4,5.375,3.25,5.75],"texture":"#2"}}},{"from":[1,-6,-8],"to":[15,-4,-2],"faces":{"north":{"uv":[6.75,2.375,7.625,2.5],"texture":"#2"},"east":{"uv":[7.0625,4.3125,7.4375,4.4375],"texture":"#2"},"south":{"uv":[6.75,2.5625,7.625,2.6875],"texture":"#2"},"west":{"uv":[7.0625,4.8125,7.4375,4.9375],"texture":"#2"},"up":{"uv":[4.0625,5.3125,3.1875,4.9375],"texture":"#2"},"down":{"uv":[5,4.9375,4.125,5.3125],"texture":"#2"}}},{"from":[5,-13,-8],"to":[11,-10,-2],"faces":{"north":{"uv":[3.6875,6.9375,4.0625,7.125],"texture":"#2"},"east":{"uv":[5.125,6.9375,5.5,7.125],"texture":"#2"},"south":{"uv":[5.5625,6.9375,5.9375,7.125],"texture":"#2"},"west":{"uv":[4.125,7,4.5,7.1875],"texture":"#2"},"up":{"uv":[3,6.625,2.625,6.25],"texture":"#2"},"down":{"uv":[0.375,6.3125,0,6.6875],"texture":"#2"}}},{"from":[7,-12,-14],"to":[9,-9,-8],"faces":{"north":{"uv":[5.4375,6.1875,5.5625,6.375],"texture":"#2"},"east":{"uv":[4.5625,7,4.9375,7.1875],"texture":"#2"},"south":{"uv":[0,7.125,0.125,7.3125],"texture":"#2"},"west":{"uv":[7,5.25,7.375,5.4375],"texture":"#2"},"up":{"uv":[0.9375,4.625,0.8125,4.25],"texture":"#2"},"down":{"uv":[0.9375,6.9375,0.8125,7.3125],"texture":"#2"}}},{"from":[3,-5,-14],"to":[13,-3,-8],"faces":{"north":{"uv":[6.875,5.5,7.5,5.625],"texture":"#2"},"east":{"uv":[6,7.0625,6.375,7.1875],"texture":"#2"},"south":{"uv":[3,6.9375,3.625,7.0625],"texture":"#2"},"west":{"uv":[7.0625,6.125,7.4375,6.25],"texture":"#2"},"up":{"uv":[2.4375,6.1875,1.8125,5.8125],"texture":"#2"},"down":{"uv":[3.125,5.8125,2.5,6.1875],"texture":"#2"}}},{"from":[4,-9,-14],"to":[12,-5,-8],"faces":{"north":{"uv":[1.125,5.875,1.625,6.125],"texture":"#2"},"east":{"uv":[1.4375,6.875,1.8125,7.125],"texture":"#2"},"south":{"uv":[0.4375,6.3125,0.9375,6.5625],"texture":"#2"},"west":{"uv":[1.875,6.875,2.25,7.125],"texture":"#2"},"up":{"uv":[0.5,6.25,0,5.875],"texture":"#2"},"down":{"uv":[1.0625,5.875,0.5625,6.25],"texture":"#2"}}},{"from":[2.5,-3,-14],"to":[13.5,-1,-8],"faces":{"north":{"uv":[3.1875,1.9375,3.875,2.0625],"texture":"#2"},"east":{"uv":[7.0625,6.3125,7.4375,6.4375],"texture":"#2"},"south":{"uv":[6.875,1.5,7.5625,1.625],"texture":"#2"},"west":{"uv":[6.4375,7.0625,6.8125,7.1875],"texture":"#2"},"up":{"uv":[0.6875,5.8125,0,5.4375],"texture":"#2"},"down":{"uv":[6.1875,3.8125,5.5,4.1875],"texture":"#2"}}},{"from":[4.5,-3,-16],"to":[11.5,-1,-14],"faces":{"north":{"uv":[7.0625,3.125,7.5,3.25],"texture":"#2"},"east":{"uv":[4.75,5.375,4.875,5.5],"texture":"#2"},"south":{"uv":[7.0625,3.3125,7.5,3.4375],"texture":"#2"},"west":{"uv":[2.3125,6.875,2.4375,7],"texture":"#2"},"up":{"uv":[7.5,3.625,7.0625,3.5],"texture":"#2"},"down":{"uv":[7.5,4.125,7.0625,4.25],"texture":"#2"}}},{"from":[5.5,-8,-16],"to":[10.5,-3,-14],"faces":{"north":{"uv":[2.625,6.6875,2.9375,7],"texture":"#2"},"east":{"uv":[2.8125,7.0625,2.9375,7.375],"texture":"#2"},"south":{"uv":[0,6.75,0.3125,7.0625],"texture":"#2"},"west":{"uv":[6.875,7.0625,7,7.375],"texture":"#2"},"up":{"uv":[7.375,6.625,7.0625,6.5],"texture":"#2"},"down":{"uv":[7.375,7.0625,7.0625,7.1875],"texture":"#2"}}}],"display":{"gui":{"rotation":[30,146,0],"translation":[0,3.25,0],"scale":[0.42,0.42,0.42]},"head":{"translation":[0,35,0],"scale":[4,4,4]},"fixed":{"rotation":[-90,0,0],"translation":[0,-69.5,-63],"scale":[4,4,4]}}}