{"texture_size":[64,64],"textures":{"0":"item/megat/16","1":"item/megat/1","particle":"item/megat/16"},"elements":[{"from":[6,0,6],"to":[10,3,10],"faces":{"north":{"uv":[4.75,5,5.75,5.75],"texture":"#0"},"east":{"uv":[1,5.25,2,6],"texture":"#0"},"south":{"uv":[2,5.25,3,6],"texture":"#0"},"west":{"uv":[3,5.25,4,6],"texture":"#0"},"up":{"uv":[5,3,4,2],"texture":"#0"},"down":{"uv":[1,4.75,0,5.75],"texture":"#0"}}},{"from":[7,2,7],"to":[9,7,9],"faces":{"north":{"uv":[4,5.25,4.5,6.5],"texture":"#0"},"east":{"uv":[0,5.75,0.5,7],"texture":"#0"},"south":{"uv":[0.5,5.75,1,7],"texture":"#0"},"west":{"uv":[4.5,5.75,5,7],"texture":"#0"},"up":{"uv":[5.5,3,5,2.5],"texture":"#0"},"down":{"uv":[6,2.5,5.5,3],"texture":"#0"}}},{"from":[-6.5,0.05,-6.5],"to":[22.5,0.1,22.5],"faces":{"north":{"uv":[0,0,16,16],"texture":"#1"},"east":{"uv":[0,0,16,16],"texture":"#1"},"south":{"uv":[0,0,16,16],"texture":"#1"},"west":{"uv":[0,0,16,16],"texture":"#1"},"up":{"uv":[0,0,16,16],"texture":"#1"},"down":{"uv":[0,0,16,16],"texture":"#1"}}}],"display":{"fixed":{"rotation":[90,0,0],"translation":[0,0,14],"scale":[4,4,4]}}}