{"textures":{"0":"item/megat/17","particle":"item/megat/17"},"elements":[{"from":[6.5,4,6],"to":[9.5,8,9],"rotation":{"angle":45,"axis":"y","origin":[8,6,7.5]},"faces":{"north":{"uv":[0,0,3,4],"texture":"#0"},"east":{"uv":[4,0,7,4],"texture":"#0"},"south":{"uv":[0,5,3,9],"texture":"#0"},"west":{"uv":[4,5,7,9],"texture":"#0"},"up":{"uv":[11,11,8,8],"texture":"#0"},"down":{"uv":[3,10,0,13],"texture":"#0"}}},{"from":[6.5,0,6],"to":[9.5,1,9],"faces":{"north":{"uv":[12,4,15,5],"texture":"#0"},"east":{"uv":[12,6,15,7],"texture":"#0"},"south":{"uv":[8,12,11,13],"texture":"#0"},"west":{"uv":[12,8,15,9],"texture":"#0"},"up":{"uv":[7,13,4,10],"texture":"#0"},"down":{"uv":[15,0,12,3],"texture":"#0"}}},{"from":[6.5,1,7.5],"to":[9.5,4,7.5],"faces":{"north":{"uv":[8,0,11,3],"texture":"#0"},"east":{"uv":[12,10,12,13],"texture":"#0"},"south":{"uv":[8,4,11,7],"texture":"#0"},"west":{"uv":[13,10,13,13],"texture":"#0"},"up":{"uv":[3,14,0,14],"texture":"#0"},"down":{"uv":[7,14,4,14],"texture":"#0"}}},{"from":[8,1,6],"to":[8,4,9],"rotation":{"angle":0,"axis":"y","origin":[8,2.5,7.5]},"faces":{"north":{"uv":[12,10,12,13],"texture":"#0"},"east":{"uv":[8,4,11,7],"texture":"#0"},"south":{"uv":[13,10,13,13],"texture":"#0"},"west":{"uv":[8,0,11,3],"texture":"#0"},"up":{"uv":[3,14,0,14],"rotation":270,"texture":"#0"},"down":{"uv":[7,14,4,14],"rotation":90,"texture":"#0"}}}],"display":{"fixed":{"rotation":[-90,0,0],"translation":[0,0,-14.25],"scale":[1.9,1.9,1.9]}}}