{"texture_size":[32,32],"textures":{"0":"item/megat/18","particle":"item/megat/18"},"elements":[{"from":[6,0,6],"to":[10,10,10],"faces":{"north":{"uv":[0,0,2,5],"texture":"#0"},"east":{"uv":[2.5,0,4.5,5],"texture":"#0"},"south":{"uv":[5,0,7,5],"texture":"#0"},"west":{"uv":[0,5.5,2,10.5],"texture":"#0"},"up":{"uv":[4.5,7.5,2.5,5.5],"texture":"#0"},"down":{"uv":[7,5.5,5,7.5],"texture":"#0"}}},{"from":[7,12,7],"to":[9,15,9],"faces":{"north":{"uv":[7.5,0,8.5,1.5],"texture":"#0"},"east":{"uv":[7.5,2,8.5,3.5],"texture":"#0"},"south":{"uv":[7.5,4,8.5,5.5],"texture":"#0"},"west":{"uv":[7.5,6,8.5,7.5],"texture":"#0"},"up":{"uv":[9.5,9,8.5,8],"texture":"#0"},"down":{"uv":[10,0,9,1],"texture":"#0"}}},{"from":[7.25,9,7.25],"to":[8.75,12,8.75],"faces":{"north":{"uv":[2.5,8,3.5,9.5],"texture":"#0"},"east":{"uv":[4,8,5,9.5],"texture":"#0"},"south":{"uv":[5.5,8,6.5,9.5],"texture":"#0"},"west":{"uv":[7,8,8,9.5],"texture":"#0"},"up":{"uv":[10,2.5,9,1.5],"texture":"#0"},"down":{"uv":[10,3,9,4],"texture":"#0"}}}],"display":{"thirdperson_righthand":{"translation":[0,-4.25,0]},"thirdperson_lefthand":{"translation":[0,-5.25,0]},"ground":{"translation":[0,8.25,0]},"gui":{"rotation":[0,-180,42]},"fixed":{"rotation":[-90,0,0],"translation":[0,0,-14.25],"scale":[1.93,1.93,1.932]}}}