{"texture_size":[128,128],"textures":{"2":"item/megat/19","particle":"item/megat/19"},"elements":[{"from":[7.02,0.19,-5.48],"to":[12.34,2.28,3.64],"rotation":{"angle":0,"axis":"y","origin":[15,0,-7]},"faces":{"north":{"uv":[3.125,8.5,4,8.875],"texture":"#2"},"east":{"uv":[6.875,3.25,8.375,3.625],"texture":"#2"},"south":{"uv":[5,8.5,5.875,8.875],"texture":"#2"},"west":{"uv":[6.875,3.75,8.375,4.125],"texture":"#2"},"up":{"uv":[0.875,4.5,0,3],"texture":"#2"},"down":{"uv":[1.875,3,1,4.5],"texture":"#2"}}},{"from":[4.74,-1.33,3.64],"to":[14.62,2.28,12],"rotation":{"angle":0,"axis":"y","origin":[15,0,-7]},"faces":{"north":{"uv":[3.25,1.875,4.875,2.5],"texture":"#2"},"east":{"uv":[4.75,4.25,6.125,4.875],"texture":"#2"},"south":{"uv":[2,3.625,3.625,4.25],"texture":"#2"},"west":{"uv":[5,1.875,6.375,2.5],"texture":"#2"},"up":{"uv":[1.625,1.375,0,0],"texture":"#2"},"down":{"uv":[1.625,1.5,0,2.875],"texture":"#2"}}},{"from":[8.92,1.71,5.73],"to":[10.44,4.75,5.73],"rotation":{"angle":22.5,"axis":"x","origin":[9.68,4.275,3.64]},"faces":{"north":{"uv":[3.75,9.375,4,9.875],"texture":"#2"},"east":{"uv":[3.625,6,3.625,6.5],"texture":"#2"},"south":{"uv":[4.125,9.375,4.375,9.875],"texture":"#2"},"west":{"uv":[1.875,7.375,1.875,7.875],"texture":"#2"},"up":{"uv":[0.25,6.25,0,6.25],"texture":"#2"},"down":{"uv":[0.625,6.25,0.375,6.25],"texture":"#2"}}},{"from":[7.4,3.91403,5.75268],"to":[11.96,3.91403,12.40268],"rotation":{"angle":0,"axis":"x","origin":[9.68,3.91403,7.55768]},"faces":{"north":{"uv":[6.5,2.5,7.25,2.5],"texture":"#2"},"east":{"uv":[9,1.625,10.125,1.625],"texture":"#2"},"south":{"uv":[9.5,5.125,10.25,5.125],"texture":"#2"},"west":{"uv":[9.75,4,10.875,4],"texture":"#2"},"up":{"uv":[4.5,6.625,3.75,5.5],"texture":"#2"},"down":{"uv":[4.5,5.5,3.75,6.625],"texture":"#2"}}},{"from":[5.5,-1.33,12],"to":[13.86,2.28,20.36],"rotation":{"angle":0,"axis":"y","origin":[15,0,-7]},"faces":{"north":{"uv":[4.75,5,6.125,5.625],"texture":"#2"},"east":{"uv":[5.5,0,6.875,0.625],"texture":"#2"},"south":{"uv":[5.5,0.75,6.875,1.375],"texture":"#2"},"west":{"uv":[0.75,5.625,2.125,6.25],"texture":"#2"},"up":{"uv":[3.125,1.375,1.75,0],"texture":"#2"},"down":{"uv":[3.125,1.5,1.75,2.875],"texture":"#2"}}},{"from":[5.5,-1.33,20.36],"to":[13.86,1.52,23.4],"rotation":{"angle":0,"axis":"y","origin":[15,0,-7]},"faces":{"north":{"uv":[6.375,2.625,7.75,3.125],"texture":"#2"},"east":{"uv":[0.875,8.375,1.375,8.875],"texture":"#2"},"south":{"uv":[6.5,5.25,7.875,5.75],"texture":"#2"},"west":{"uv":[3.125,9,3.625,9.5],"texture":"#2"},"up":{"uv":[7.875,6.375,6.5,5.875],"texture":"#2"},"down":{"uv":[7.875,6.5,6.5,7],"texture":"#2"}}},{"from":[3.22,3.42,22.83],"to":[16.14,4.75,25.87],"rotation":{"angle":0,"axis":"x","origin":[9.3,4.085,24.35]},"faces":{"north":{"uv":[8,5.25,10.125,5.5],"texture":"#2"},"east":{"uv":[9,9.25,9.5,9.5],"texture":"#2"},"south":{"uv":[8,5.625,10.125,5.875],"texture":"#2"},"west":{"uv":[9.375,0.375,9.875,0.625],"texture":"#2"},"up":{"uv":[4.125,3.5,2,3],"texture":"#2"},"down":{"uv":[5.375,0,3.25,0.5],"texture":"#2"}}},{"from":[3.22,4.30003,24.95458],"to":[16.14,5.63003,27.99458],"rotation":{"angle":-45,"axis":"x","origin":[9.3,4.96503,26.47458]},"faces":{"north":{"uv":[8,6,10.125,6.25],"texture":"#2"},"east":{"uv":[9.375,2.875,9.875,3.125],"texture":"#2"},"south":{"uv":[8,6.375,10.125,6.625],"texture":"#2"},"west":{"uv":[9.375,3.25,9.875,3.5],"texture":"#2"},"up":{"uv":[5.375,1.125,3.25,0.625],"texture":"#2"},"down":{"uv":[5.375,1.25,3.25,1.75],"texture":"#2"}}},{"from":[2.46,3.44503,23.52958],"to":[3.22,6.48503,28.27958],"rotation":{"angle":0,"axis":"x","origin":[1.32,4.96503,26.47458]},"faces":{"north":{"uv":[6.5,9.5,6.625,10],"texture":"#2"},"east":{"uv":[0,8.375,0.75,8.875],"texture":"#2"},"south":{"uv":[0,9.625,0.125,10.125],"texture":"#2"},"west":{"uv":[8.5,0.375,9.25,0.875],"texture":"#2"},"up":{"uv":[1.875,5.375,1.75,4.625],"texture":"#2"},"down":{"uv":[5.5,9.375,5.375,10.125],"texture":"#2"}}},{"from":[16.14,3.44503,23.52958],"to":[16.9,6.48503,28.27958],"rotation":{"angle":0,"axis":"x","origin":[18.04,4.96503,26.47458]},"faces":{"north":{"uv":[0.25,9.625,0.375,10.125],"texture":"#2"},"east":{"uv":[2.25,8.5,3,9],"texture":"#2"},"south":{"uv":[3.125,9.625,3.25,10.125],"texture":"#2"},"west":{"uv":[8.5,3,9.25,3.5],"texture":"#2"},"up":{"uv":[5.75,10.125,5.625,9.375],"texture":"#2"},"down":{"uv":[8,9.375,7.875,10.125],"texture":"#2"}}},{"from":[11.58,1.52,20.36],"to":[13.1,2.28,23.4],"rotation":{"angle":0,"axis":"y","origin":[15,0,-7]},"faces":{"north":{"uv":[4.25,6.75,4.5,6.875],"texture":"#2"},"east":{"uv":[9.5,4.625,10,4.75],"texture":"#2"},"south":{"uv":[8.25,1.75,8.5,1.875],"texture":"#2"},"west":{"uv":[9.5,4.875,10,5],"texture":"#2"},"up":{"uv":[3.5,6.5,3.25,6],"texture":"#2"},"down":{"uv":[1.75,7.375,1.5,7.875],"texture":"#2"}}},{"from":[11.96,1.52,22.64],"to":[13.48,4.56,24.16],"rotation":{"angle":22.5,"axis":"x","origin":[12.34,3.04,21.88]},"faces":{"north":{"uv":[0.625,9.25,0.875,9.75],"texture":"#2"},"east":{"uv":[1,9.25,1.25,9.75],"texture":"#2"},"south":{"uv":[1.375,9.25,1.625,9.75],"texture":"#2"},"west":{"uv":[1.75,9.25,2,9.75],"texture":"#2"},"up":{"uv":[7.25,1.25,7,1],"texture":"#2"},"down":{"uv":[3,7,2.75,7.25],"texture":"#2"}}},{"from":[5.88,1.52,22.64],"to":[7.4,4.56,24.16],"rotation":{"angle":22.5,"axis":"x","origin":[7.02,3.04,21.88]},"faces":{"north":{"uv":[6.75,9.25,7,9.75],"texture":"#2"},"east":{"uv":[7.125,9.25,7.375,9.75],"texture":"#2"},"south":{"uv":[7.5,9.25,7.75,9.75],"texture":"#2"},"west":{"uv":[8.625,9.25,8.875,9.75],"texture":"#2"},"up":{"uv":[5.25,7.25,5,7],"texture":"#2"},"down":{"uv":[2.5,8,2.25,8.25],"texture":"#2"}}},{"from":[6.26,1.52,20.36],"to":[7.78,2.28,23.4],"rotation":{"angle":0,"axis":"y","origin":[4.36,0,-7]},"faces":{"north":{"uv":[9.5,9.625,9.75,9.75],"texture":"#2"},"east":{"uv":[5.875,9.5,6.375,9.625],"texture":"#2"},"south":{"uv":[2.125,9.75,2.375,9.875],"texture":"#2"},"west":{"uv":[9.5,8.25,10,8.375],"texture":"#2"},"up":{"uv":[7.75,2.5,7.5,2],"texture":"#2"},"down":{"uv":[3,9.125,2.75,9.625],"texture":"#2"}}},{"from":[7.78,2.28,11.24],"to":[11.58,5.7,16.56],"rotation":{"angle":0,"axis":"y","origin":[15.76,0,-7]},"faces":{"north":{"uv":[6.5,8.125,7.125,8.75],"texture":"#2"},"east":{"uv":[3.25,6.75,4.125,7.375],"texture":"#2"},"south":{"uv":[7.25,8.125,7.875,8.75],"texture":"#2"},"west":{"uv":[5.5,6.75,6.375,7.375],"texture":"#2"},"up":{"uv":[7.625,0.875,7,0],"texture":"#2"},"down":{"uv":[2.625,7,2,7.875],"texture":"#2"}}},{"from":[7.78,2.28,16.56],"to":[11.58,4.94,20.36],"rotation":{"angle":0,"axis":"y","origin":[15.76,0,-7]},"faces":{"north":{"uv":[8.75,4,9.375,4.5],"texture":"#2"},"east":{"uv":[8.75,4.625,9.375,5.125],"texture":"#2"},"south":{"uv":[8.75,8.25,9.375,8.75],"texture":"#2"},"west":{"uv":[6,8.875,6.625,9.375],"texture":"#2"},"up":{"uv":[8.875,1.625,8.25,1],"texture":"#2"},"down":{"uv":[8.625,8.25,8,8.875],"texture":"#2"}}},{"from":[7.78,-1.14,-5.48],"to":[11.58,0.19,3.64],"rotation":{"angle":0,"axis":"y","origin":[15.76,0,-7]},"faces":{"north":{"uv":[2.25,5.625,2.875,5.875],"texture":"#2"},"east":{"uv":[4.25,3.25,5.75,3.5],"texture":"#2"},"south":{"uv":[4.625,9,5.25,9.25],"texture":"#2"},"west":{"uv":[8.5,0,10,0.25],"texture":"#2"},"up":{"uv":[3.625,5.875,3,4.375],"texture":"#2"},"down":{"uv":[0.625,4.625,0,6.125],"texture":"#2"}}},{"from":[7.21,-1.04368,-11.50771],"to":[12.15,0.47632,-4.66771],"rotation":{"angle":-22.5,"axis":"x","origin":[8.92,-0.66368,-9.60771]},"faces":{"north":{"uv":[3.25,2.625,4.125,2.875],"texture":"#2"},"east":{"uv":[6.75,8.875,7.875,9.125],"texture":"#2"},"south":{"uv":[5.5,1.5,6.375,1.75],"texture":"#2"},"west":{"uv":[8.75,8.875,9.875,9.125],"texture":"#2"},"up":{"uv":[4.625,5.375,3.75,4.25],"texture":"#2"},"down":{"uv":[2.875,4.375,2,5.5],"texture":"#2"}}},{"from":[7.4,-2.38933,-12.15121],"to":[11.96,-0.86933,-11.39121],"rotation":{"angle":0,"axis":"x","origin":[9.68,-0.10933,-11.77121]},"faces":{"north":{"uv":[9,1.25,9.75,1.5],"texture":"#2"},"east":{"uv":[6.25,5.25,6.375,5.5],"texture":"#2"},"south":{"uv":[3.75,9,4.5,9.25],"texture":"#2"},"west":{"uv":[4.875,9.625,5,9.875],"texture":"#2"},"up":{"uv":[10.125,0.875,9.375,0.75],"texture":"#2"},"down":{"uv":[5.25,9.375,4.5,9.5],"texture":"#2"}}},{"from":[3.6,-2.87017,-13.99336],"to":[15.57,-2.11017,-10.95336],"rotation":{"angle":0,"axis":"x","origin":[9.68,-0.40017,-12.47336]},"faces":{"north":{"uv":[0,9,2,9.125],"texture":"#2"},"east":{"uv":[7.875,3,8.375,3.125],"texture":"#2"},"south":{"uv":[9,1,11,1.125],"texture":"#2"},"west":{"uv":[2.125,9.5,2.625,9.625],"texture":"#2"},"up":{"uv":[5.75,4.125,3.75,3.625],"texture":"#2"},"down":{"uv":[6.25,2.625,4.25,3.125],"texture":"#2"}}},{"from":[4.74,-2.11017,-13.99336],"to":[5.5,-0.59017,-10.95336],"rotation":{"angle":0,"axis":"x","origin":[9.68,-0.40017,-12.47336]},"faces":{"north":{"uv":[5.125,9.625,5.25,9.875],"texture":"#2"},"east":{"uv":[5.375,9,5.875,9.25],"texture":"#2"},"south":{"uv":[9,9.625,9.125,9.875],"texture":"#2"},"west":{"uv":[8,9,8.5,9.25],"texture":"#2"},"up":{"uv":[2.125,6.875,2,6.375],"texture":"#2"},"down":{"uv":[8.25,9.375,8.125,9.875],"texture":"#2"}}},{"from":[13.86,-2.11017,-13.99336],"to":[14.43,-0.59017,-10.95336],"rotation":{"angle":0,"axis":"x","origin":[9.68,-0.40017,-12.47336]},"faces":{"north":{"uv":[9.25,9.625,9.375,9.875],"texture":"#2"},"east":{"uv":[2.125,9.125,2.625,9.375],"texture":"#2"},"south":{"uv":[9.625,9.25,9.75,9.5],"texture":"#2"},"west":{"uv":[0,9.25,0.5,9.5],"texture":"#2"},"up":{"uv":[8.5,9.875,8.375,9.375],"texture":"#2"},"down":{"uv":[9.625,4,9.5,4.5],"texture":"#2"}}},{"from":[14.24,-3.04,-4.72],"to":[18.04,2.28,0.6],"rotation":{"angle":0,"axis":"y","origin":[15.76,0,2.88]},"faces":{"north":{"uv":[4.25,7,4.875,7.875],"texture":"#2"},"east":{"uv":[0.75,4.625,1.625,5.5],"texture":"#2"},"south":{"uv":[6.5,7.125,7.125,8],"texture":"#2"},"west":{"uv":[5.5,5.75,6.375,6.625],"texture":"#2"},"up":{"uv":[7.875,5.125,7.25,4.25],"texture":"#2"},"down":{"uv":[7.875,7.125,7.25,8],"texture":"#2"}}},{"from":[1.32,-3.04,-4.72],"to":[5.12,2.28,0.6],"rotation":{"angle":0,"axis":"y","origin":[3.6,0,2.88]},"faces":{"north":{"uv":[0,7.375,0.625,8.25],"texture":"#2"},"east":{"uv":[5.875,3.25,6.75,4.125],"texture":"#2"},"south":{"uv":[0.75,7.375,1.375,8.25],"texture":"#2"},"west":{"uv":[2.25,6,3.125,6.875],"texture":"#2"},"up":{"uv":[8.125,1.875,7.5,1],"texture":"#2"},"down":{"uv":[3.375,7.5,2.75,8.375],"texture":"#2"}}},{"from":[5.12,-0.76,-3.2],"to":[14.24,0.76,-1.68],"rotation":{"angle":0,"axis":"y","origin":[15.76,0,2.88]},"faces":{"north":{"uv":[8.5,3.625,10,3.875],"texture":"#2"},"east":{"uv":[6,8.5,6.25,8.75],"texture":"#2"},"south":{"uv":[8.625,1.75,10.125,2],"texture":"#2"},"west":{"uv":[9.5,8.5,9.75,8.75],"texture":"#2"},"up":{"uv":[10.125,2.375,8.625,2.125],"texture":"#2"},"down":{"uv":[10.125,2.5,8.625,2.75],"texture":"#2"}}},{"from":[0.56,-3.04,18.08],"to":[4.36,2.28,23.4],"rotation":{"angle":0,"axis":"y","origin":[3.6,0,2.88]},"faces":{"north":{"uv":[7.875,2,8.5,2.875],"texture":"#2"},"east":{"uv":[1,6.375,1.875,7.25],"texture":"#2"},"south":{"uv":[1.5,8,2.125,8.875],"texture":"#2"},"west":{"uv":[6.5,1.5,7.375,2.375],"texture":"#2"},"up":{"uv":[4.875,8.875,4.25,8],"texture":"#2"},"down":{"uv":[8.625,4.25,8,5.125],"texture":"#2"}}},{"from":[15,-3.04,18.08],"to":[18.8,2.28,23.4],"rotation":{"angle":0,"axis":"y","origin":[15.76,0,2.88]},"faces":{"north":{"uv":[3.5,7.5,4.125,8.375],"texture":"#2"},"east":{"uv":[6.25,4.25,7.125,5.125],"texture":"#2"},"south":{"uv":[5,7.5,5.625,8.375],"texture":"#2"},"west":{"uv":[0,6.375,0.875,7.25],"texture":"#2"},"up":{"uv":[6.375,8.375,5.75,7.5],"texture":"#2"},"down":{"uv":[8.375,0,7.75,0.875],"texture":"#2"}}},{"from":[4.36,-0.76,19.6],"to":[15,0.76,21.12],"rotation":{"angle":0,"axis":"y","origin":[15.76,0,2.88]},"faces":{"north":{"uv":[8,6.75,9.75,7],"texture":"#2"},"east":{"uv":[3.375,9.625,3.625,9.875],"texture":"#2"},"south":{"uv":[8,7.125,9.75,7.375],"texture":"#2"},"west":{"uv":[4.5,9.625,4.75,9.875],"texture":"#2"},"up":{"uv":[9.75,7.75,8,7.5],"texture":"#2"},"down":{"uv":[9.75,7.875,8,8.125],"texture":"#2"}}}],"display":{"gui":{"rotation":[18,161,0],"translation":[0,4.25,0],"scale":[0.71,0.71,0.71]},"head":{"translation":[-6.75,2.75,0],"scale":[4,4,4]},"fixed":{"rotation":[-90,0,0],"translation":[-5,-24.5,-43.25],"scale":[4,4,4]}}}