{"texture_size":[256,256],"textures":{"2":"item/megat/20","particle":"item/megat/20"},"elements":[{"from":[0,-16,-10],"to":[16,-14,28],"faces":{"north":{"uv":[6.5625,4.125,7.5625,4.25],"texture":"#2"},"east":{"uv":[6.5625,1.5625,8.9375,1.6875],"texture":"#2"},"south":{"uv":[5,7.1875,6,7.3125],"texture":"#2"},"west":{"uv":[6.5625,1.75,8.9375,1.875],"texture":"#2"},"up":{"uv":[5.5625,4.8125,4.5625,2.4375],"texture":"#2"},"down":{"uv":[5.6875,0,4.6875,2.375],"texture":"#2"}}},{"from":[-3,-14,-10],"to":[19,-10,28],"faces":{"north":{"uv":[1.5625,6.5,2.9375,6.75],"texture":"#2"},"east":{"uv":[5.625,4.3125,8,4.5625],"texture":"#2"},"south":{"uv":[3,6.5,4.375,6.75],"texture":"#2"},"west":{"uv":[5.75,2,8.125,2.25],"texture":"#2"},"up":{"uv":[4.5,4.8125,3.125,2.4375],"texture":"#2"},"down":{"uv":[4.625,0,3.25,2.375],"texture":"#2"}}},{"from":[-4,-10,-10],"to":[20,-7,28],"faces":{"north":{"uv":[6.5625,3.875,8.0625,4.0625],"texture":"#2"},"east":{"uv":[6.25,6.125,8.625,6.3125],"texture":"#2"},"south":{"uv":[6.25,6.625,7.75,6.8125],"texture":"#2"},"west":{"uv":[6.25,6.375,8.625,6.5625],"texture":"#2"},"up":{"uv":[1.5,4.8125,0,2.4375],"texture":"#2"},"down":{"uv":[3.0625,2.4375,1.5625,4.8125],"texture":"#2"}}},{"from":[-4.5,-7,-10],"to":[20.5,-1,28],"faces":{"north":{"uv":[6.25,5.25,7.8125,5.625],"texture":"#2"},"east":{"uv":[5.625,2.4375,8,2.8125],"texture":"#2"},"south":{"uv":[6.25,5.6875,7.8125,6.0625],"texture":"#2"},"west":{"uv":[5.625,2.875,8,3.25],"texture":"#2"},"up":{"uv":[1.5625,2.375,0,0],"texture":"#2"},"down":{"uv":[3.1875,0,1.625,2.375],"texture":"#2"}}},{"from":[20.25,-1,-10],"to":[20.25,3,28],"rotation":{"angle":0,"axis":"y","origin":[16,0,0]},"faces":{"north":{"uv":[4.4375,6.4375,4.4375,6.6875],"texture":"#2"},"east":{"uv":[0.8125,5.875,3.1875,6.125],"texture":"#2"},"south":{"uv":[4.5,6.4375,4.5,6.6875],"texture":"#2"},"west":{"uv":[0.8125,6.1875,3.1875,6.4375],"texture":"#2"},"up":{"uv":[6.0625,9.5625,6.0625,7.1875],"texture":"#2"},"down":{"uv":[6.125,7.1875,6.125,9.5625],"texture":"#2"}}},{"from":[-4.25,-1,-10],"to":[-4.25,3,28],"faces":{"north":{"uv":[4.5625,6.4375,4.5625,6.6875],"texture":"#2"},"east":{"uv":[6.25,4.625,8.625,4.875],"texture":"#2"},"south":{"uv":[4.4375,6.75,4.4375,7],"texture":"#2"},"west":{"uv":[6.25,4.9375,8.625,5.1875],"texture":"#2"},"up":{"uv":[6.1875,9.5625,6.1875,7.1875],"texture":"#2"},"down":{"uv":[3.9375,7.25,3.9375,9.625],"texture":"#2"}}},{"from":[2,-1,-9],"to":[14,14,27],"rotation":{"angle":0,"axis":"y","origin":[0,0,1]},"faces":{"north":{"uv":[5.75,1,6.5,1.9375],"texture":"#2"},"east":{"uv":[0,4.875,2.25,5.8125],"texture":"#2"},"south":{"uv":[0,5.875,0.75,6.8125],"texture":"#2"},"west":{"uv":[2.3125,4.875,4.5625,5.8125],"texture":"#2"},"up":{"uv":[5.375,7.125,4.625,4.875],"texture":"#2"},"down":{"uv":[6.1875,4.875,5.4375,7.125],"texture":"#2"}}},{"from":[2.5,14,1],"to":[13.5,22,10],"rotation":{"angle":0,"axis":"y","origin":[0,0,1]},"faces":{"north":{"uv":[6.5625,1,7.25,1.5],"texture":"#2"},"east":{"uv":[4,5.875,4.5625,6.375],"texture":"#2"},"south":{"uv":[6.5625,3.3125,7.25,3.8125],"texture":"#2"},"west":{"uv":[6.6875,0,7.25,0.5],"texture":"#2"},"up":{"uv":[3.9375,6.4375,3.25,5.875],"texture":"#2"},"down":{"uv":[1.5,6.5,0.8125,7.0625],"texture":"#2"}}},{"from":[6.5,18,4],"to":[9.5,26,7],"rotation":{"angle":0,"axis":"y","origin":[0,0,1]},"faces":{"north":{"uv":[1.5625,7.25,1.75,7.75],"texture":"#2"},"east":{"uv":[1.8125,7.25,2,7.75],"texture":"#2"},"south":{"uv":[2.0625,7.25,2.25,7.75],"texture":"#2"},"west":{"uv":[2.3125,7.25,2.5,7.75],"texture":"#2"},"up":{"uv":[5.8125,4.8125,5.625,4.625],"texture":"#2"},"down":{"uv":[6.0625,4.625,5.875,4.8125],"texture":"#2"}}},{"from":[3.5,25,5.5],"to":[12.5,31,5.5],"rotation":{"angle":0,"axis":"y","origin":[0,0,1]},"faces":{"north":{"uv":[6.6875,0.5625,7.25,0.9375],"texture":"#2"},"east":{"uv":[4.5,6.75,4.5,7.125],"texture":"#2"},"south":{"uv":[1.5625,6.8125,2.125,7.1875],"texture":"#2"},"west":{"uv":[4.5625,6.75,4.5625,7.125],"texture":"#2"},"up":{"uv":[7.125,1.9375,6.5625,1.9375],"texture":"#2"},"down":{"uv":[7.75,1.9375,7.1875,1.9375],"texture":"#2"}}},{"from":[-5.15784,25,7.22215],"to":[3.84216,31,7.22215],"rotation":{"angle":22.5,"axis":"y","origin":[-0.65784,28,7.22215]},"faces":{"north":{"uv":[2.1875,6.8125,2.75,7.1875],"texture":"#2"},"east":{"uv":[4,7.25,4,7.625],"texture":"#2"},"south":{"uv":[2.8125,6.8125,3.375,7.1875],"texture":"#2"},"west":{"uv":[7.25,7.125,7.25,7.5],"texture":"#2"},"up":{"uv":[0.5625,7.3125,0,7.3125],"texture":"#2"},"down":{"uv":[7.875,0,7.3125,0],"texture":"#2"}}},{"from":[12.15784,25,7.22215],"to":[21.15784,31,7.22215],"rotation":{"angle":-22.5,"axis":"y","origin":[16.65784,28,7.22215]},"faces":{"north":{"uv":[3.4375,6.8125,4,7.1875],"texture":"#2"},"east":{"uv":[7.3125,0.0625,7.3125,0.4375],"texture":"#2"},"south":{"uv":[0,6.875,0.5625,7.25],"texture":"#2"},"west":{"uv":[7.3125,0.5,7.3125,0.875],"texture":"#2"},"up":{"uv":[7.875,0.9375,7.3125,0.9375],"texture":"#2"},"down":{"uv":[7.875,1,7.3125,1],"texture":"#2"}}},{"from":[1,14,10],"to":[15,17,25],"rotation":{"angle":0,"axis":"y","origin":[0,0,1]},"faces":{"north":{"uv":[0.625,7.125,1.5,7.3125],"texture":"#2"},"east":{"uv":[6.25,6.875,7.1875,7.0625],"texture":"#2"},"south":{"uv":[4.0625,7.1875,4.9375,7.375],"texture":"#2"},"west":{"uv":[6.25,7.125,7.1875,7.3125],"texture":"#2"},"up":{"uv":[6.5,4.25,5.625,3.3125],"texture":"#2"},"down":{"uv":[6.625,0,5.75,0.9375],"texture":"#2"}}},{"from":[2.25,14,-8.75],"to":[2.25,15,1],"faces":{"north":{"uv":[6.125,4.625,6.125,4.6875],"texture":"#2"},"east":{"uv":[2.5625,7.25,3.1875,7.3125],"texture":"#2"},"south":{"uv":[6.125,4.75,6.125,4.8125],"texture":"#2"},"west":{"uv":[3.25,7.25,3.875,7.3125],"texture":"#2"},"up":{"uv":[7.3125,7.75,7.3125,7.125],"texture":"#2"},"down":{"uv":[0,7.375,0,8],"texture":"#2"}}},{"from":[13.75,14,-8.75],"to":[13.75,15,1],"rotation":{"angle":0,"axis":"y","origin":[16,0,0]},"faces":{"north":{"uv":[6.1875,4.625,6.1875,4.6875],"texture":"#2"},"east":{"uv":[7.25,6.875,7.875,6.9375],"texture":"#2"},"south":{"uv":[6.1875,4.75,6.1875,4.8125],"texture":"#2"},"west":{"uv":[7.25,7,7.875,7.0625],"texture":"#2"},"up":{"uv":[0.0625,8,0.0625,7.375],"texture":"#2"},"down":{"uv":[7.375,0.0625,7.375,0.6875],"texture":"#2"}}},{"from":[2.25,14,-8.75],"to":[13.75,15,-8.75],"rotation":{"angle":0,"axis":"y","origin":[16,0,0]},"faces":{"north":{"uv":[5.75,2.3125,6.5,2.375],"texture":"#2"},"east":{"uv":[4.0625,6.8125,4.0625,6.875],"texture":"#2"},"south":{"uv":[6.5625,2.3125,7.3125,2.375],"texture":"#2"},"west":{"uv":[4.125,6.8125,4.125,6.875],"texture":"#2"},"up":{"uv":[8.0625,1.0625,7.3125,1.0625],"texture":"#2"},"down":{"uv":[8.0625,1.125,7.3125,1.125],"texture":"#2"}}}],"display":{"gui":{"rotation":[30,146,0],"translation":[0,3.25,0],"scale":[0.42,0.42,0.42]},"head":{"translation":[0,35,0],"scale":[4,4,4]},"fixed":{"rotation":[-90,0,0],"translation":[0,56,-63],"scale":[4,4,4]}}}