{"texture_size":[128,128],"textures":{"0":"item/megat/12","particle":"item/megat/12"},"elements":[{"from":[-2,0,5],"to":[18,8,14],"faces":{"north":{"uv":[2.875,2.5,5.375,3.5],"texture":"#0"},"east":{"uv":[6.75,6.25,7.875,7.25],"texture":"#0"},"south":{"uv":[2.875,2.5,5.375,3.5],"texture":"#0"},"west":{"uv":[3.375,6.875,4.5,7.875],"texture":"#0"},"up":{"uv":[5.375,1.125,2.875,0],"texture":"#0"},"down":{"uv":[5.375,1.25,2.875,2.375],"texture":"#0"}}},{"from":[-3,-1,-2],"to":[19,0,18],"faces":{"north":{"uv":[7.125,5.375,9.875,5.5],"texture":"#0"},"east":{"uv":[7.625,0.625,10.125,0.75],"texture":"#0"},"south":{"uv":[7.625,0.375,10.375,0.5],"texture":"#0"},"west":{"uv":[7.625,0.875,10.125,1],"texture":"#0"},"up":{"uv":[2.75,2.5,0,0],"texture":"#0"},"down":{"uv":[2.75,2.625,0,5.125],"texture":"#0"}}},{"from":[0,0,-1],"to":[16,6,5],"faces":{"north":{"uv":[2.875,4.75,4.875,5.5],"texture":"#0"},"east":{"uv":[4.625,6.875,5.375,7.625],"texture":"#0"},"south":{"uv":[5,4.75,7,5.5],"texture":"#0"},"west":{"uv":[7.125,4.5,7.875,5.25],"texture":"#0"},"up":{"uv":[2,6,0,5.25],"texture":"#0"},"down":{"uv":[7.5,0,5.5,0.75],"texture":"#0"}}},{"from":[0,0,14],"to":[16,6,16],"faces":{"north":{"uv":[5.5,0.875,7.5,1.625],"texture":"#0"},"east":{"uv":[7.375,7.75,7.625,8.5],"texture":"#0"},"south":{"uv":[5.5,1.75,7.5,2.5],"texture":"#0"},"west":{"uv":[7.75,7.75,8,8.5],"texture":"#0"},"up":{"uv":[8.75,7.625,6.75,7.375],"texture":"#0"},"down":{"uv":[9.625,0,7.625,0.25],"texture":"#0"}}},{"from":[6,3,-16],"to":[10,7,5],"rotation":{"angle":0,"axis":"y","origin":[16,0,0]},"faces":{"north":{"uv":[4.625,7.75,5.125,8.25],"texture":"#0"},"east":{"uv":[1.25,6.125,1.75,8.75],"rotation":270,"texture":"#0"},"south":{"uv":[6.75,7.75,7.25,8.25],"texture":"#0"},"west":{"uv":[1.25,6.125,1.75,8.75],"rotation":90,"texture":"#0"},"up":{"uv":[1.75,8.75,1.25,6.125],"texture":"#0"},"down":{"uv":[1.75,6.125,1.25,8.75],"texture":"#0"}}},{"from":[1,3,-16],"to":[5,7,5],"rotation":{"angle":0,"axis":"y","origin":[16,0,0]},"faces":{"north":{"uv":[4.625,7.75,5.125,8.25],"texture":"#0"},"east":{"uv":[1.25,6.125,1.75,8.75],"rotation":270,"texture":"#0"},"south":{"uv":[6.75,7.75,7.25,8.25],"texture":"#0"},"west":{"uv":[1.25,6.125,1.75,8.75],"rotation":90,"texture":"#0"},"up":{"uv":[1.75,8.75,1.25,6.125],"texture":"#0"},"down":{"uv":[1.75,6.125,1.25,8.75],"texture":"#0"}}},{"from":[11,3,-16],"to":[15,7,5],"rotation":{"angle":0,"axis":"y","origin":[16,0,0]},"faces":{"north":{"uv":[4.625,7.75,5.125,8.25],"texture":"#0"},"east":{"uv":[1.25,6.125,1.75,8.75],"rotation":270,"texture":"#0"},"south":{"uv":[6.75,7.75,7.25,8.25],"texture":"#0"},"west":{"uv":[1.25,6.125,1.75,8.75],"rotation":90,"texture":"#0"},"up":{"uv":[1.75,8.75,1.25,6.125],"texture":"#0"},"down":{"uv":[1.75,6.125,1.25,8.75],"texture":"#0"}}}],"display":{"head":{"translation":[0,11.5,-18],"scale":[3.31,3.31,3.31]},"fixed":{"rotation":[-90,0,0],"translation":[0,0,-34.25],"scale":[4,4,4]}}}