{"texture_size":[128,128],"textures":{"3":"item/megat/25","particle":"item/megat/25_e"},"elements":[{"from":[5.39,5.49,7.19],"to":[10.61,10.13,12.99],"rotation":{"angle":0,"axis":"y","origin":[8.145,6.07,10.67]},"faces":{"north":{"uv":[7.5,2.75,8.125,3.375],"texture":"#3"},"east":{"uv":[7.125,0,7.875,0.625],"texture":"#3"},"south":{"uv":[0,7.875,0.625,8.5],"texture":"#3"},"west":{"uv":[0.625,7.125,1.375,7.75],"texture":"#3"},"up":{"uv":[7.75,2.625,7.125,1.875],"texture":"#3"},"down":{"uv":[5.25,7.125,4.625,7.875],"texture":"#3"}}},{"from":[5.39,0.85,5.45],"to":[10.61,2.59,5.45],"rotation":{"angle":22.5,"axis":"x","origin":[8,-9.3,28.07]},"faces":{"north":{"uv":[10.875,9,11.5,9.25],"texture":"#3"},"east":{"uv":[3.25,1.125,3.25,1.375],"texture":"#3"},"south":{"uv":[9.75,10.875,10.375,11.125],"texture":"#3"},"west":{"uv":[4.125,0.75,4.125,1],"texture":"#3"},"up":{"uv":[11.25,8.125,10.625,8.125],"texture":"#3"},"down":{"uv":[12.625,5.875,12,5.875],"texture":"#3"}}},{"from":[5.39,0.56,4.29],"to":[10.61,2.3,4.29],"rotation":{"angle":22.5,"axis":"x","origin":[8,-9.3,28.07]},"faces":{"north":{"uv":[10.875,10,11.5,10.25],"texture":"#3"},"east":{"uv":[6.875,3.875,6.875,4.125],"texture":"#3"},"south":{"uv":[10.875,10.375,11.5,10.625],"texture":"#3"},"west":{"uv":[3.875,7.375,3.875,7.625],"texture":"#3"},"up":{"uv":[12.625,6,12,6],"texture":"#3"},"down":{"uv":[12.875,4.875,12.25,4.875],"texture":"#3"}}},{"from":[5.68,5.69618,1.77862],"to":[10.32,9.75618,7.57862],"rotation":{"angle":-22.5,"axis":"x","origin":[8,8.67623,7.90258]},"faces":{"north":{"uv":[8.875,6.5,9.5,7],"texture":"#3"},"east":{"uv":[8,7.625,8.75,8.125],"texture":"#3"},"south":{"uv":[8.875,7.625,9.5,8.125],"texture":"#3"},"west":{"uv":[8.125,0.5,8.875,1],"texture":"#3"},"up":{"uv":[6,7.875,5.375,7.125],"texture":"#3"},"down":{"uv":[6.75,7.125,6.125,7.875],"texture":"#3"}}},{"from":[5.68,2.79618,1.77862],"to":[10.32,5.69618,8.73862],"rotation":{"angle":-22.5,"axis":"x","origin":[8,8.67623,7.90258]},"faces":{"north":{"uv":[10.375,0,11,0.375],"texture":"#3"},"east":{"uv":[8.25,6,9.125,6.375],"texture":"#3"},"south":{"uv":[10.375,0.5,11,0.875],"texture":"#3"},"west":{"uv":[8,8.25,8.875,8.625],"texture":"#3"},"up":{"uv":[6.75,3.625,6.125,2.75],"texture":"#3"},"down":{"uv":[5.25,6.125,4.625,7],"texture":"#3"}}},{"from":[5.68,-0.10382,1.77862],"to":[10.32,2.79618,8.73862],"rotation":{"angle":-22.5,"axis":"x","origin":[8,8.67623,7.90258]},"faces":{"north":{"uv":[10.375,1.625,11,2],"texture":"#3"},"east":{"uv":[3.875,8.5,4.75,8.875],"texture":"#3"},"south":{"uv":[10.375,2.125,11,2.5],"texture":"#3"},"west":{"uv":[4.875,8.5,5.75,8.875],"texture":"#3"},"up":{"uv":[2.5,7.125,1.875,6.25],"texture":"#3"},"down":{"uv":[3.25,6.25,2.625,7.125],"texture":"#3"}}}],"display":{"gui":{"rotation":[0,164,0],"scale":[0.4,0.4,0.4]},"head":{"translation":[0,27.5,0],"scale":[4,4,4]},"fixed":{"rotation":[-66,0,42],"translation":[-4,0,-16.25],"scale":[4,4,4]}}}