{"texture_size":[256,256],"textures":{"0":"item/megat/22","particle":"item/megat/22"},"elements":[{"from":[0,1,-10],"to":[16,3,28],"faces":{"north":{"uv":[6.5625,0.5,7.5625,0.625],"texture":"#0"},"east":{"uv":[5.625,4.6875,8,4.8125],"texture":"#0"},"south":{"uv":[6.5625,2.25,7.5625,2.375],"texture":"#0"},"west":{"uv":[6.4375,6.125,8.8125,6.25],"texture":"#0"},"up":{"uv":[5.5625,4.8125,4.5625,2.4375],"texture":"#0"},"down":{"uv":[5.6875,0,4.6875,2.375],"texture":"#0"}}},{"from":[-3,3,-10],"to":[19,7,28],"faces":{"north":{"uv":[6.4375,5.3125,7.8125,5.5625],"texture":"#0"},"east":{"uv":[4,5.3125,6.375,5.5625],"texture":"#0"},"south":{"uv":[5.625,6.4375,7,6.6875],"texture":"#0"},"west":{"uv":[5.625,2.4375,8,2.6875],"texture":"#0"},"up":{"uv":[4.5,4.8125,3.125,2.4375],"texture":"#0"},"down":{"uv":[4.625,0,3.25,2.375],"texture":"#0"}}},{"from":[-4,7,-10],"to":[20,10,28],"faces":{"north":{"uv":[6.5625,0,8.0625,0.1875],"texture":"#0"},"east":{"uv":[5.625,4.4375,8,4.625],"texture":"#0"},"south":{"uv":[6.5625,0.25,8.0625,0.4375],"texture":"#0"},"west":{"uv":[6.4375,0.8125,8.8125,1],"texture":"#0"},"up":{"uv":[1.5,4.8125,0,2.4375],"texture":"#0"},"down":{"uv":[3.0625,2.4375,1.5625,4.8125],"texture":"#0"}}},{"from":[-4.5,10,-10],"to":[20.5,16,28],"faces":{"north":{"uv":[4,5.625,5.5625,6],"texture":"#0"},"east":{"uv":[2.625,4.875,5,5.25],"texture":"#0"},"south":{"uv":[5.625,4,7.1875,4.375],"texture":"#0"},"west":{"uv":[5.0625,4.875,7.4375,5.25],"texture":"#0"},"up":{"uv":[1.5625,2.375,0,0],"texture":"#0"},"down":{"uv":[3.1875,0,1.625,2.375],"texture":"#0"}}},{"from":[20.25,16,-10],"to":[20.25,20,28],"rotation":{"angle":0,"axis":"y","origin":[16,0,0]},"faces":{"north":{"uv":[5.6875,7.1875,5.6875,7.4375],"texture":"#0"},"east":{"uv":[5.625,2.75,8,3],"texture":"#0"},"south":{"uv":[5.75,7.1875,5.75,7.4375],"texture":"#0"},"west":{"uv":[5.625,3.0625,8,3.3125],"texture":"#0"},"up":{"uv":[1.3125,9.625,1.3125,7.25],"texture":"#0"},"down":{"uv":[1.375,7.25,1.375,9.625],"texture":"#0"}}},{"from":[-4.25,16,-10],"to":[-4.25,20,28],"faces":{"north":{"uv":[1.4375,7.25,1.4375,7.5],"texture":"#0"},"east":{"uv":[5.625,3.375,8,3.625],"texture":"#0"},"south":{"uv":[1.5,7.25,1.5,7.5],"texture":"#0"},"west":{"uv":[5.625,3.6875,8,3.9375],"texture":"#0"},"up":{"uv":[1.5625,9.625,1.5625,7.25],"texture":"#0"},"down":{"uv":[1.625,7.25,1.625,9.625],"texture":"#0"}}},{"from":[-4.5,16,27.75],"to":[20.5,20,27.75],"rotation":{"angle":0,"axis":"y","origin":[16,0,0]},"faces":{"north":{"uv":[4,6.0625,5.5625,6.3125],"texture":"#0"},"east":{"uv":[1.6875,7.25,1.6875,7.5],"texture":"#0"},"south":{"uv":[4,6.375,5.5625,6.625],"texture":"#0"},"west":{"uv":[7.25,1.6875,7.25,1.9375],"texture":"#0"},"up":{"uv":[8.75,6.875,7.1875,6.875],"texture":"#0"},"down":{"uv":[8.75,6.9375,7.1875,6.9375],"texture":"#0"}}},{"from":[2,16,13],"to":[14,17,25],"faces":{"north":{"uv":[6.5625,0.6875,7.3125,0.75],"texture":"#0"},"east":{"uv":[7.125,1.4375,7.875,1.5],"texture":"#0"},"south":{"uv":[7.125,1.5625,7.875,1.625],"texture":"#0"},"west":{"uv":[6.4375,7.1875,7.1875,7.25],"texture":"#0"},"up":{"uv":[6.375,6.375,5.625,5.625],"texture":"#0"},"down":{"uv":[6.5,0,5.75,0.75],"texture":"#0"}}},{"from":[5,17,16],"to":[11,19,22],"faces":{"north":{"uv":[5.25,7.1875,5.625,7.3125],"texture":"#0"},"east":{"uv":[7.1875,6.6875,7.5625,6.8125],"texture":"#0"},"south":{"uv":[0.25,7.25,0.625,7.375],"texture":"#0"},"west":{"uv":[0.6875,7.25,1.0625,7.375],"texture":"#0"},"up":{"uv":[2.5625,6.1875,2.1875,5.8125],"texture":"#0"},"down":{"uv":[5.3125,6.6875,4.9375,7.0625],"texture":"#0"}}},{"from":[3,19,14],"to":[13,22,24],"faces":{"north":{"uv":[5.8125,6.75,6.4375,6.9375],"texture":"#0"},"east":{"uv":[6.5,6.75,7.125,6.9375],"texture":"#0"},"south":{"uv":[0.4375,7,1.0625,7.1875],"texture":"#0"},"west":{"uv":[1.125,7,1.75,7.1875],"texture":"#0"},"up":{"uv":[2.125,6.4375,1.5,5.8125],"texture":"#0"},"down":{"uv":[7.0625,1.0625,6.4375,1.6875],"texture":"#0"}}},{"from":[3,22,14],"to":[6,27,24],"faces":{"north":{"uv":[2.1875,6.25,2.375,6.5625],"texture":"#0"},"east":{"uv":[2.1875,6.625,2.8125,6.9375],"texture":"#0"},"south":{"uv":[7.125,1.0625,7.3125,1.375],"texture":"#0"},"west":{"uv":[2.875,6.625,3.5,6.9375],"texture":"#0"},"up":{"uv":[2,7.625,1.8125,7],"texture":"#0"},"down":{"uv":[2.25,7,2.0625,7.625],"texture":"#0"}}},{"from":[5,23,19],"to":[7,25,31],"rotation":{"angle":0,"axis":"y","origin":[8,24,25]},"faces":{"north":{"uv":[2.4375,6.25,2.5625,6.375],"texture":"#0"},"east":{"uv":[6.4375,7,7.1875,7.125],"texture":"#0"},"south":{"uv":[2.4375,6.4375,2.5625,6.5625],"texture":"#0"},"west":{"uv":[3.4375,7.0625,4.1875,7.1875],"texture":"#0"},"up":{"uv":[4.375,7.8125,4.25,7.0625],"texture":"#0"},"down":{"uv":[4.5625,7.0625,4.4375,7.8125],"texture":"#0"}}},{"from":[9,23,19],"to":[11,25,31],"rotation":{"angle":0,"axis":"y","origin":[8,24,25]},"faces":{"north":{"uv":[0.4375,6.75,0.5625,6.875],"texture":"#0"},"east":{"uv":[7.0625,6.3125,7.8125,6.4375],"texture":"#0"},"south":{"uv":[1.125,7.25,1.25,7.375],"texture":"#0"},"west":{"uv":[7.0625,6.5,7.8125,6.625],"texture":"#0"},"up":{"uv":[4.75,7.8125,4.625,7.0625],"texture":"#0"},"down":{"uv":[4.9375,7.125,4.8125,7.875],"texture":"#0"}}},{"from":[10,22,14],"to":[13,27,24],"rotation":{"angle":0,"axis":"y","origin":[16,0,0]},"faces":{"north":{"uv":[5,7.125,5.1875,7.4375],"texture":"#0"},"east":{"uv":[3.5625,6.6875,4.1875,7],"texture":"#0"},"south":{"uv":[0,7.1875,0.1875,7.5],"texture":"#0"},"west":{"uv":[4.25,6.6875,4.875,7],"texture":"#0"},"up":{"uv":[2.5,7.625,2.3125,7],"texture":"#0"},"down":{"uv":[2.75,7,2.5625,7.625],"texture":"#0"}}},{"from":[6,22,14],"to":[10,28,20],"rotation":{"angle":0,"axis":"y","origin":[16,0,0]},"faces":{"north":{"uv":[2.8125,7,3.0625,7.375],"texture":"#0"},"east":{"uv":[0,6.75,0.375,7.125],"texture":"#0"},"south":{"uv":[3.125,7,3.375,7.375],"texture":"#0"},"west":{"uv":[5.375,6.75,5.75,7.125],"texture":"#0"},"up":{"uv":[6.0625,7.375,5.8125,7],"texture":"#0"},"down":{"uv":[6.375,7,6.125,7.375],"texture":"#0"}}},{"from":[3,16,-10],"to":[13,30,10],"faces":{"north":{"uv":[5.75,0.8125,6.375,1.6875],"texture":"#0"},"east":{"uv":[0,4.875,1.25,5.75],"texture":"#0"},"south":{"uv":[0,5.8125,0.625,6.6875],"texture":"#0"},"west":{"uv":[1.3125,4.875,2.5625,5.75],"texture":"#0"},"up":{"uv":[3.25,6.5625,2.625,5.3125],"texture":"#0"},"down":{"uv":[3.9375,5.3125,3.3125,6.5625],"texture":"#0"}}},{"from":[2,24,3],"to":[14,31,13],"faces":{"north":{"uv":[6.4375,5.625,7.1875,6.0625],"texture":"#0"},"east":{"uv":[1.5,6.5,2.125,6.9375],"texture":"#0"},"south":{"uv":[0.6875,6.5,1.4375,6.9375],"texture":"#0"},"west":{"uv":[6.5625,1.75,7.1875,2.1875],"texture":"#0"},"up":{"uv":[6.5,2.375,5.75,1.75],"texture":"#0"},"down":{"uv":[1.4375,5.8125,0.6875,6.4375],"texture":"#0"}}}],"display":{"gui":{"rotation":[30,146,0],"translation":[0,3.25,0],"scale":[0.42,0.42,0.42]},"head":{"translation":[0,35,0],"scale":[4,4,4]},"fixed":{"rotation":[-90,0,0],"translation":[0,56,-27.25],"scale":[4,4,4]}}}