{"texture_size":[64,64],"textures":{"1":"item/megat/23"},"elements":[{"from":[3,1,3],"to":[13,11,13],"faces":{"north":{"uv":[7.5,7,10,9.5],"texture":"#1"},"east":{"uv":[7.5,9.75,10,12.25],"texture":"#1"},"south":{"uv":[10.25,7,12.75,9.5],"texture":"#1"},"west":{"uv":[10.25,9.75,12.75,12.25],"texture":"#1"},"up":{"uv":[2.5,13,0,10.5],"texture":"#1"},"down":{"uv":[5.25,10.5,2.75,13],"texture":"#1"}}},{"from":[12,-1.5,1],"to":[12,11.5,15],"rotation":{"angle":0,"axis":"y","origin":[8,12.25,8]},"faces":{"north":{"uv":[5.5,10.5,5.5,13.75],"texture":"#1"},"east":{"uv":[0,0,3.5,3.25],"texture":"#1"},"south":{"uv":[5.75,10.5,5.75,13.75],"texture":"#1"},"west":{"uv":[0,3.5,3.5,6.75],"texture":"#1"},"up":{"uv":[6,14,6,10.5],"texture":"#1"},"down":{"uv":[6.25,10.5,6.25,14],"texture":"#1"}}},{"from":[4,-1.5,1],"to":[4,11.5,15],"rotation":{"angle":0,"axis":"y","origin":[8,12.25,8]},"faces":{"north":{"uv":[6.5,10.5,6.5,13.75],"texture":"#1"},"east":{"uv":[3.75,0,7.25,3.25],"texture":"#1"},"south":{"uv":[6.75,10.5,6.75,13.75],"texture":"#1"},"west":{"uv":[3.75,3.5,7.25,6.75],"texture":"#1"},"up":{"uv":[7,14,7,10.5],"texture":"#1"},"down":{"uv":[7.25,10.5,7.25,14],"texture":"#1"}}},{"from":[1,-1.5,12],"to":[15,11.5,12],"rotation":{"angle":0,"axis":"y","origin":[8,5,8]},"faces":{"north":{"uv":[7.5,0,11,3.25],"texture":"#1"},"east":{"uv":[11.5,0.5,11.5,3.75],"texture":"#1"},"south":{"uv":[7.5,3.5,11,6.75],"texture":"#1"},"west":{"uv":[11.75,0.5,11.75,3.75],"texture":"#1"},"up":{"uv":[15,4,11.5,4],"texture":"#1"},"down":{"uv":[15,4.25,11.5,4.25],"texture":"#1"}}},{"from":[1,-1.5,4],"to":[15,11.5,4],"rotation":{"angle":0,"axis":"y","origin":[8,5,8]},"faces":{"north":{"uv":[0,7,3.5,10.25],"texture":"#1"},"east":{"uv":[11.25,0,11.25,3.25],"texture":"#1"},"south":{"uv":[3.75,7,7.25,10.25],"texture":"#1"},"west":{"uv":[11.25,3.5,11.25,6.75],"texture":"#1"},"up":{"uv":[15,0,11.5,0],"texture":"#1"},"down":{"uv":[15,0.25,11.5,0.25],"texture":"#1"}}}],"display":{"ground":{"translation":[0,7.25,0]},"gui":{"rotation":[34,34,0],"translation":[0,2,0]},"head":{"translation":[0,3.75,0],"scale":[1.41,1.41,1.41]},"fixed":{"rotation":[0,-44,0],"translation":[0,6.5,-12.5],"scale":[2.97,2.97,2.97]}}}