{"texture_size":[256,256],"textures":{"2":"item/megat/24","particle":"item/megat/24"},"elements":[{"from":[0,-16,-10],"to":[16,-14,28],"faces":{"north":{"uv":[3.8125,6.75,4.8125,6.875],"texture":"#2"},"east":{"uv":[6.625,6.3125,9,6.4375],"texture":"#2"},"south":{"uv":[1.625,6.9375,2.625,7.0625],"texture":"#2"},"west":{"uv":[6.625,6.5,9,6.625],"texture":"#2"},"up":{"uv":[5.5625,4.8125,4.5625,2.4375],"texture":"#2"},"down":{"uv":[5.6875,0,4.6875,2.375],"texture":"#2"}}},{"from":[-3,-14,-10],"to":[19,-10,28],"faces":{"north":{"uv":[6.625,5.6875,8,5.9375],"texture":"#2"},"east":{"uv":[6.3125,2.375,8.6875,2.625],"texture":"#2"},"south":{"uv":[6.625,6,8,6.25],"texture":"#2"},"west":{"uv":[6.3125,2.6875,8.6875,2.9375],"texture":"#2"},"up":{"uv":[4.5,4.8125,3.125,2.4375],"texture":"#2"},"down":{"uv":[4.625,0,3.25,2.375],"texture":"#2"}}},{"from":[-4,-10,-10],"to":[20,-7,28],"faces":{"north":{"uv":[1.625,6.6875,3.125,6.875],"texture":"#2"},"east":{"uv":[6.3125,5.4375,8.6875,5.625],"texture":"#2"},"south":{"uv":[6.625,6.6875,8.125,6.875],"texture":"#2"},"west":{"uv":[6.5,4.5,8.875,4.6875],"texture":"#2"},"up":{"uv":[1.5,4.8125,0,2.4375],"texture":"#2"},"down":{"uv":[3.0625,2.4375,1.5625,4.8125],"texture":"#2"}}},{"from":[-4.5,-7,-10],"to":[20.5,-1,28],"faces":{"north":{"uv":[1.625,6.25,3.1875,6.625],"texture":"#2"},"east":{"uv":[3.875,4.875,6.25,5.25],"texture":"#2"},"south":{"uv":[6.4375,0,8,0.375],"texture":"#2"},"west":{"uv":[3.875,5.3125,6.25,5.6875],"texture":"#2"},"up":{"uv":[1.5625,2.375,0,0],"texture":"#2"},"down":{"uv":[3.1875,0,1.625,2.375],"texture":"#2"}}},{"from":[20.25,-1,-10],"to":[20.25,3,28],"rotation":{"angle":0,"axis":"y","origin":[16,0,0]},"faces":{"north":{"uv":[3.8125,6.25,3.8125,6.5],"texture":"#2"},"east":{"uv":[6.3125,3,8.6875,3.25],"texture":"#2"},"south":{"uv":[3.1875,6.6875,3.1875,6.9375],"texture":"#2"},"west":{"uv":[6.3125,3.3125,8.6875,3.5625],"texture":"#2"},"up":{"uv":[4.875,9.125,4.875,6.75],"texture":"#2"},"down":{"uv":[4.9375,6.75,4.9375,9.125],"texture":"#2"}}},{"from":[-4.25,-1,-10],"to":[-4.25,3,28],"faces":{"north":{"uv":[5,6.75,5,7],"texture":"#2"},"east":{"uv":[6.3125,4.8125,8.6875,5.0625],"texture":"#2"},"south":{"uv":[5.0625,6.75,5.0625,7],"texture":"#2"},"west":{"uv":[6.3125,5.125,8.6875,5.375],"texture":"#2"},"up":{"uv":[5.125,9.125,5.125,6.75],"texture":"#2"},"down":{"uv":[5.1875,6.75,5.1875,9.125],"texture":"#2"}}},{"from":[2,-1,-11],"to":[14,14,2],"rotation":{"angle":0,"axis":"y","origin":[0,0,1]},"faces":{"north":{"uv":[3.875,5.75,4.625,6.6875],"texture":"#2"},"east":{"uv":[5.625,3.8125,6.4375,4.75],"texture":"#2"},"south":{"uv":[4.6875,5.75,5.4375,6.6875],"texture":"#2"},"west":{"uv":[5.75,1.375,6.5625,2.3125],"texture":"#2"},"up":{"uv":[0.75,7.0625,0,6.25],"texture":"#2"},"down":{"uv":[1.5625,6.25,0.8125,7.0625],"texture":"#2"}}},{"from":[3,-1,-2],"to":[13,20,11],"rotation":{"angle":0,"axis":"y","origin":[0,0,1]},"faces":{"north":{"uv":[5.625,2.4375,6.25,3.75],"texture":"#2"},"east":{"uv":[2.125,4.875,2.9375,6.1875],"texture":"#2"},"south":{"uv":[5.75,0,6.375,1.3125],"texture":"#2"},"west":{"uv":[3,4.875,3.8125,6.1875],"texture":"#2"},"up":{"uv":[7.0625,1.25,6.4375,0.4375],"texture":"#2"},"down":{"uv":[7.125,3.625,6.5,4.4375],"texture":"#2"}}},{"from":[4,11,-7],"to":[12,32,9],"rotation":{"angle":0,"axis":"y","origin":[0,0,1]},"faces":{"north":{"uv":[5.5,5.75,6,7.0625],"texture":"#2"},"east":{"uv":[0,4.875,1,6.1875],"texture":"#2"},"south":{"uv":[6.0625,5.75,6.5625,7.0625],"texture":"#2"},"west":{"uv":[1.0625,4.875,2.0625,6.1875],"texture":"#2"},"up":{"uv":[3.75,7.25,3.25,6.25],"texture":"#2"},"down":{"uv":[7.125,1.3125,6.625,2.3125],"texture":"#2"}}}],"display":{"gui":{"rotation":[30,146,0],"translation":[0,3.25,0],"scale":[0.42,0.42,0.42]},"head":{"translation":[0,35,0],"scale":[4,4,4]},"fixed":{"rotation":[-90,0,0],"translation":[0,56,-63],"scale":[4,4,4]}}}