{"texture_size":[128,128],"textures":{"3":"item/megat/25","particle":"item/megat/25_e"},"elements":[{"from":[4.23,16.8885,6.94956],"to":[11.77,20.3685,15.06956],"rotation":{"angle":-45,"axis":"x","origin":[8,9.5,8.5]},"faces":{"north":{"uv":[8,0,9,0.375],"texture":"#3"},"east":{"uv":[3.875,8,4.875,8.375],"texture":"#3"},"south":{"uv":[5,8,6,8.375],"texture":"#3"},"west":{"uv":[8,7.125,9,7.5],"texture":"#3"},"up":{"uv":[2.125,4,1.125,3],"texture":"#3"},"down":{"uv":[3.25,3,2.25,4],"texture":"#3"}}},{"from":[4.52,16.03057,0.82019],"to":[11.48,18.93057,5.46019],"rotation":{"angle":0,"axis":"x","origin":[8,9.5,8.5]},"faces":{"north":{"uv":[1.5,8.25,2.375,8.625],"texture":"#3"},"east":{"uv":[10,2.75,10.625,3.125],"texture":"#3"},"south":{"uv":[8.25,2.75,9.125,3.125],"texture":"#3"},"west":{"uv":[10,3.25,10.625,3.625],"texture":"#3"},"up":{"uv":[6.875,5.125,6,4.5],"texture":"#3"},"down":{"uv":[7,2,6.125,2.625],"texture":"#3"}}},{"from":[1.91,11.24411,-3.01298],"to":[4.23,19.94411,4.52702],"rotation":{"angle":22.5,"axis":"x","origin":[8,9.5,8.5]},"faces":{"north":{"uv":[0.75,4.25,1,5.375],"texture":"#3"},"east":{"uv":[0,1.75,1,2.875],"texture":"#3"},"south":{"uv":[5.375,9,5.625,10.125],"texture":"#3"},"west":{"uv":[1.125,1.75,2.125,2.875],"texture":"#3"},"up":{"uv":[3.5,10.75,3.25,9.75],"texture":"#3"},"down":{"uv":[3.875,9.75,3.625,10.75],"texture":"#3"}}},{"from":[11.77,11.24411,-3.01298],"to":[14.09,19.94411,4.52702],"rotation":{"angle":22.5,"axis":"x","origin":[8,9.5,8.5]},"faces":{"north":{"uv":[8.5,9.375,8.75,10.5],"texture":"#3"},"east":{"uv":[2.25,1.75,3.25,2.875],"texture":"#3"},"south":{"uv":[8.875,9.375,9.125,10.5],"texture":"#3"},"west":{"uv":[0,3,1,4.125],"texture":"#3"},"up":{"uv":[4.25,10.75,4,9.75],"texture":"#3"},"down":{"uv":[4.625,9.75,4.375,10.75],"texture":"#3"}}},{"from":[4.81,11.03284,5.17815],"to":[11.19,18.57284,11.55815],"rotation":{"angle":-22.5,"axis":"x","origin":[8,9.5,8.5]},"faces":{"north":{"uv":[3.25,0,4,1],"texture":"#3"},"east":{"uv":[3.375,1.125,4.125,2.125],"texture":"#3"},"south":{"uv":[3.375,2.25,4.125,3.25],"texture":"#3"},"west":{"uv":[3.375,3.375,4.125,4.375],"texture":"#3"},"up":{"uv":[5.625,6,4.875,5.25],"texture":"#3"},"down":{"uv":[2.625,5.375,1.875,6.125],"texture":"#3"}}},{"from":[5.39,6.86646,4.93878],"to":[10.61,12.08646,10.73878],"rotation":{"angle":0,"axis":"x","origin":[8,9.5,8.5]},"faces":{"north":{"uv":[6.125,3.75,6.75,4.375],"texture":"#3"},"east":{"uv":[7,3.875,7.75,4.5],"texture":"#3"},"south":{"uv":[7.375,0.75,8,1.375],"texture":"#3"},"west":{"uv":[7,4.625,7.75,5.25],"texture":"#3"},"up":{"uv":[7.625,6.125,7,5.375],"texture":"#3"},"down":{"uv":[7.625,6.25,7,7],"texture":"#3"}}},{"from":[10.32,8.40804,6.51415],"to":[12.06,10.72804,8.83415],"rotation":{"angle":-22.5,"axis":"x","origin":[12.64,9.79,8.21]},"faces":{"north":{"uv":[8,11.875,7.75,12.125],"rotation":180,"texture":"#3"},"east":{"uv":[7.875,5,8.125,5.25],"rotation":270,"texture":"#3"},"south":{"uv":[12.125,7.875,11.875,7.625],"texture":"#3"},"west":{"uv":[3.5,8.625,3.75,8.875],"rotation":90,"texture":"#3"},"up":{"uv":[7.5,3.5,7.75,3.75],"rotation":180,"texture":"#3"},"down":{"uv":[3,8.25,3.25,8.5],"texture":"#3"}}},{"from":[10.9,6.7802,-1.77375],"to":[15.54,10.8402,7.50625],"rotation":{"angle":0,"axis":"x","origin":[12.64,9.79,8.21]},"faces":{"north":{"uv":[8.625,3.25,9.25,3.75],"texture":"#3"},"east":{"uv":[2.75,5.625,3.875,6.125],"texture":"#3"},"south":{"uv":[8.625,3.25,9.25,3.75],"texture":"#3"},"west":{"uv":[5.75,5.25,6.875,5.75],"texture":"#3"},"up":{"uv":[2.5,5.25,1.875,4.125],"texture":"#3"},"down":{"uv":[2.5,4.125,1.875,5.25],"texture":"#3"}}},{"from":[11.19,-3.83382,1.27685],"to":[15.25,4.28618,5.91685],"rotation":{"angle":45,"axis":"x","origin":[12.64,9.79,8.21]},"faces":{"north":{"uv":[0,6.75,0.5,7.75],"texture":"#3"},"east":{"uv":[3.375,4.5,4,5.5],"texture":"#3"},"south":{"uv":[6.75,0.75,7.25,1.75],"texture":"#3"},"west":{"uv":[4.125,4.5,4.75,5.5],"texture":"#3"},"up":{"uv":[2,9.375,1.5,8.75],"texture":"#3"},"down":{"uv":[9.25,4.5,8.75,5.125],"texture":"#3"}}},{"from":[11.48,6.57974,-9.28194],"to":[14.38,10.63974,-2.32194],"rotation":{"angle":-22.5,"axis":"x","origin":[12.64,9.79,8.21]},"faces":{"north":{"uv":[10.875,4.75,10.5,5.25],"rotation":180,"texture":"#3"},"east":{"uv":[6.875,7.125,7.375,8],"rotation":270,"texture":"#3"},"south":{"uv":[1.375,11,1,10.5],"texture":"#3"},"west":{"uv":[1.5,7.25,2,8.125],"rotation":90,"texture":"#3"},"up":{"uv":[2.5,8.25,2.875,9.125],"rotation":180,"texture":"#3"},"down":{"uv":[8.25,5,8.625,5.875],"texture":"#3"}}},{"from":[11.48,-4.31759,-8.28569],"to":[14.38,-1.99759,0.41431],"rotation":{"angle":22.5,"axis":"x","origin":[12.64,9.79,8.21]},"faces":{"north":{"uv":[0.625,6.75,1,7],"texture":"#3"},"east":{"uv":[9.125,0,10.25,0.25],"texture":"#3"},"south":{"uv":[7.375,1.5,7.75,1.75],"texture":"#3"},"west":{"uv":[9.125,1.75,10.25,2],"texture":"#3"},"up":{"uv":[1,6.625,0.625,5.5],"texture":"#3"},"down":{"uv":[3.75,7.375,3.375,8.5],"texture":"#3"}}},{"from":[10.9,-6.05759,-10.02569],"to":[14.96,-3.73759,-4.80569],"rotation":{"angle":22.5,"axis":"x","origin":[12.64,9.79,8.21]},"faces":{"north":{"uv":[7.5,11.5,8,11.75],"texture":"#3"},"east":{"uv":[3.625,10.875,4.25,11.125],"texture":"#3"},"south":{"uv":[11.5,11.25,12,11.5],"texture":"#3"},"west":{"uv":[10.875,8.625,11.5,8.875],"texture":"#3"},"up":{"uv":[9.25,5.875,8.75,5.25],"texture":"#3"},"down":{"uv":[8.375,8.75,7.875,9.375],"texture":"#3"}}},{"from":[11.19,-10.62711,-2.71609],"to":[14.67,-7.14711,-0.39609],"rotation":{"angle":45,"axis":"x","origin":[12.64,9.79,8.21]},"faces":{"north":{"uv":[9.125,7.125,9.5,7.5],"texture":"#3"},"east":{"uv":[2.125,8.75,2.375,9.125],"texture":"#3"},"south":{"uv":[10,11.25,10.375,11.625],"texture":"#3"},"west":{"uv":[0.375,11.625,0.625,12],"texture":"#3"},"up":{"uv":[8.5,1.375,8.125,1.125],"texture":"#3"},"down":{"uv":[3.75,11.625,3.375,11.875],"texture":"#3"}}},{"from":[10.9,-5.47759,-3.64569],"to":[14.96,-1.41759,1.57431],"rotation":{"angle":22.5,"axis":"x","origin":[12.64,9.79,8.21]},"faces":{"north":{"uv":[9.75,0.375,10.25,0.875],"texture":"#3"},"east":{"uv":[8.5,8.75,9.125,9.25],"texture":"#3"},"south":{"uv":[9.75,2.125,10.25,2.625],"texture":"#3"},"west":{"uv":[5.875,8.875,6.5,9.375],"texture":"#3"},"up":{"uv":[4,9.625,3.5,9],"texture":"#3"},"down":{"uv":[4.625,9,4.125,9.625],"texture":"#3"}}},{"from":[11.48,-6.44354,6.44953],"to":[14.38,-4.12354,12.24953],"rotation":{"angle":45,"axis":"x","origin":[12.64,9.79,8.21]},"faces":{"north":{"uv":[3.875,11.625,4.25,11.875],"texture":"#3"},"east":{"uv":[10.5,5.375,11.25,5.625],"texture":"#3"},"south":{"uv":[7,11.625,7.375,11.875],"texture":"#3"},"west":{"uv":[10.5,8.25,11.25,8.5],"texture":"#3"},"up":{"uv":[1.875,10.25,1.5,9.5],"texture":"#3"},"down":{"uv":[6.125,9.5,5.75,10.25],"texture":"#3"}}},{"from":[5.39,18.49,-2.81],"to":[10.61,23.13,2.99],"rotation":{"angle":0,"axis":"y","origin":[8.145,19.07,0.67]},"faces":{"north":{"uv":[7.5,2.75,8.125,3.375],"texture":"#3"},"east":{"uv":[7.125,0,7.875,0.625],"texture":"#3"},"south":{"uv":[0,7.875,0.625,8.5],"texture":"#3"},"west":{"uv":[0.625,7.125,1.375,7.75],"texture":"#3"},"up":{"uv":[7.75,2.625,7.125,1.875],"texture":"#3"},"down":{"uv":[5.25,7.125,4.625,7.875],"texture":"#3"}}},{"from":[5.39,13.85,-4.55],"to":[10.61,15.59,-4.55],"rotation":{"angle":22.5,"axis":"x","origin":[8,3.7,18.07]},"faces":{"north":{"uv":[10.875,9,11.5,9.25],"texture":"#3"},"east":{"uv":[3.25,1.125,3.25,1.375],"texture":"#3"},"south":{"uv":[9.75,10.875,10.375,11.125],"texture":"#3"},"west":{"uv":[4.125,0.75,4.125,1],"texture":"#3"},"up":{"uv":[11.25,8.125,10.625,8.125],"texture":"#3"},"down":{"uv":[12.625,5.875,12,5.875],"texture":"#3"}}},{"from":[5.39,13.56,-5.71],"to":[10.61,15.3,-5.71],"rotation":{"angle":22.5,"axis":"x","origin":[8,3.7,18.07]},"faces":{"north":{"uv":[10.875,10,11.5,10.25],"texture":"#3"},"east":{"uv":[6.875,3.875,6.875,4.125],"texture":"#3"},"south":{"uv":[10.875,10.375,11.5,10.625],"texture":"#3"},"west":{"uv":[3.875,7.375,3.875,7.625],"texture":"#3"},"up":{"uv":[12.625,6,12,6],"texture":"#3"},"down":{"uv":[12.875,4.875,12.25,4.875],"texture":"#3"}}},{"from":[5.39,13.27,-6.725],"to":[10.61,15.01,-6.725],"rotation":{"angle":22.5,"axis":"x","origin":[8,3.7,18.07]},"faces":{"north":{"uv":[10.5,10.875,11.125,11.125],"texture":"#3"},"east":{"uv":[7.875,8.375,7.875,8.625],"texture":"#3"},"south":{"uv":[2,11,2.625,11.25],"texture":"#3"},"west":{"uv":[8.625,4.5,8.625,4.75],"texture":"#3"},"up":{"uv":[12.875,5,12.25,5],"texture":"#3"},"down":{"uv":[12.875,9.5,12.25,9.5],"texture":"#3"}}},{"from":[5.39,12.98,-7.74],"to":[10.61,14.72,-7.74],"rotation":{"angle":22.5,"axis":"x","origin":[8,3.7,18.07]},"faces":{"north":{"uv":[11,4.75,11.625,5],"texture":"#3"},"east":{"uv":[5.75,9,5.75,9.25],"texture":"#3"},"south":{"uv":[11.125,0,11.75,0.25],"texture":"#3"},"west":{"uv":[7.25,9,7.25,9.25],"texture":"#3"},"up":{"uv":[12.875,9.625,12.25,9.625],"texture":"#3"},"down":{"uv":[13,1.125,12.375,1.125],"texture":"#3"}}},{"from":[6.55,20.00563,8.47052],"to":[9.45,24.64563,10.79052],"rotation":{"angle":45,"axis":"x","origin":[8,21.1446,8.6558]},"faces":{"north":{"uv":[10,3.75,10.375,4.375],"texture":"#3"},"east":{"uv":[6.25,10.75,6.5,11.375],"texture":"#3"},"south":{"uv":[10,4.5,10.375,5.125],"texture":"#3"},"west":{"uv":[4.375,10.875,4.625,11.5],"texture":"#3"},"up":{"uv":[8.5,11.875,8.125,11.625],"texture":"#3"},"down":{"uv":[9,11.625,8.625,11.875],"texture":"#3"}}},{"from":[5.39,20.26759,7.17089],"to":[10.61,22.00759,9.49089],"rotation":{"angle":45,"axis":"x","origin":[8,21.1446,8.6558]},"faces":{"north":{"uv":[11.125,0.375,11.75,0.625],"texture":"#3"},"east":{"uv":[11.875,8,12.125,8.25],"texture":"#3"},"south":{"uv":[1,11.125,1.625,11.375],"texture":"#3"},"west":{"uv":[9.125,11.875,9.375,12.125],"texture":"#3"},"up":{"uv":[11.75,1.75,11.125,1.5],"texture":"#3"},"down":{"uv":[11.75,1.875,11.125,2.125],"texture":"#3"}}},{"from":[3.65,19.68759,7.17089],"to":[5.39,21.42759,9.49089],"rotation":{"angle":45,"axis":"x","origin":[8,21.1446,8.6558]},"faces":{"north":{"uv":[11.875,9.375,12.125,9.625],"texture":"#3"},"east":{"uv":[12,0.5,12.25,0.75],"texture":"#3"},"south":{"uv":[0.75,12,1,12.25],"texture":"#3"},"west":{"uv":[12,0.875,12.25,1.125],"texture":"#3"},"up":{"uv":[1.375,12.25,1.125,12],"texture":"#3"},"down":{"uv":[12.25,2.5,12,2.75],"texture":"#3"}}},{"from":[10.61,19.68759,7.17089],"to":[12.35,21.42759,9.49089],"rotation":{"angle":45,"axis":"x","origin":[8,21.1446,8.6558]},"faces":{"north":{"uv":[2.625,12,2.875,12.25],"texture":"#3"},"east":{"uv":[3,12,3.25,12.25],"texture":"#3"},"south":{"uv":[3.375,12,3.625,12.25],"texture":"#3"},"west":{"uv":[3.75,12,4,12.25],"texture":"#3"},"up":{"uv":[5.25,12.25,5,12],"texture":"#3"},"down":{"uv":[12.25,5.5,12,5.75],"texture":"#3"}}},{"from":[5.39,20.26759,2.53089],"to":[10.61,22.00759,4.85089],"rotation":{"angle":22.5,"axis":"x","origin":[8,21.1446,8.6558]},"faces":{"north":{"uv":[11.125,2.25,11.75,2.5],"texture":"#3"},"east":{"uv":[6.875,12,7.125,12.25],"texture":"#3"},"south":{"uv":[11.125,3.625,11.75,3.875],"texture":"#3"},"west":{"uv":[8.125,12,8.375,12.25],"texture":"#3"},"up":{"uv":[11.75,4.25,11.125,4],"texture":"#3"},"down":{"uv":[11.75,4.375,11.125,4.625],"texture":"#3"}}},{"from":[3.65,19.68759,2.53089],"to":[5.39,21.42759,4.85089],"rotation":{"angle":22.5,"axis":"x","origin":[8,21.1446,8.6558]},"faces":{"north":{"uv":[8.5,12,8.75,12.25],"texture":"#3"},"east":{"uv":[9.5,12,9.75,12.25],"texture":"#3"},"south":{"uv":[11.5,12,11.75,12.25],"texture":"#3"},"west":{"uv":[12,11.625,12.25,11.875],"texture":"#3"},"up":{"uv":[12.125,12.25,11.875,12],"texture":"#3"},"down":{"uv":[0.625,12.125,0.375,12.375],"texture":"#3"}}},{"from":[10.61,19.68759,2.53089],"to":[12.35,21.42759,4.85089],"rotation":{"angle":22.5,"axis":"x","origin":[8,21.1446,8.6558]},"faces":{"north":{"uv":[4.125,12.125,4.375,12.375],"texture":"#3"},"east":{"uv":[6.125,12.125,6.375,12.375],"texture":"#3"},"south":{"uv":[12.125,6.875,12.375,7.125],"texture":"#3"},"west":{"uv":[12.125,7.25,12.375,7.5],"texture":"#3"},"up":{"uv":[12.375,8.625,12.125,8.375],"texture":"#3"},"down":{"uv":[12.375,8.75,12.125,9],"texture":"#3"}}},{"from":[6.55,20.00563,3.83052],"to":[9.45,24.64563,6.15052],"rotation":{"angle":22.5,"axis":"x","origin":[8,21.1446,8.6558]},"faces":{"north":{"uv":[10,5.25,10.375,5.875],"texture":"#3"},"east":{"uv":[7.125,10.875,7.375,11.5],"texture":"#3"},"south":{"uv":[10.125,6,10.5,6.625],"texture":"#3"},"west":{"uv":[4.75,11.125,5,11.75],"texture":"#3"},"up":{"uv":[12,8.875,11.625,8.625],"texture":"#3"},"down":{"uv":[12,9,11.625,9.25],"texture":"#3"}}},{"from":[5.39,13.96516,6.39199],"to":[10.61,16.28516,8.13199],"rotation":{"angle":-22.5,"axis":"x","origin":[8,22.92025,4.369]},"faces":{"north":{"uv":[5.125,11.125,5.75,11.375],"texture":"#3"},"east":{"uv":[12.125,9.75,12.375,10],"texture":"#3"},"south":{"uv":[11.125,6.25,11.75,6.5],"texture":"#3"},"west":{"uv":[12.125,10.125,12.375,10.375],"texture":"#3"},"up":{"uv":[11.75,6.875,11.125,6.625],"texture":"#3"},"down":{"uv":[11.75,7,11.125,7.25],"texture":"#3"}}},{"from":[3.65,13.96516,5.81199],"to":[5.39,16.28516,7.55199],"rotation":{"angle":-22.5,"axis":"x","origin":[8,22.92025,4.369]},"faces":{"north":{"uv":[12.125,10.5,12.375,10.75],"texture":"#3"},"east":{"uv":[12.125,10.875,12.375,11.125],"texture":"#3"},"south":{"uv":[12.125,11.25,12.375,11.5],"texture":"#3"},"west":{"uv":[0,12.25,0.25,12.5],"texture":"#3"},"up":{"uv":[12.5,0.25,12.25,0],"texture":"#3"},"down":{"uv":[12.5,1.25,12.25,1.5],"texture":"#3"}}},{"from":[10.61,13.96516,5.81199],"to":[12.35,16.28516,7.55199],"rotation":{"angle":-22.5,"axis":"x","origin":[8,22.92025,4.369]},"faces":{"north":{"uv":[12.25,1.625,12.5,1.875],"texture":"#3"},"east":{"uv":[12.25,2,12.5,2.25],"texture":"#3"},"south":{"uv":[2.125,12.25,2.375,12.5],"texture":"#3"},"west":{"uv":[12.25,2.875,12.5,3.125],"texture":"#3"},"up":{"uv":[12.5,4,12.25,3.75],"texture":"#3"},"down":{"uv":[12.5,4.125,12.25,4.375],"texture":"#3"}}},{"from":[6.55,12.66554,6.13002],"to":[9.45,14.98554,10.77002],"rotation":{"angle":-22.5,"axis":"x","origin":[8,22.92025,4.369]},"faces":{"north":{"uv":[11.625,9.75,12,10],"texture":"#3"},"east":{"uv":[11.125,7.375,11.75,7.625],"texture":"#3"},"south":{"uv":[11.625,10.125,12,10.375],"texture":"#3"},"west":{"uv":[7.5,11.125,8.125,11.375],"texture":"#3"},"up":{"uv":[10.5,7.375,10.125,6.75],"texture":"#3"},"down":{"uv":[7.625,10.125,7.25,10.75],"texture":"#3"}}},{"from":[5.39,11.05304,9.85863],"to":[10.61,13.37304,11.59863],"rotation":{"angle":0,"axis":"x","origin":[8,16.52813,10.15564]},"faces":{"north":{"uv":[11.125,7.75,11.75,8],"texture":"#3"},"east":{"uv":[12.25,4.5,12.5,4.75],"texture":"#3"},"south":{"uv":[11.125,9.375,11.75,9.625],"texture":"#3"},"west":{"uv":[5.375,12.25,5.625,12.5],"texture":"#3"},"up":{"uv":[0.625,11.5,0,11.25],"texture":"#3"},"down":{"uv":[11.875,0.75,11.25,1],"texture":"#3"}}},{"from":[3.65,11.05304,9.27863],"to":[5.39,13.37304,11.01863],"rotation":{"angle":0,"axis":"x","origin":[8,16.52813,10.15564]},"faces":{"north":{"uv":[5.75,12.25,6,12.5],"texture":"#3"},"east":{"uv":[12.25,7.625,12.5,7.875],"texture":"#3"},"south":{"uv":[7.75,12.25,8,12.5],"texture":"#3"},"west":{"uv":[12.25,8,12.5,8.25],"texture":"#3"},"up":{"uv":[9.125,12.5,8.875,12.25],"texture":"#3"},"down":{"uv":[12.5,9.125,12.25,9.375],"texture":"#3"}}},{"from":[10.61,11.05304,9.27863],"to":[12.35,13.37304,11.01863],"rotation":{"angle":0,"axis":"x","origin":[8,16.52813,10.15564]},"faces":{"north":{"uv":[9.875,12.25,10.125,12.5],"texture":"#3"},"east":{"uv":[10.25,12.25,10.5,12.5],"texture":"#3"},"south":{"uv":[10.625,12.25,10.875,12.5],"texture":"#3"},"west":{"uv":[11,12.25,11.25,12.5],"texture":"#3"},"up":{"uv":[12.5,12.25,12.25,12],"texture":"#3"},"down":{"uv":[12.625,0.375,12.375,0.625],"texture":"#3"}}},{"from":[6.55,9.75342,9.59666],"to":[9.45,12.07342,14.23666],"rotation":{"angle":0,"axis":"x","origin":[8,16.52813,10.15564]},"faces":{"north":{"uv":[11.5,11.625,11.875,11.875],"texture":"#3"},"east":{"uv":[11.25,1.125,11.875,1.375],"texture":"#3"},"south":{"uv":[11.75,4.75,12.125,5],"texture":"#3"},"west":{"uv":[11.25,2.625,11.875,2.875],"texture":"#3"},"up":{"uv":[10.5,8.125,10.125,7.5],"texture":"#3"},"down":{"uv":[10.25,10.125,9.875,10.75],"texture":"#3"}}},{"from":[5.68,18.69618,-8.22138],"to":[10.32,22.75618,-2.42138],"rotation":{"angle":-45,"axis":"x","origin":[8,21.67623,-2.09742]},"faces":{"north":{"uv":[8.875,6.5,9.5,7],"texture":"#3"},"east":{"uv":[8,7.625,8.75,8.125],"texture":"#3"},"south":{"uv":[8.875,7.625,9.5,8.125],"texture":"#3"},"west":{"uv":[8.125,0.5,8.875,1],"texture":"#3"},"up":{"uv":[6,7.875,5.375,7.125],"texture":"#3"},"down":{"uv":[6.75,7.125,6.125,7.875],"texture":"#3"}}},{"from":[5.68,13.19415,-2.28446],"to":[10.32,20.15415,0.61554],"rotation":{"angle":22.5,"axis":"x","origin":[8,16.67415,-0.83446]},"faces":{"north":{"uv":[6.75,3.625,6.125,2.75],"rotation":180,"texture":"#3"},"east":{"uv":[8.25,6,9.125,6.375],"rotation":90,"texture":"#3"},"south":{"uv":[5.25,6.125,4.625,7],"texture":"#3"},"west":{"uv":[8,8.25,8.875,8.625],"rotation":270,"texture":"#3"},"up":{"uv":[10.375,0.5,11,0.875],"texture":"#3"},"down":{"uv":[10.375,0,11,0.375],"rotation":180,"texture":"#3"}}},{"from":[5.68,12.89618,-8.22138],"to":[10.32,15.79618,-1.26138],"rotation":{"angle":-45,"axis":"x","origin":[8,21.67623,-2.09742]},"faces":{"north":{"uv":[10.375,1.625,11,2],"texture":"#3"},"east":{"uv":[3.875,8.5,4.75,8.875],"texture":"#3"},"south":{"uv":[10.375,2.125,11,2.5],"texture":"#3"},"west":{"uv":[4.875,8.5,5.75,8.875],"texture":"#3"},"up":{"uv":[2.5,7.125,1.875,6.25],"texture":"#3"},"down":{"uv":[3.25,6.25,2.625,7.125],"texture":"#3"}}},{"from":[-1.28,16.17,1.83],"to":[2.2,20.81,7.05],"rotation":{"angle":0,"axis":"x","origin":[1.62,18.49,3.57]},"faces":{"north":{"uv":[1.5,10.375,1.875,11],"texture":"#3"},"east":{"uv":[0.75,7.875,1.375,8.5],"texture":"#3"},"south":{"uv":[4.75,10.375,5.125,11],"texture":"#3"},"west":{"uv":[7.875,1.5,8.5,2.125],"texture":"#3"},"up":{"uv":[5.625,11,5.25,10.375],"texture":"#3"},"down":{"uv":[6.125,10.375,5.75,11],"texture":"#3"}}},{"from":[-11.72,6.72012,2.57988],"to":[0.46,20.06012,2.57988],"rotation":{"angle":-22.5,"axis":"x","origin":[-5.63,18.90012,3.15988]},"faces":{"north":{"uv":[0,0,1.5,1.625],"texture":"#3"},"east":{"uv":[7.25,12,7.25,13.625],"texture":"#3"},"south":{"uv":[1.625,0,3.125,1.625],"texture":"#3"},"west":{"uv":[7.375,12,7.375,13.625],"texture":"#3"},"up":{"uv":[13.875,2.75,12.375,2.75],"texture":"#3"},"down":{"uv":[13.875,3.625,12.375,3.625],"texture":"#3"}}},{"from":[3.94,8.40804,6.51415],"to":[5.68,10.72804,8.83415],"rotation":{"angle":-22.5,"axis":"x","origin":[3.36,9.79,8.21]},"faces":{"north":{"uv":[7.75,11.875,8,12.125],"rotation":180,"texture":"#3"},"east":{"uv":[3.5,8.875,3.75,8.625],"rotation":90,"texture":"#3"},"south":{"uv":[11.875,7.875,12.125,7.625],"texture":"#3"},"west":{"uv":[7.875,5.25,8.125,5],"rotation":270,"texture":"#3"},"up":{"uv":[7.75,3.5,7.5,3.75],"rotation":180,"texture":"#3"},"down":{"uv":[3.25,8.25,3,8.5],"texture":"#3"}}},{"from":[0.46,6.7802,-1.77375],"to":[5.1,10.8402,7.50625],"rotation":{"angle":0,"axis":"x","origin":[3.36,9.79,8.21]},"faces":{"north":{"uv":[9.25,3.25,8.625,3.75],"texture":"#3"},"east":{"uv":[6.875,5.25,5.75,5.75],"texture":"#3"},"south":{"uv":[9.25,3.25,8.625,3.75],"texture":"#3"},"west":{"uv":[3.875,5.625,2.75,6.125],"texture":"#3"},"up":{"uv":[1.875,5.25,2.5,4.125],"texture":"#3"},"down":{"uv":[1.875,4.125,2.5,5.25],"texture":"#3"}}},{"from":[0.75,-3.83382,1.27685],"to":[4.81,4.28618,5.91685],"rotation":{"angle":45,"axis":"x","origin":[3.36,9.79,8.21]},"faces":{"north":{"uv":[0.5,6.75,0,7.75],"texture":"#3"},"east":{"uv":[4.75,4.5,4.125,5.5],"texture":"#3"},"south":{"uv":[7.25,0.75,6.75,1.75],"texture":"#3"},"west":{"uv":[4,4.5,3.375,5.5],"texture":"#3"},"up":{"uv":[1.5,9.375,2,8.75],"texture":"#3"},"down":{"uv":[8.75,4.5,9.25,5.125],"texture":"#3"}}},{"from":[1.62,6.57974,-9.28194],"to":[4.52,10.63974,-2.32194],"rotation":{"angle":-22.5,"axis":"x","origin":[3.36,9.79,8.21]},"faces":{"north":{"uv":[10.5,4.75,10.875,5.25],"rotation":180,"texture":"#3"},"east":{"uv":[1.5,8.125,2,7.25],"rotation":90,"texture":"#3"},"south":{"uv":[1,11,1.375,10.5],"texture":"#3"},"west":{"uv":[6.875,8,7.375,7.125],"rotation":270,"texture":"#3"},"up":{"uv":[2.875,8.25,2.5,9.125],"rotation":180,"texture":"#3"},"down":{"uv":[8.625,5,8.25,5.875],"texture":"#3"}}},{"from":[1.62,-4.31759,-8.28569],"to":[4.52,-1.99759,0.41431],"rotation":{"angle":22.5,"axis":"x","origin":[3.36,9.79,8.21]},"faces":{"north":{"uv":[1,6.75,0.625,7],"texture":"#3"},"east":{"uv":[10.25,1.75,9.125,2],"texture":"#3"},"south":{"uv":[7.75,1.5,7.375,1.75],"texture":"#3"},"west":{"uv":[10.25,0,9.125,0.25],"texture":"#3"},"up":{"uv":[0.625,6.625,1,5.5],"texture":"#3"},"down":{"uv":[3.375,7.375,3.75,8.5],"texture":"#3"}}},{"from":[1.04,-6.05759,-10.02569],"to":[5.1,-3.73759,-4.80569],"rotation":{"angle":22.5,"axis":"x","origin":[3.36,9.79,8.21]},"faces":{"north":{"uv":[8,11.5,7.5,11.75],"texture":"#3"},"east":{"uv":[11.5,8.625,10.875,8.875],"texture":"#3"},"south":{"uv":[12,11.25,11.5,11.5],"texture":"#3"},"west":{"uv":[4.25,10.875,3.625,11.125],"texture":"#3"},"up":{"uv":[8.75,5.875,9.25,5.25],"texture":"#3"},"down":{"uv":[7.875,8.75,8.375,9.375],"texture":"#3"}}},{"from":[1.33,-10.62711,-2.71609],"to":[4.81,-7.14711,-0.39609],"rotation":{"angle":45,"axis":"x","origin":[3.36,9.79,8.21]},"faces":{"north":{"uv":[9.5,7.125,9.125,7.5],"texture":"#3"},"east":{"uv":[0.625,11.625,0.375,12],"texture":"#3"},"south":{"uv":[10.375,11.25,10,11.625],"texture":"#3"},"west":{"uv":[2.375,8.75,2.125,9.125],"texture":"#3"},"up":{"uv":[8.125,1.375,8.5,1.125],"texture":"#3"},"down":{"uv":[3.375,11.625,3.75,11.875],"texture":"#3"}}},{"from":[1.04,-5.47759,-3.64569],"to":[5.1,-1.41759,1.57431],"rotation":{"angle":22.5,"axis":"x","origin":[3.36,9.79,8.21]},"faces":{"north":{"uv":[10.25,0.375,9.75,0.875],"texture":"#3"},"east":{"uv":[6.5,8.875,5.875,9.375],"texture":"#3"},"south":{"uv":[10.25,2.125,9.75,2.625],"texture":"#3"},"west":{"uv":[9.125,8.75,8.5,9.25],"texture":"#3"},"up":{"uv":[3.5,9.625,4,9],"texture":"#3"},"down":{"uv":[4.125,9,4.625,9.625],"texture":"#3"}}},{"from":[1.62,-6.44354,6.44953],"to":[4.52,-4.12354,12.24953],"rotation":{"angle":45,"axis":"x","origin":[3.36,9.79,8.21]},"faces":{"north":{"uv":[4.25,11.625,3.875,11.875],"texture":"#3"},"east":{"uv":[11.25,8.25,10.5,8.5],"texture":"#3"},"south":{"uv":[7.375,11.625,7,11.875],"texture":"#3"},"west":{"uv":[11.25,5.375,10.5,5.625],"texture":"#3"},"up":{"uv":[1.5,10.25,1.875,9.5],"texture":"#3"},"down":{"uv":[5.75,9.5,6.125,10.25],"texture":"#3"}}}],"display":{"gui":{"rotation":[0,164,0],"scale":[0.4,0.4,0.4]},"head":{"translation":[0,27.5,0],"scale":[4,4,4]},"fixed":{"rotation":[-63,0,0],"translation":[0,0,-7.5],"scale":[4,4,4]}}}