{"texture_size":[64,64],"textures":{"particle":"item/megat/21"},"elements":[{"from":[14.76542,10.29337,0],"to":[17.76542,10.29337,16],"rotation":{"angle":22.5,"axis":"z","origin":[40,8,8]},"faces":{"north":{"uv":[9,6.25,9.75,6.25],"texture":"#particle"},"east":{"uv":[9,6.5,13,6.5],"texture":"#particle"},"south":{"uv":[9,6.75,9.75,6.75],"texture":"#particle"},"west":{"uv":[9,7,13,7],"texture":"#particle"},"up":{"uv":[7.75,9.25,7,5.25],"texture":"#particle"},"down":{"uv":[7.75,5.25,7,9.25],"texture":"#particle"}}},{"from":[-1.76542,10.29337,0],"to":[1.23458,10.29337,16],"rotation":{"angle":-22.5,"axis":"z","origin":[-24,8,8]},"faces":{"north":{"uv":[9,7.25,9.75,7.25],"texture":"#particle"},"east":{"uv":[9,7.5,13,7.5],"texture":"#particle"},"south":{"uv":[9,7.75,9.75,7.75],"texture":"#particle"},"west":{"uv":[9,8,13,8],"texture":"#particle"},"up":{"uv":[6,11.25,5.25,7.25],"texture":"#particle"},"down":{"uv":[6,7.25,5.25,11.25],"texture":"#particle"}}},{"from":[0,0,0],"to":[16,1,16],"rotation":{"angle":0,"axis":"y","origin":[8,0.5,8]},"faces":{"north":{"uv":[0,8.5,4,8.75],"texture":"#particle"},"east":{"uv":[0,9,4,9.25],"texture":"#particle"},"south":{"uv":[9,5.25,13,5.5],"texture":"#particle"},"west":{"uv":[9,5.75,13,6],"texture":"#particle"},"up":{"uv":[4,4,0,0],"texture":"#particle"},"down":{"uv":[4,0,0,4],"texture":"#particle"}}},{"from":[3,1,3],"to":[13,7,13],"rotation":{"angle":0,"axis":"z","origin":[8,4,8]},"faces":{"north":{"uv":[4.25,5.5,6.75,7],"texture":"#particle"},"east":{"uv":[7,0,9.5,1.5],"texture":"#particle"},"south":{"uv":[7,1.75,9.5,3.25],"texture":"#particle"},"west":{"uv":[7,3.5,9.5,5],"texture":"#particle"},"up":{"uv":[6.75,2.5,4.25,0],"texture":"#particle"},"down":{"uv":[6.75,2.75,4.25,5.25],"texture":"#particle"}}}],"display":{"ground":{"translation":[0,9.5,0]},"gui":{"rotation":[25,31,0],"translation":[0,3.25,0],"scale":[0.64,0.64,0.64]},"head":{"rotation":[0,0,7],"translation":[-0.75,9.25,0],"scale":[1.48,1.01,1.48]}}}