{"texture_size":[128,128],"textures":{"1":"item/megat/8"},"elements":[{"from":[-3.5,-2,-9],"to":[19.5,1,31],"faces":{"north":{"uv":[10.75,0,13.625,0.375],"texture":"#1"},"east":{"uv":[10.125,7.25,15.125,7.625],"texture":"#1"},"south":{"uv":[10.75,0.5,13.625,0.875],"texture":"#1"},"west":{"uv":[10.125,7.75,15.125,8.125],"texture":"#1"},"up":{"uv":[2.875,5,0,0],"texture":"#1"},"down":{"uv":[5.875,0,3,5],"texture":"#1"}}},{"from":[18.5,1,-9],"to":[18.5,4,31],"faces":{"north":{"uv":[6,2.25,6,2.625],"texture":"#1"},"east":{"uv":[10.125,8.25,15.125,8.625],"texture":"#1"},"south":{"uv":[6,2.75,6,3.125],"texture":"#1"},"west":{"uv":[10.25,8.25,15.25,8.625],"texture":"#1"},"up":{"uv":[6.375,14.875,6.375,9.875],"texture":"#1"},"down":{"uv":[6.125,10.5,6.125,15.5],"texture":"#1"}}},{"from":[-2.5,1,-9],"to":[-2.5,4,31],"rotation":{"angle":0,"axis":"y","origin":[16,0,0]},"faces":{"north":{"uv":[6,2.25,6,2.625],"texture":"#1"},"east":{"uv":[15.25,8.25,10.25,8.625],"texture":"#1"},"south":{"uv":[6,2.75,6,3.125],"texture":"#1"},"west":{"uv":[15.125,8.25,10.125,8.625],"texture":"#1"},"up":{"uv":[6.375,14.875,6.375,9.875],"texture":"#1"},"down":{"uv":[6.125,10.5,6.125,15.5],"texture":"#1"}}},{"from":[-2.5,1,30],"to":[18.5,4,30],"rotation":{"angle":0,"axis":"y","origin":[16,0,0]},"faces":{"north":{"uv":[10.75,1.5,13.375,1.875],"texture":"#1"},"east":{"uv":[6,4.25,6,4.625],"texture":"#1"},"south":{"uv":[10.75,1.5,13.375,1.875],"texture":"#1"},"west":{"uv":[6.125,2.25,6.125,2.625],"texture":"#1"},"up":{"uv":[13.375,2,10.75,2],"texture":"#1"},"down":{"uv":[13.375,2.125,10.75,2.125],"texture":"#1"}}},{"from":[3,-10,-9],"to":[13,-2,28],"faces":{"north":{"uv":[4.375,9.875,5.625,10.875],"texture":"#1"},"east":{"uv":[6,0,10.625,1],"texture":"#1"},"south":{"uv":[0,10.125,1.25,11.125],"texture":"#1"},"west":{"uv":[6,1.125,10.625,2.125],"texture":"#1"},"up":{"uv":[5,9.75,3.75,5.125],"texture":"#1"},"down":{"uv":[6.375,5.125,5.125,9.75],"texture":"#1"}}},{"from":[13,-10,-9],"to":[17,-6,30],"rotation":{"angle":0,"axis":"y","origin":[16,0,0]},"faces":{"north":{"uv":[5.75,9.875,6.25,10.375],"texture":"#1"},"east":{"uv":[8.25,4.75,13.125,5.25],"texture":"#1"},"south":{"uv":[3.125,10.875,3.625,11.375],"texture":"#1"},"west":{"uv":[8.25,5.375,13.125,5.875],"texture":"#1"},"up":{"uv":[8.75,10.875,8.25,6],"texture":"#1"},"down":{"uv":[9.375,6,8.875,10.875],"texture":"#1"}}},{"from":[1,-12,-9],"to":[15,-10,30],"rotation":{"angle":0,"axis":"y","origin":[16,0,0]},"faces":{"north":{"uv":[1.375,10.125,3.125,10.375],"texture":"#1"},"east":{"uv":[10.125,10.25,15,10.5],"texture":"#1"},"south":{"uv":[1.375,10.5,3.125,10.75],"texture":"#1"},"west":{"uv":[10.125,10.625,15,10.875],"texture":"#1"},"up":{"uv":[1.75,10,0,5.125],"texture":"#1"},"down":{"uv":[3.625,5.125,1.875,10],"texture":"#1"}}},{"from":[13,-6,-9],"to":[19,-2,31],"rotation":{"angle":0,"axis":"y","origin":[16,0,0]},"faces":{"north":{"uv":[1.375,10.875,2.125,11.375],"texture":"#1"},"east":{"uv":[8.25,2.25,13.25,2.75],"texture":"#1"},"south":{"uv":[2.25,10.875,3,11.375],"texture":"#1"},"west":{"uv":[8.25,2.875,13.25,3.375],"texture":"#1"},"up":{"uv":[7.25,7.25,6.5,2.25],"texture":"#1"},"down":{"uv":[8.125,2.25,7.375,7.25],"texture":"#1"}}},{"from":[-3,-6,-9],"to":[3,-2,31],"faces":{"north":{"uv":[4.375,11,5.125,11.5],"texture":"#1"},"east":{"uv":[8.25,3.5,13.25,4],"texture":"#1"},"south":{"uv":[5.25,11,6,11.5],"texture":"#1"},"west":{"uv":[8.25,4.125,13.25,4.625],"texture":"#1"},"up":{"uv":[7.25,12.375,6.5,7.375],"texture":"#1"},"down":{"uv":[8.125,7.375,7.375,12.375],"texture":"#1"}}},{"from":[-1,-10,-9],"to":[3,-6,30],"faces":{"north":{"uv":[8.25,11,8.75,11.5],"texture":"#1"},"east":{"uv":[9.5,6,14.375,6.5],"texture":"#1"},"south":{"uv":[8.875,11,9.375,11.5],"texture":"#1"},"west":{"uv":[9.5,6.625,14.375,7.125],"texture":"#1"},"up":{"uv":[10,12.125,9.5,7.25],"texture":"#1"},"down":{"uv":[4.25,9.875,3.75,14.75],"texture":"#1"}}}],"display":{"gui":{"rotation":[30,146,0],"translation":[0,3.25,0],"scale":[0.42,0.42,0.42]},"head":{"translation":[0,35,0],"scale":[4,4,4]},"fixed":{"rotation":[-90,0,0],"translation":[0,52,-78.75],"scale":[4,4,4]}}}