{"texture_size":[64,64],"textures":{"1":"item/megat/9"},"elements":[{"from":[6,13,3.5],"to":[10,17,9],"rotation":{"angle":0,"axis":"y","origin":[4,5,3]},"faces":{"north":{"uv":[0,5.5,1,6.5],"texture":"#1"},"east":{"uv":[0,0,1.5,1],"texture":"#1"},"south":{"uv":[6,0,7,1],"texture":"#1"},"west":{"uv":[0,1.25,1.5,2.25],"texture":"#1"},"up":{"uv":[2.75,1.5,1.75,0],"texture":"#1"},"down":{"uv":[2.75,1.75,1.75,3.25],"texture":"#1"}}},{"from":[7.25,8,5.5],"to":[8.75,13,7],"rotation":{"angle":0,"axis":"y","origin":[4,5,3]},"faces":{"north":{"uv":[6,1.25,6.5,2.5],"texture":"#1"},"east":{"uv":[6,2.75,6.5,4],"texture":"#1"},"south":{"uv":[3,6,3.5,7.25],"texture":"#1"},"west":{"uv":[3.75,6,4.25,7.25],"texture":"#1"},"up":{"uv":[2.75,7,2.25,6.5],"texture":"#1"},"down":{"uv":[7.5,4.25,7,4.75],"texture":"#1"}}},{"from":[7.25,-1,5.475],"to":[8.75,10,6.975],"rotation":{"angle":22.5,"axis":"z","origin":[8,10.5,6.25]},"faces":{"north":{"uv":[0,2.5,0.5,5.25],"texture":"#1"},"east":{"uv":[0.75,2.5,1.25,5.25],"texture":"#1"},"south":{"uv":[3,0,3.5,2.75],"texture":"#1"},"west":{"uv":[3,3,3.5,5.75],"texture":"#1"},"up":{"uv":[5,7.5,4.5,7],"texture":"#1"},"down":{"uv":[7.5,5,7,5.5],"texture":"#1"}}},{"from":[7.25,-1,5.45],"to":[8.75,10,6.95],"rotation":{"angle":-22.5,"axis":"z","origin":[8,10.5,6.25]},"faces":{"north":{"uv":[0.5,2.5,0,5.25],"texture":"#1"},"east":{"uv":[3.5,3,3,5.75],"texture":"#1"},"south":{"uv":[3.5,0,3,2.75],"texture":"#1"},"west":{"uv":[1.25,2.5,0.75,5.25],"texture":"#1"},"up":{"uv":[4.5,7.5,5,7],"texture":"#1"},"down":{"uv":[7,5,7.5,5.5],"texture":"#1"}}},{"from":[7.25,-1,8.5],"to":[8.75,10,10],"rotation":{"angle":-22.5,"axis":"x","origin":[8,2.5,8.25]},"faces":{"north":{"uv":[0.5,2.5,0,5.25],"texture":"#1"},"east":{"uv":[3.5,3,3,5.75],"texture":"#1"},"south":{"uv":[3.5,0,3,2.75],"texture":"#1"},"west":{"uv":[1.25,2.5,0.75,5.25],"texture":"#1"},"up":{"uv":[4.5,7.5,5,7],"texture":"#1"},"down":{"uv":[7,5,7.5,5.5],"texture":"#1"}}},{"from":[6.5,13.5,1],"to":[9.5,16.5,3.5],"rotation":{"angle":0,"axis":"y","origin":[4,5,3]},"faces":{"north":{"uv":[6,5.25,6.75,6],"texture":"#1"},"east":{"uv":[5.5,6.25,6.25,7],"texture":"#1"},"south":{"uv":[1.25,6.5,2,7.25],"texture":"#1"},"west":{"uv":[6.5,6.25,7.25,7],"texture":"#1"},"up":{"uv":[0.75,7.5,0,6.75],"texture":"#1"},"down":{"uv":[7.5,1.25,6.75,2],"texture":"#1"}}},{"from":[6.375,13.375,-0.5],"to":[9.625,16.625,0.5],"rotation":{"angle":0,"axis":"y","origin":[4,5,3]},"faces":{"north":{"uv":[6,4.25,6.75,5],"texture":"#1"},"east":{"uv":[6.75,7.25,7,8],"texture":"#1"},"south":{"uv":[4.5,6,5.25,6.75],"texture":"#1"},"west":{"uv":[7.25,7.25,7.5,8],"texture":"#1"},"up":{"uv":[7.75,6,7,5.75],"texture":"#1"},"down":{"uv":[8,0.75,7.25,1],"texture":"#1"}}},{"from":[6.75,13.75,0.5],"to":[9.25,16.25,1],"rotation":{"angle":0,"axis":"y","origin":[4,5,3]},"faces":{"north":{"uv":[6.75,2.25,7.5,3],"texture":"#1"},"east":{"uv":[1,7.5,1.25,8.25],"texture":"#1"},"south":{"uv":[6.75,3.25,7.5,4],"texture":"#1"},"west":{"uv":[1.5,7.5,1.75,8.25],"texture":"#1"},"up":{"uv":[3.75,7.75,3,7.5],"texture":"#1"},"down":{"uv":[8.25,6.25,7.5,6.5],"texture":"#1"}}}],"display":{"fixed":{"rotation":[-90,0,0],"translation":[0,3.75,-26.5],"scale":[3.93,3.93,3.93]}}}