{"texture_size":[32,32],"textures":{"0":"item/megat/0","particle":"item/megat/0"},"elements":[{"from":[6,0,7],"to":[10,8,11],"faces":{"north":{"uv":[0,0,2,4],"texture":"#0"},"east":{"uv":[2.5,0,4.5,4],"texture":"#0"},"south":{"uv":[0,4.5,2,8.5],"texture":"#0"},"west":{"uv":[2.5,4.5,4.5,8.5],"texture":"#0"},"up":{"uv":[7,2,5,0],"texture":"#0"},"down":{"uv":[7,2.5,5,4.5],"texture":"#0"}}},{"from":[7,8,8],"to":[9,12,10],"faces":{"north":{"uv":[5,5,6,7],"texture":"#0"},"east":{"uv":[7.5,2.5,8.5,4.5],"texture":"#0"},"south":{"uv":[5,5,6,7],"texture":"#0"},"west":{"uv":[7.5,2.5,8.5,4.5],"texture":"#0"},"up":{"uv":[6,8.5,5,7.5],"texture":"#0"},"down":{"uv":[7.5,7.5,6.5,8.5],"texture":"#0"}}}],"display":{"thirdperson_righthand":{"translation":[0,-1.5,0]},"thirdperson_lefthand":{"translation":[0,-1.5,0]},"ground":{"translation":[0,14.75,0]},"gui":{"rotation":[5,124,25],"translation":[-1,2,0]},"fixed":{"rotation":[-90,0,0],"translation":[0,-1.75,-19],"scale":[2.48,2.48,2.48]}}}