{"texture_size":[128,128],"textures":{"0":"item/purple/texture","particle":"item/purple/texture"},"elements":[{"from":[4,-5,15.75],"to":[4.5,-4,16.25],"rotation":{"angle":0,"axis":"y","origin":[3.5,-4.75,15.25]},"faces":{"north":{"uv":[8.625,5,8.6875,5.125],"texture":"#0"},"east":{"uv":[8.625,5.125,8.6875,5.25],"texture":"#0"},"south":{"uv":[8.625,5.25,8.6875,5.375],"texture":"#0"},"west":{"uv":[2.5,8.75,2.5625,8.875],"texture":"#0"},"up":{"uv":[3.1875,9.4375,3.125,9.375],"texture":"#0"},"down":{"uv":[9.4375,3.125,9.375,3.1875],"texture":"#0"}}},{"from":[3.25,-1.75,12],"to":[4.75,0.25,17.5],"rotation":{"angle":45,"axis":"x","origin":[3.75,0.25,16]},"faces":{"north":{"uv":[9.125,2.125,9.3125,2.375],"texture":"#0"},"east":{"uv":[8.125,7.125,8.8125,7.375],"texture":"#0"},"south":{"uv":[9.125,2.375,9.3125,2.625],"texture":"#0"},"west":{"uv":[5.125,8.25,5.8125,8.5],"texture":"#0"},"up":{"uv":[1.4375,9.0625,1.25,8.375],"texture":"#0"},"down":{"uv":[8.6875,3.5,8.5,4.1875],"texture":"#0"}}},{"from":[3.5,-0.5,14],"to":[5,5,16],"rotation":{"angle":0,"axis":"y","origin":[4,1,16]},"faces":{"north":{"uv":[3.875,8.5,4.0625,9.1875],"texture":"#0"},"east":{"uv":[5.875,8.25,6.125,8.9375],"texture":"#0"},"south":{"uv":[4.125,8.5,4.3125,9.1875],"texture":"#0"},"west":{"uv":[6.125,8.25,6.375,8.9375],"texture":"#0"},"up":{"uv":[9.3125,3.375,9.125,3.125],"texture":"#0"},"down":{"uv":[9.3125,6,9.125,6.25],"texture":"#0"}}},{"from":[3.5,-4.5,13],"to":[5,-1,15],"rotation":{"angle":22.5,"axis":"x","origin":[4,-5,15]},"faces":{"north":{"uv":[9,3.5,9.1875,3.9375],"texture":"#0"},"east":{"uv":[8.875,3,9.125,3.4375],"texture":"#0"},"south":{"uv":[9,4,9.1875,4.4375],"texture":"#0"},"west":{"uv":[3.25,8.875,3.5,9.3125],"texture":"#0"},"up":{"uv":[9.3125,2.875,9.125,2.625],"texture":"#0"},"down":{"uv":[9.3125,2.875,9.125,3.125],"texture":"#0"}}},{"from":[3.25,-4.75,12.25],"to":[5.25,-3.75,15.75],"rotation":{"angle":0,"axis":"y","origin":[3.25,-4.75,11.75]},"faces":{"north":{"uv":[6.25,5.5,6.5,5.625],"texture":"#0"},"east":{"uv":[9.125,1.375,9.5625,1.5],"texture":"#0"},"south":{"uv":[6.5,6,6.75,6.125],"texture":"#0"},"west":{"uv":[9.125,1.5,9.5625,1.625],"texture":"#0"},"up":{"uv":[3,9.3125,2.75,8.875],"texture":"#0"},"down":{"uv":[3.25,8.875,3,9.3125],"texture":"#0"}}},{"from":[3.5,-5,11.75],"to":[4,-4,12.25],"rotation":{"angle":0,"axis":"y","origin":[3,-4.75,11.25]},"faces":{"north":{"uv":[6.75,7.75,6.8125,7.875],"texture":"#0"},"east":{"uv":[1.5,7.875,1.5625,8],"texture":"#0"},"south":{"uv":[3.125,7.875,3.1875,8],"texture":"#0"},"west":{"uv":[7.75,7.875,7.8125,8],"texture":"#0"},"up":{"uv":[2.9375,9.4375,2.875,9.375],"texture":"#0"},"down":{"uv":[9.4375,2.875,9.375,2.9375],"texture":"#0"}}},{"from":[4.5,-5,11.75],"to":[5,-4,12.25],"rotation":{"angle":0,"axis":"y","origin":[4,-4.75,11.25]},"faces":{"north":{"uv":[1.5,8,1.5625,8.125],"texture":"#0"},"east":{"uv":[4.625,8,4.6875,8.125],"texture":"#0"},"south":{"uv":[5.125,8.125,5.1875,8.25],"texture":"#0"},"west":{"uv":[7.625,8.5,7.6875,8.625],"texture":"#0"},"up":{"uv":[3.0625,9.4375,3,9.375],"texture":"#0"},"down":{"uv":[9.4375,3,9.375,3.0625],"texture":"#0"}}},{"from":[3,2,10.5],"to":[5.25,7,14.5],"rotation":{"angle":22.5,"axis":"x","origin":[4,2,10.5]},"faces":{"north":{"uv":[7.75,8,8.0625,8.625],"texture":"#0"},"east":{"uv":[6.375,7.125,6.875,7.75],"texture":"#0"},"south":{"uv":[1.5,8.125,1.8125,8.75],"texture":"#0"},"west":{"uv":[0.625,7.25,1.125,7.875],"texture":"#0"},"up":{"uv":[8.8125,1.625,8.5,1.125],"texture":"#0"},"down":{"uv":[8.8125,1.625,8.5,2.125],"texture":"#0"}}},{"from":[5.86313,0.75,13.66761],"to":[9.86313,4.75,17.66761],"rotation":{"angle":0,"axis":"y","origin":[4.86313,4.75,13.66761]},"faces":{"north":{"uv":[7.125,5,7.625,5.5],"texture":"#0"},"east":{"uv":[7.375,5.5,7.875,6],"texture":"#0"},"south":{"uv":[6.875,7.375,7.375,7.875],"texture":"#0"},"west":{"uv":[7.375,7.375,7.875,7.875],"texture":"#0"},"up":{"uv":[3.75,8,3.25,7.5],"texture":"#0"},"down":{"uv":[4.25,7.5,3.75,8],"texture":"#0"}}},{"from":[5.25,0.5,16.75],"to":[9.25,4.5,20.75],"rotation":{"angle":-22.5,"axis":"y","origin":[7.25,2.5,18.75]},"faces":{"north":{"uv":[4.25,7.5,4.75,8],"texture":"#0"},"east":{"uv":[1.625,7.625,2.125,8.125],"texture":"#0"},"south":{"uv":[2.125,7.625,2.625,8.125],"texture":"#0"},"west":{"uv":[2.625,7.625,3.125,8.125],"texture":"#0"},"up":{"uv":[5.25,8.125,4.75,7.625],"texture":"#0"},"down":{"uv":[8.125,5,7.625,5.5],"texture":"#0"}}},{"from":[4.88687,0.25,19.83239],"to":[8.38687,3.75,23.83239],"rotation":{"angle":0,"axis":"y","origin":[6.63687,2,21.83239]},"faces":{"north":{"uv":[2.625,8.125,3.0625,8.5625],"texture":"#0"},"east":{"uv":[0,8,0.5,8.4375],"texture":"#0"},"south":{"uv":[4.625,8.125,5.0625,8.5625],"texture":"#0"},"west":{"uv":[3.125,8,3.625,8.4375],"texture":"#0"},"up":{"uv":[4.0625,8.5,3.625,8],"texture":"#0"},"down":{"uv":[4.5625,8,4.125,8.5],"texture":"#0"}}},{"from":[5.75,0,22.91478],"to":[8.75,3,26.91478],"rotation":{"angle":22.5,"axis":"y","origin":[7.25,1.5,24.91478]},"faces":{"north":{"uv":[8.5,3.125,8.875,3.5],"texture":"#0"},"east":{"uv":[8.125,6.375,8.625,6.75],"texture":"#0"},"south":{"uv":[3.5,8.5,3.875,8.875],"texture":"#0"},"west":{"uv":[8.125,6.75,8.625,7.125],"texture":"#0"},"up":{"uv":[5,7,4.625,6.5],"texture":"#0"},"down":{"uv":[8.5,8,8.125,8.5],"texture":"#0"}}},{"from":[7.85442,0.25,25.69012],"to":[10.35442,2.75,29.69012],"rotation":{"angle":45,"axis":"y","origin":[9.10442,1.5,27.69012]},"faces":{"north":{"uv":[8.75,7.625,9.0625,7.9375],"texture":"#0"},"east":{"uv":[8.25,7.625,8.75,7.9375],"texture":"#0"},"south":{"uv":[8.875,6.5,9.1875,6.8125],"texture":"#0"},"west":{"uv":[0.75,8.375,1.25,8.6875],"texture":"#0"},"up":{"uv":[8.6875,5.875,8.375,5.375],"texture":"#0"},"down":{"uv":[8.6875,5.875,8.375,6.375],"texture":"#0"}}},{"from":[9.87976,0,28.29454],"to":[13.87976,2.5,30.79454],"rotation":{"angle":-22.5,"axis":"y","origin":[11.87976,1.25,29.54454]},"faces":{"north":{"uv":[0,8.5,0.5,8.8125],"texture":"#0"},"east":{"uv":[8.875,6.875,9.1875,7.1875],"texture":"#0"},"south":{"uv":[8.5,0,9,0.3125],"texture":"#0"},"west":{"uv":[8.875,8.5,9.1875,8.8125],"texture":"#0"},"up":{"uv":[9,0.6875,8.5,0.375],"texture":"#0"},"down":{"uv":[9,0.75,8.5,1.0625],"texture":"#0"}}},{"from":[13.15349,-0.25,29.19573],"to":[17.15349,1.75,31.19573],"rotation":{"angle":0,"axis":"y","origin":[15.15349,0.75,30.19573]},"faces":{"north":{"uv":[6.375,8.5,6.875,8.75],"texture":"#0"},"east":{"uv":[8.625,6.875,8.875,7.125],"texture":"#0"},"south":{"uv":[8.5,8,9,8.25],"texture":"#0"},"west":{"uv":[7.125,9,7.375,9.25],"texture":"#0"},"up":{"uv":[8.625,8.75,8.125,8.5],"texture":"#0"},"down":{"uv":[9,8.25,8.5,8.5],"texture":"#0"}}},{"from":[15.68382,-0.5,28.39763],"to":[19.68382,1,29.89763],"rotation":{"angle":45,"axis":"y","origin":[17.68382,0.25,29.14763]},"faces":{"north":{"uv":[8.875,8.875,9.375,9.0625],"texture":"#0"},"east":{"uv":[2,9.25,2.1875,9.4375],"texture":"#0"},"south":{"uv":[9,0,9.5,0.1875],"texture":"#0"},"west":{"uv":[2.25,9.25,2.4375,9.4375],"texture":"#0"},"up":{"uv":[9.5,0.4375,9,0.25],"texture":"#0"},"down":{"uv":[9.5,0.5,9,0.6875],"texture":"#0"}}},{"from":[18.98192,-0.25,25.6173],"to":[19.98192,0.75,28.6173],"rotation":{"angle":-22.5,"axis":"y","origin":[19.48192,0.25,26.6173]},"faces":{"north":{"uv":[3.625,6,3.75,6.125],"texture":"#0"},"east":{"uv":[9.125,1.875,9.5,2],"texture":"#0"},"south":{"uv":[5.25,7.625,5.375,7.75],"texture":"#0"},"west":{"uv":[9.125,2,9.5,2.125],"texture":"#0"},"up":{"uv":[3.75,6,3.625,5.625],"texture":"#0"},"down":{"uv":[0.75,6.875,0.625,7.25],"texture":"#0"}}},{"from":[20,-0.75,22],"to":[20,1.25,26],"rotation":{"angle":0,"axis":"y","origin":[20,0.25,25]},"faces":{"north":{"uv":[0,0,0,0.25],"texture":"#0"},"east":{"uv":[2.625,8.625,3.125,8.875],"texture":"#0"},"south":{"uv":[0,0,0,0.25],"texture":"#0"},"west":{"uv":[4.625,8.625,5.125,8.875],"texture":"#0"},"up":{"uv":[0,0.5,0,0],"texture":"#0"},"down":{"uv":[0,0,0,0.5],"texture":"#0"}}},{"from":[6,-0.25,-11],"to":[10,2.75,-3.5],"rotation":{"angle":0,"axis":"y","origin":[0,-0.25,5]},"faces":{"north":{"uv":[0.75,6.25,1.25,6.625],"texture":"#0"},"east":{"uv":[6,6.75,6.9375,7.125],"texture":"#0"},"south":{"uv":[8.125,5,8.625,5.375],"texture":"#0"},"west":{"uv":[6.75,6,7.6875,6.375],"texture":"#0"},"up":{"uv":[5.5,7.0625,5,6.125],"texture":"#0"},"down":{"uv":[6,6.125,5.5,7.0625],"texture":"#0"}}},{"from":[5.5,0.75,-8],"to":[10.5,4.75,-3],"rotation":{"angle":0,"axis":"y","origin":[0,0,5]},"faces":{"north":{"uv":[0,6.875,0.625,7.375],"texture":"#0"},"east":{"uv":[3.5,7,4.125,7.5],"texture":"#0"},"south":{"uv":[4.125,7,4.75,7.5],"texture":"#0"},"west":{"uv":[7,6.375,7.625,6.875],"texture":"#0"},"up":{"uv":[1.375,7.25,0.75,6.625],"texture":"#0"},"down":{"uv":[2,6.625,1.375,7.25],"texture":"#0"}}},{"from":[4,0,-6],"to":[5,1,-1],"rotation":{"angle":-22.5,"axis":"z","origin":[4,2,-2.83333]},"faces":{"north":{"uv":[9.3125,5,9.4375,5.125],"texture":"#0"},"east":{"uv":[9,0.875,9.625,1],"texture":"#0"},"south":{"uv":[5.1875,9.25,5.3125,9.375],"texture":"#0"},"west":{"uv":[9,1,9.625,1.125],"texture":"#0"},"up":{"uv":[9.0625,3,8.9375,2.375],"texture":"#0"},"down":{"uv":[2.6875,8.875,2.5625,9.5],"texture":"#0"}}},{"from":[3,2,-5],"to":[5,6,-1],"rotation":{"angle":-22.5,"axis":"z","origin":[4,2,-2.83333]},"faces":{"north":{"uv":[7.625,8.625,7.875,9.125],"texture":"#0"},"east":{"uv":[5.25,7.75,5.75,8.25],"texture":"#0"},"south":{"uv":[7.875,8.625,8.125,9.125],"texture":"#0"},"west":{"uv":[5.75,7.75,6.25,8.25],"texture":"#0"},"up":{"uv":[8.875,9,8.625,8.5],"texture":"#0"},"down":{"uv":[1,8.75,0.75,9.25],"texture":"#0"}}},{"from":[3.5,1,-3],"to":[5,2,-1],"rotation":{"angle":-22.5,"axis":"z","origin":[4,2,-2.83333]},"faces":{"north":{"uv":[9.25,4.25,9.4375,4.375],"texture":"#0"},"east":{"uv":[9.25,4.375,9.5,4.5],"texture":"#0"},"south":{"uv":[9.25,4.5,9.4375,4.625],"texture":"#0"},"west":{"uv":[9.25,4.625,9.5,4.75],"texture":"#0"},"up":{"uv":[9.25,8.25,9,8],"texture":"#0"},"down":{"uv":[9.25,8.25,9.0625,8.5],"texture":"#0"}}},{"from":[11,2,-5],"to":[13,6,-1],"rotation":{"angle":22.5,"axis":"z","origin":[12,2,-2.83333]},"faces":{"north":{"uv":[7.875,8.625,7.625,9.125],"texture":"#0"},"east":{"uv":[6.25,7.75,5.75,8.25],"texture":"#0"},"south":{"uv":[8.125,8.625,7.875,9.125],"texture":"#0"},"west":{"uv":[5.75,7.75,5.25,8.25],"texture":"#0"},"up":{"uv":[8.625,9,8.875,8.5],"texture":"#0"},"down":{"uv":[0.75,8.75,1,9.25],"texture":"#0"}}},{"from":[11,1,-3],"to":[12.5,2,-1],"rotation":{"angle":22.5,"axis":"z","origin":[12,2,-2.83333]},"faces":{"north":{"uv":[9.4375,4.25,9.25,4.375],"texture":"#0"},"east":{"uv":[9.5,4.625,9.25,4.75],"texture":"#0"},"south":{"uv":[9.4375,4.5,9.25,4.625],"texture":"#0"},"west":{"uv":[9.5,4.375,9.25,4.5],"texture":"#0"},"up":{"uv":[9,8.25,9.25,8],"texture":"#0"},"down":{"uv":[9.0625,8.25,9.25,8.5],"texture":"#0"}}},{"from":[11,0,-6],"to":[12,1,-1],"rotation":{"angle":22.5,"axis":"z","origin":[12,2,-2.83333]},"faces":{"north":{"uv":[9.4375,5,9.3125,5.125],"texture":"#0"},"east":{"uv":[9.625,1,9,1.125],"texture":"#0"},"south":{"uv":[5.3125,9.25,5.1875,9.375],"texture":"#0"},"west":{"uv":[9.625,0.875,9,1],"texture":"#0"},"up":{"uv":[8.9375,3,9.0625,2.375],"texture":"#0"},"down":{"uv":[2.5625,8.875,2.6875,9.5],"texture":"#0"}}},{"from":[1,5,-10],"to":[1,25,24],"rotation":{"angle":45,"axis":"z","origin":[1,9,5]},"faces":{"north":{"uv":[0,0,0,2.5],"texture":"#0"},"east":{"uv":[0,0,4.25,2.5],"texture":"#0"},"south":{"uv":[0,0,0,2.5],"texture":"#0"},"west":{"uv":[0,2.5,4.25,5],"texture":"#0"},"up":{"uv":[0,4.25,0,0],"texture":"#0"},"down":{"uv":[0,0,0,4.25],"texture":"#0"}}},{"from":[15,5,-10],"to":[15,25,24],"rotation":{"angle":-45,"axis":"z","origin":[15,9,5]},"faces":{"north":{"uv":[0,0,0,2.5],"texture":"#0"},"east":{"uv":[4.25,0,8.5,2.5],"texture":"#0"},"south":{"uv":[0,0,0,2.5],"texture":"#0"},"west":{"uv":[4.25,2.5,8.5,5],"texture":"#0"},"up":{"uv":[0,4.25,0,0],"texture":"#0"},"down":{"uv":[0,0,0,4.25],"texture":"#0"}}},{"from":[5,2,11.75],"to":[11,7,15.75],"rotation":{"angle":22.5,"axis":"x","origin":[5,6,11.75]},"faces":{"north":{"uv":[6,6.125,6.75,6.75],"texture":"#0"},"east":{"uv":[5.375,7.125,5.875,7.75],"texture":"#0"},"south":{"uv":[0,6.25,0.75,6.875],"texture":"#0"},"west":{"uv":[5.875,7.125,6.375,7.75],"texture":"#0"},"up":{"uv":[2.75,7.125,2,6.625],"texture":"#0"},"down":{"uv":[3.5,6.625,2.75,7.125],"texture":"#0"}}},{"from":[6.5,4,-3],"to":[9.5,7,2],"rotation":{"angle":-22.5,"axis":"x","origin":[0,3,5]},"faces":{"north":{"uv":[1.625,7.25,2,7.625],"texture":"#0"},"east":{"uv":[7.75,6,8.375,6.375],"texture":"#0"},"south":{"uv":[3.125,8.5,3.5,8.875],"texture":"#0"},"west":{"uv":[6.75,7.875,7.375,8.25],"texture":"#0"},"up":{"uv":[7.75,8.5,7.375,7.875],"texture":"#0"},"down":{"uv":[8.25,7.375,7.875,8],"texture":"#0"}}},{"from":[5.5,2.5,0],"to":[10.5,6.5,12],"rotation":{"angle":0,"axis":"y","origin":[0,2,3]},"faces":{"north":{"uv":[7,6.875,7.625,7.375],"texture":"#0"},"east":{"uv":[1.25,5.625,2.75,6.125],"texture":"#0"},"south":{"uv":[2,7.125,2.625,7.625],"texture":"#0"},"west":{"uv":[5,5.625,6.5,6.125],"texture":"#0"},"up":{"uv":[4.375,6.5,3.75,5],"texture":"#0"},"down":{"uv":[5,5,4.375,6.5],"texture":"#0"}}},{"from":[3,3,2],"to":[13,7,7],"rotation":{"angle":0,"axis":"y","origin":[0,2,3]},"faces":{"north":{"uv":[1.25,6.125,2.5,6.625],"texture":"#0"},"east":{"uv":[2.625,7.125,3.25,7.625],"texture":"#0"},"south":{"uv":[2.5,6.125,3.75,6.625],"texture":"#0"},"west":{"uv":[4.75,7.125,5.375,7.625],"texture":"#0"},"up":{"uv":[6.25,5.625,5,5],"texture":"#0"},"down":{"uv":[1.25,5.625,0,6.25],"texture":"#0"}}},{"from":[8,5.25,0.75],"to":[8,10.25,15.75],"rotation":{"angle":0,"axis":"y","origin":[8,5.25,8.75]},"faces":{"north":{"uv":[0,0,0,0.625],"texture":"#0"},"east":{"uv":[0,5,1.875,5.625],"texture":"#0"},"south":{"uv":[0,0,0,0.625],"texture":"#0"},"west":{"uv":[1.875,5,3.75,5.625],"texture":"#0"},"up":{"uv":[0,1.875,0,0],"texture":"#0"},"down":{"uv":[0,0,0,1.875],"texture":"#0"}}},{"from":[6,6,3],"to":[6,10,10],"rotation":{"angle":22.5,"axis":"z","origin":[6,6,3]},"faces":{"north":{"uv":[0,0,0,0.5],"texture":"#0"},"east":{"uv":[2.75,5.625,3.625,6.125],"texture":"#0"},"south":{"uv":[0,0,0,0.5],"texture":"#0"},"west":{"uv":[6.25,5,7.125,5.5],"texture":"#0"},"up":{"uv":[0,0.875,0,0],"texture":"#0"},"down":{"uv":[0,0,0,0.875],"texture":"#0"}}},{"from":[10,6,3],"to":[10,10,10],"rotation":{"angle":-22.5,"axis":"z","origin":[10,6,3]},"faces":{"north":{"uv":[0,0,0,0.5],"texture":"#0"},"east":{"uv":[3.75,6.5,4.625,7],"texture":"#0"},"south":{"uv":[0,0,0,0.5],"texture":"#0"},"west":{"uv":[6.5,5.5,7.375,6],"texture":"#0"},"up":{"uv":[0,0.875,0,0],"texture":"#0"},"down":{"uv":[0,0,0,0.875],"texture":"#0"}}},{"from":[13,2.5,2.5],"to":[15,6.5,6.5],"rotation":{"angle":0,"axis":"y","origin":[14,2.5,2.5]},"faces":{"north":{"uv":[8.75,5,9,5.5],"texture":"#0"},"east":{"uv":[1,7.875,1.5,8.375],"texture":"#0"},"south":{"uv":[8.75,5.5,9,6],"texture":"#0"},"west":{"uv":[7.875,5.5,8.375,6],"texture":"#0"},"up":{"uv":[6.625,9.25,6.375,8.75],"texture":"#0"},"down":{"uv":[6.875,8.75,6.625,9.25],"texture":"#0"}}},{"from":[14,0,3.75],"to":[16,4,5.75],"rotation":{"angle":22.5,"axis":"x","origin":[16,0,5.75]},"faces":{"north":{"uv":[8.125,8.75,8.375,9.25],"texture":"#0"},"east":{"uv":[8.375,8.75,8.625,9.25],"texture":"#0"},"south":{"uv":[0,8.875,0.25,9.375],"texture":"#0"},"west":{"uv":[0.25,8.875,0.5,9.375],"texture":"#0"},"up":{"uv":[9.375,1.375,9.125,1.125],"texture":"#0"},"down":{"uv":[1.5,9.125,1.25,9.375],"texture":"#0"}}},{"from":[14.25,-0.25,2.75],"to":[15.75,1.25,5.75],"rotation":{"angle":0,"axis":"y","origin":[15,0.5,4.25]},"faces":{"north":{"uv":[3.75,9.25,3.9375,9.4375],"rotation":270,"texture":"#0"},"east":{"uv":[3.4375,7.5,3.25,7.125],"rotation":90,"texture":"#0"},"south":{"uv":[9.25,3.875,9.4375,4.0625],"rotation":90,"texture":"#0"},"west":{"uv":[7.0625,9,6.875,9.375],"rotation":90,"texture":"#0"},"up":{"uv":[6,9,6.375,9.1875],"rotation":90,"texture":"#0"},"down":{"uv":[9,5.75,9.375,5.9375],"rotation":90,"texture":"#0"}}},{"from":[14.25,-0.25,1.75],"to":[15.75,1.5,2.75],"rotation":{"angle":0,"axis":"y","origin":[16.25,-0.5,1.75]},"faces":{"north":{"uv":[1.5,9.25,1.6875,9.5],"texture":"#0"},"east":{"uv":[0.5,7.625,0.625,7.875],"texture":"#0"},"south":{"uv":[1.75,9.25,1.9375,9.5],"texture":"#0"},"west":{"uv":[3.125,7.625,3.25,7.875],"texture":"#0"},"up":{"uv":[5.5625,9.375,5.375,9.25],"texture":"#0"},"down":{"uv":[9.4375,5.375,9.25,5.5],"texture":"#0"}}},{"from":[14.5,1.5,1.25],"to":[15,1.75,2.25],"rotation":{"angle":0,"axis":"y","origin":[15.5,1.5,1.25]},"faces":{"north":{"uv":[9.375,6.25,9.4375,6.3125],"texture":"#0"},"east":{"uv":[9.25,8.375,9.375,8.4375],"texture":"#0"},"south":{"uv":[6.375,9.375,6.4375,9.4375],"texture":"#0"},"west":{"uv":[8.5,9.25,8.625,9.3125],"texture":"#0"},"up":{"uv":[9.3125,8.625,9.25,8.5],"texture":"#0"},"down":{"uv":[8.6875,9.25,8.625,9.375],"texture":"#0"}}},{"from":[15.25,1.5,1.25],"to":[15.75,1.75,2.25],"rotation":{"angle":0,"axis":"y","origin":[16.25,1.5,1.25]},"faces":{"north":{"uv":[9.375,6.375,9.4375,6.4375],"texture":"#0"},"east":{"uv":[9.25,8.625,9.375,8.6875],"texture":"#0"},"south":{"uv":[6.5,9.375,6.5625,9.4375],"texture":"#0"},"west":{"uv":[8.75,9.25,8.875,9.3125],"texture":"#0"},"up":{"uv":[9.3125,8.875,9.25,8.75],"texture":"#0"},"down":{"uv":[0.0625,9.375,0,9.5],"texture":"#0"}}},{"from":[15.25,0.86612,0.96967],"to":[15.75,1.11612,1.71967],"rotation":{"angle":-45,"axis":"x","origin":[16.25,0.86612,0.71967]},"faces":{"north":{"uv":[9.375,6.5,9.4375,6.5625],"texture":"#0"},"east":{"uv":[0.125,9.375,0.25,9.4375],"texture":"#0"},"south":{"uv":[6.625,9.375,6.6875,9.4375],"texture":"#0"},"west":{"uv":[0.25,9.375,0.375,9.4375],"texture":"#0"},"up":{"uv":[0.4375,9.5,0.375,9.375],"texture":"#0"},"down":{"uv":[0.5625,9.375,0.5,9.5],"texture":"#0"}}},{"from":[13.88388,0.5,0.46967],"to":[14.63388,1,0.71967],"rotation":{"angle":45,"axis":"y","origin":[14.88388,0,0.71967]},"faces":{"north":{"uv":[9.375,6.625,9.4375,6.6875],"texture":"#0"},"east":{"uv":[6.75,9.375,6.8125,9.4375],"texture":"#0"},"south":{"uv":[9.375,6.75,9.4375,6.8125],"texture":"#0"},"west":{"uv":[6.875,9.375,6.9375,9.4375],"texture":"#0"},"up":{"uv":[9.4375,6.9375,9.375,6.875],"texture":"#0"},"down":{"uv":[7.0625,9.375,7,9.4375],"texture":"#0"}}},{"from":[14,0.5,1.25],"to":[14.25,1,2.25],"rotation":{"angle":0,"axis":"y","origin":[14.25,0,1.25]},"faces":{"north":{"uv":[9.375,7,9.4375,7.0625],"texture":"#0"},"east":{"uv":[0.625,9.375,0.75,9.4375],"texture":"#0"},"south":{"uv":[7.125,9.375,7.1875,9.4375],"texture":"#0"},"west":{"uv":[9.375,1.125,9.5,1.1875],"texture":"#0"},"up":{"uv":[1.3125,9.5,1.25,9.375],"texture":"#0"},"down":{"uv":[9.4375,1.25,9.375,1.375],"texture":"#0"}}},{"from":[14.5,0.86612,0.96967],"to":[15,1.11612,1.71967],"rotation":{"angle":-45,"axis":"x","origin":[15.5,0.86612,0.71967]},"faces":{"north":{"uv":[9.375,7.125,9.4375,7.1875],"texture":"#0"},"east":{"uv":[1.375,9.375,1.5,9.4375],"texture":"#0"},"south":{"uv":[7.25,9.375,7.3125,9.4375],"texture":"#0"},"west":{"uv":[9.375,2.125,9.5,2.1875],"texture":"#0"},"up":{"uv":[9.4375,2.375,9.375,2.25],"texture":"#0"},"down":{"uv":[9.4375,2.375,9.375,2.5],"texture":"#0"}}},{"from":[14.75,-0.13635,1.17179],"to":[15.25,0.11365,1.67179],"rotation":{"angle":22.5,"axis":"x","origin":[15.75,0.11365,0.67179]},"faces":{"north":{"uv":[7.375,9.375,7.4375,9.4375],"texture":"#0"},"east":{"uv":[9.375,7.375,9.4375,7.4375],"texture":"#0"},"south":{"uv":[7.5,9.375,7.5625,9.4375],"texture":"#0"},"west":{"uv":[9.375,7.5,9.4375,7.5625],"texture":"#0"},"up":{"uv":[7.6875,9.4375,7.625,9.375],"texture":"#0"},"down":{"uv":[9.4375,7.625,9.375,7.6875],"texture":"#0"}}},{"from":[14.75,-0.5,1.5],"to":[15.25,-0.25,2.5],"rotation":{"angle":0,"axis":"y","origin":[15.75,-0.25,1.5]},"faces":{"north":{"uv":[7.75,9.375,7.8125,9.4375],"texture":"#0"},"east":{"uv":[9.375,2.5,9.5,2.5625],"texture":"#0"},"south":{"uv":[9.375,7.75,9.4375,7.8125],"texture":"#0"},"west":{"uv":[9.375,2.625,9.5,2.6875],"texture":"#0"},"up":{"uv":[2.8125,9.5,2.75,9.375],"texture":"#0"},"down":{"uv":[9.4375,2.75,9.375,2.875],"texture":"#0"}}},{"from":[1,2.5,2.5],"to":[3,6.5,6.5],"rotation":{"angle":0,"axis":"y","origin":[2,2.5,2.5]},"faces":{"north":{"uv":[9,5,8.75,5.5],"texture":"#0"},"east":{"uv":[8.375,5.5,7.875,6],"texture":"#0"},"south":{"uv":[9,5.5,8.75,6],"texture":"#0"},"west":{"uv":[1.5,7.875,1,8.375],"texture":"#0"},"up":{"uv":[6.375,9.25,6.625,8.75],"texture":"#0"},"down":{"uv":[6.625,8.75,6.875,9.25],"texture":"#0"}}},{"from":[0,0,3.75],"to":[2,4,5.75],"rotation":{"angle":22.5,"axis":"x","origin":[0,0,5.75]},"faces":{"north":{"uv":[8.375,8.75,8.125,9.25],"texture":"#0"},"east":{"uv":[0.5,8.875,0.25,9.375],"texture":"#0"},"south":{"uv":[0.25,8.875,0,9.375],"texture":"#0"},"west":{"uv":[8.625,8.75,8.375,9.25],"texture":"#0"},"up":{"uv":[9.125,1.375,9.375,1.125],"texture":"#0"},"down":{"uv":[1.25,9.125,1.5,9.375],"texture":"#0"}}},{"from":[0.25,-0.25,2.75],"to":[1.75,1.25,5.75],"rotation":{"angle":0,"axis":"y","origin":[1,0.5,4.25]},"faces":{"north":{"uv":[3.75,9.4375,3.9375,9.25],"rotation":270,"texture":"#0"},"east":{"uv":[7.0625,9.375,6.875,9],"rotation":90,"texture":"#0"},"south":{"uv":[9.25,4.0625,9.4375,3.875],"rotation":90,"texture":"#0"},"west":{"uv":[3.4375,7.125,3.25,7.5],"rotation":90,"texture":"#0"},"up":{"uv":[6,9.1875,6.375,9],"rotation":90,"texture":"#0"},"down":{"uv":[9,5.9375,9.375,5.75],"rotation":90,"texture":"#0"}}},{"from":[0.25,-0.25,1.75],"to":[1.75,1.5,2.75],"rotation":{"angle":0,"axis":"y","origin":[-0.25,-0.5,1.75]},"faces":{"north":{"uv":[1.6875,9.25,1.5,9.5],"texture":"#0"},"east":{"uv":[3.25,7.625,3.125,7.875],"texture":"#0"},"south":{"uv":[1.9375,9.25,1.75,9.5],"texture":"#0"},"west":{"uv":[0.625,7.625,0.5,7.875],"texture":"#0"},"up":{"uv":[5.375,9.375,5.5625,9.25],"texture":"#0"},"down":{"uv":[9.25,5.375,9.4375,5.5],"texture":"#0"}}},{"from":[1,1.5,1.25],"to":[1.5,1.75,2.25],"rotation":{"angle":0,"axis":"y","origin":[0.5,1.5,1.25]},"faces":{"north":{"uv":[9.4375,6.25,9.375,6.3125],"texture":"#0"},"east":{"uv":[8.625,9.25,8.5,9.3125],"texture":"#0"},"south":{"uv":[6.4375,9.375,6.375,9.4375],"texture":"#0"},"west":{"uv":[9.375,8.375,9.25,8.4375],"texture":"#0"},"up":{"uv":[9.25,8.625,9.3125,8.5],"texture":"#0"},"down":{"uv":[8.625,9.25,8.6875,9.375],"texture":"#0"}}},{"from":[0.25,1.5,1.25],"to":[0.75,1.75,2.25],"rotation":{"angle":0,"axis":"y","origin":[-0.25,1.5,1.25]},"faces":{"north":{"uv":[9.4375,6.375,9.375,6.4375],"texture":"#0"},"east":{"uv":[8.875,9.25,8.75,9.3125],"texture":"#0"},"south":{"uv":[6.5625,9.375,6.5,9.4375],"texture":"#0"},"west":{"uv":[9.375,8.625,9.25,8.6875],"texture":"#0"},"up":{"uv":[9.25,8.875,9.3125,8.75],"texture":"#0"},"down":{"uv":[0,9.375,0.0625,9.5],"texture":"#0"}}},{"from":[0.25,0.86612,0.96967],"to":[0.75,1.11612,1.71967],"rotation":{"angle":-45,"axis":"x","origin":[-0.25,0.86612,0.71967]},"faces":{"north":{"uv":[9.4375,6.5,9.375,6.5625],"texture":"#0"},"east":{"uv":[0.375,9.375,0.25,9.4375],"texture":"#0"},"south":{"uv":[6.6875,9.375,6.625,9.4375],"texture":"#0"},"west":{"uv":[0.25,9.375,0.125,9.4375],"texture":"#0"},"up":{"uv":[0.375,9.5,0.4375,9.375],"texture":"#0"},"down":{"uv":[0.5,9.375,0.5625,9.5],"texture":"#0"}}},{"from":[1.36612,0.5,0.46967],"to":[2.11612,1,0.71967],"rotation":{"angle":-45,"axis":"y","origin":[1.11612,0,0.71967]},"faces":{"north":{"uv":[9.4375,6.625,9.375,6.6875],"texture":"#0"},"east":{"uv":[6.9375,9.375,6.875,9.4375],"texture":"#0"},"south":{"uv":[9.4375,6.75,9.375,6.8125],"texture":"#0"},"west":{"uv":[6.8125,9.375,6.75,9.4375],"texture":"#0"},"up":{"uv":[9.375,6.9375,9.4375,6.875],"texture":"#0"},"down":{"uv":[7,9.375,7.0625,9.4375],"texture":"#0"}}},{"from":[1.75,0.5,1.25],"to":[2,1,2.25],"rotation":{"angle":0,"axis":"y","origin":[1.75,0,1.25]},"faces":{"north":{"uv":[9.4375,7,9.375,7.0625],"texture":"#0"},"east":{"uv":[9.5,1.125,9.375,1.1875],"texture":"#0"},"south":{"uv":[7.1875,9.375,7.125,9.4375],"texture":"#0"},"west":{"uv":[0.75,9.375,0.625,9.4375],"texture":"#0"},"up":{"uv":[1.25,9.5,1.3125,9.375],"texture":"#0"},"down":{"uv":[9.375,1.25,9.4375,1.375],"texture":"#0"}}},{"from":[1,0.86612,0.96967],"to":[1.5,1.11612,1.71967],"rotation":{"angle":-45,"axis":"x","origin":[0.5,0.86612,0.71967]},"faces":{"north":{"uv":[9.4375,7.125,9.375,7.1875],"texture":"#0"},"east":{"uv":[9.5,2.125,9.375,2.1875],"texture":"#0"},"south":{"uv":[7.3125,9.375,7.25,9.4375],"texture":"#0"},"west":{"uv":[1.5,9.375,1.375,9.4375],"texture":"#0"},"up":{"uv":[9.375,2.375,9.4375,2.25],"texture":"#0"},"down":{"uv":[9.375,2.375,9.4375,2.5],"texture":"#0"}}},{"from":[0.75,-0.13635,1.17179],"to":[1.25,0.11365,1.67179],"rotation":{"angle":22.5,"axis":"x","origin":[0.25,0.11365,0.67179]},"faces":{"north":{"uv":[7.4375,9.375,7.375,9.4375],"texture":"#0"},"east":{"uv":[9.4375,7.5,9.375,7.5625],"texture":"#0"},"south":{"uv":[7.5625,9.375,7.5,9.4375],"texture":"#0"},"west":{"uv":[9.4375,7.375,9.375,7.4375],"texture":"#0"},"up":{"uv":[7.625,9.4375,7.6875,9.375],"texture":"#0"},"down":{"uv":[9.375,7.625,9.4375,7.6875],"texture":"#0"}}},{"from":[0.75,-0.5,1.5],"to":[1.25,-0.25,2.5],"rotation":{"angle":0,"axis":"y","origin":[0.25,-0.25,1.5]},"faces":{"north":{"uv":[7.8125,9.375,7.75,9.4375],"texture":"#0"},"east":{"uv":[9.5,2.625,9.375,2.6875],"texture":"#0"},"south":{"uv":[9.4375,7.75,9.375,7.8125],"texture":"#0"},"west":{"uv":[9.5,2.5,9.375,2.5625],"texture":"#0"},"up":{"uv":[2.75,9.5,2.8125,9.375],"texture":"#0"},"down":{"uv":[9.375,2.75,9.4375,2.875],"texture":"#0"}}},{"from":[11.5,-5,15.75],"to":[12,-4,16.25],"rotation":{"angle":0,"axis":"y","origin":[12.5,-4.75,15.25]},"faces":{"north":{"uv":[8.6875,5,8.625,5.125],"texture":"#0"},"east":{"uv":[2.5625,8.75,2.5,8.875],"texture":"#0"},"south":{"uv":[8.6875,5.25,8.625,5.375],"texture":"#0"},"west":{"uv":[8.6875,5.125,8.625,5.25],"texture":"#0"},"up":{"uv":[3.125,9.4375,3.1875,9.375],"texture":"#0"},"down":{"uv":[9.375,3.125,9.4375,3.1875],"texture":"#0"}}},{"from":[11.25,-1.75,12],"to":[12.75,0.25,17.5],"rotation":{"angle":45,"axis":"x","origin":[12.25,0.25,16]},"faces":{"north":{"uv":[9.3125,2.125,9.125,2.375],"texture":"#0"},"east":{"uv":[5.8125,8.25,5.125,8.5],"texture":"#0"},"south":{"uv":[9.3125,2.375,9.125,2.625],"texture":"#0"},"west":{"uv":[8.8125,7.125,8.125,7.375],"texture":"#0"},"up":{"uv":[1.25,9.0625,1.4375,8.375],"texture":"#0"},"down":{"uv":[8.5,3.5,8.6875,4.1875],"texture":"#0"}}},{"from":[11,-0.5,14],"to":[12.5,5,16],"rotation":{"angle":0,"axis":"y","origin":[12,1,16]},"faces":{"north":{"uv":[4.0625,8.5,3.875,9.1875],"texture":"#0"},"east":{"uv":[6.375,8.25,6.125,8.9375],"texture":"#0"},"south":{"uv":[4.3125,8.5,4.125,9.1875],"texture":"#0"},"west":{"uv":[6.125,8.25,5.875,8.9375],"texture":"#0"},"up":{"uv":[9.125,3.375,9.3125,3.125],"texture":"#0"},"down":{"uv":[9.125,6,9.3125,6.25],"texture":"#0"}}},{"from":[11,-4.5,13],"to":[12.5,-1,15],"rotation":{"angle":22.5,"axis":"x","origin":[12,-5,15]},"faces":{"north":{"uv":[9.1875,3.5,9,3.9375],"texture":"#0"},"east":{"uv":[3.5,8.875,3.25,9.3125],"texture":"#0"},"south":{"uv":[9.1875,4,9,4.4375],"texture":"#0"},"west":{"uv":[9.125,3,8.875,3.4375],"texture":"#0"},"up":{"uv":[9.125,2.875,9.3125,2.625],"texture":"#0"},"down":{"uv":[9.125,2.875,9.3125,3.125],"texture":"#0"}}},{"from":[10.75,-4.75,12.25],"to":[12.75,-3.75,15.75],"rotation":{"angle":0,"axis":"y","origin":[12.75,-4.75,11.75]},"faces":{"north":{"uv":[6.5,5.5,6.25,5.625],"texture":"#0"},"east":{"uv":[9.5625,1.5,9.125,1.625],"texture":"#0"},"south":{"uv":[6.75,6,6.5,6.125],"texture":"#0"},"west":{"uv":[9.5625,1.375,9.125,1.5],"texture":"#0"},"up":{"uv":[2.75,9.3125,3,8.875],"texture":"#0"},"down":{"uv":[3,8.875,3.25,9.3125],"texture":"#0"}}},{"from":[12,-5,11.75],"to":[12.5,-4,12.25],"rotation":{"angle":0,"axis":"y","origin":[13,-4.75,11.25]},"faces":{"north":{"uv":[6.8125,7.75,6.75,7.875],"texture":"#0"},"east":{"uv":[7.8125,7.875,7.75,8],"texture":"#0"},"south":{"uv":[3.1875,7.875,3.125,8],"texture":"#0"},"west":{"uv":[1.5625,7.875,1.5,8],"texture":"#0"},"up":{"uv":[2.875,9.4375,2.9375,9.375],"texture":"#0"},"down":{"uv":[9.375,2.875,9.4375,2.9375],"texture":"#0"}}},{"from":[11,-5,11.75],"to":[11.5,-4,12.25],"rotation":{"angle":0,"axis":"y","origin":[12,-4.75,11.25]},"faces":{"north":{"uv":[1.5625,8,1.5,8.125],"texture":"#0"},"east":{"uv":[7.6875,8.5,7.625,8.625],"texture":"#0"},"south":{"uv":[5.1875,8.125,5.125,8.25],"texture":"#0"},"west":{"uv":[4.6875,8,4.625,8.125],"texture":"#0"},"up":{"uv":[3,9.4375,3.0625,9.375],"texture":"#0"},"down":{"uv":[9.375,3,9.4375,3.0625],"texture":"#0"}}},{"from":[10.75,2,10.5],"to":[13,7,14.5],"rotation":{"angle":22.5,"axis":"x","origin":[12,2,10.5]},"faces":{"north":{"uv":[8.0625,8,7.75,8.625],"texture":"#0"},"east":{"uv":[1.125,7.25,0.625,7.875],"texture":"#0"},"south":{"uv":[1.8125,8.125,1.5,8.75],"texture":"#0"},"west":{"uv":[6.875,7.125,6.375,7.75],"texture":"#0"},"up":{"uv":[8.5,1.625,8.8125,1.125],"texture":"#0"},"down":{"uv":[8.5,1.625,8.8125,2.125],"texture":"#0"}}}]}